source_state,S.No.,District code,District Name,Subdistrict Code,Subdistrict Version,Subdistrict Name,Subdistrict Name_1,Census 2001 Code,Census 2011 Code
Andaman and Nicobar Islands,,,,,,(In English),(In Local),,
Andaman and Nicobar Islands,1,603,Nicobars,5916,1,Car Nicobar,,0,05916
Andaman and Nicobar Islands,2,632,North And Middle Andaman,5919,1,Diglipur,,0,05919
Andaman and Nicobar Islands,3,602,South Andamans,5922,1,Ferrargunj,,0,05922
Andaman and Nicobar Islands,4,603,Nicobars,5918,1,Great Nicobar,,0,05918
Andaman and Nicobar Islands,5,602,South Andamans,5924,1,Little Andaman,,0,05924
Andaman and Nicobar Islands,6,632,North And Middle Andaman,5920,1,Mayabunder,,0,05920
Andaman and Nicobar Islands,7,603,Nicobars,5917,1,Nancowry,,0,05917
Andaman and Nicobar Islands,8,602,South Andamans,5923,1,Port Blair,,0,05923
Andaman and Nicobar Islands,9,632,North And Middle Andaman,5921,1,Rangat,,0,05921
Andaman and Nicobar Islands,,,,,,,,,
Andaman and Nicobar Islands,"Sep 5, 2026, 6:24 PM",,,,,,,,
Andhra Pradesh,,,,,,(In English),(In Local),,
Andhra Pradesh,1,523,West Godavari,4981,1,Achanta,,38,04981
Andhra Pradesh,2,517,Prakasam,5112,3,Addanki,,16,05112
Andhra Pradesh,3,791,Polavaram,4887,3,Addateegala,,4,04887
Andhra Pradesh,4,511,Kurnool,5271,2,Adoni,,22,05271
Andhra Pradesh,5,511,Kurnool,7563,1,Adoni-2,Adoni-2,,00000
Andhra Pradesh,6,754,Sri Sathya Sai,5354,2,Agali,,51,05354
Andhra Pradesh,7,748,Eluru,5005,3,Agiripalli,Agiripalli,16,05005
Andhra Pradesh,8,747,Dr. B.R. Ambedkar Konaseema,4933,2,Ainavilli,,49,04933
Andhra Pradesh,9,523,West Godavari,4975,1,Akividu,,32,04975
Andhra Pradesh,10,747,Dr. B.R. Ambedkar Konaseema,4925,2,Alamuru,,41,04925
Andhra Pradesh,11,755,Nandyal,5298,2,Allagadda,,49,05298
Andhra Pradesh,12,747,Dr. B.R. Ambedkar Konaseema,4940,2,Allavaram,,56,04940
Andhra Pradesh,13,515,Sri Potti Sriramulu Nellore,5167,1,Allur,,15,05167
Andhra Pradesh,14,511,Kurnool,5274,1,Alur,,25,05274
Andhra Pradesh,15,754,Sri Sathya Sai,5361,2,Amadagur,,58,05361
Andhra Pradesh,16,519,Srikakulam,4798,1,Amadalavalasa,,30,04798
Andhra Pradesh,17,747,Dr. B.R. Ambedkar Konaseema,4941,2,Amalapuram,,57,04941
Andhra Pradesh,18,754,Sri Sathya Sai,5351,2,Amarapuram,,48,05351
Andhra Pradesh,19,751,Palnadu,5052,2,Amaravathi,,13,05052
Andhra Pradesh,20,750,Bapatla,5086,3,Amarthalur,Amarthalur,47,05086
Andhra Pradesh,21,747,Dr. B.R. Ambedkar Konaseema,4935,2,Ambajipeta,,51,04935
Andhra Pradesh,22,744,Anakapalli,4871,3,Anakapalli,Anakapalli,31,04871
Andhra Pradesh,23,520,Visakhapatnam,4863,1,Anandapuram,,23,04863
Andhra Pradesh,24,502,Ananthapuramu,5330,5,Anantapur Rural,Anantapur Rural,27,05330
Andhra Pradesh,25,502,Ananthapuramu,7426,4,Anantapur Urban,Anantapur Urban,,00000
Andhra Pradesh,26,745,Alluri Sitharama Raju,4845,2,Ananthagiri,,5,04845
Andhra Pradesh,27,515,Sri Potti Sriramulu Nellore,5173,1,Ananthasagaram,,21,05173
Andhra Pradesh,28,505,East Godavari,4917,2,Anaparthi,Anaparthi,33,04917
Andhra Pradesh,29,515,Sri Potti Sriramulu Nellore,5165,1,Anumasamudrampeta,,13,05165
Andhra Pradesh,30,745,Alluri Sitharama Raju,4844,2,Araku Valley,,4,04844
Andhra Pradesh,31,790,Markapuram,5116,2,Ardhaveedu,,20,05116
Andhra Pradesh,32,511,Kurnool,5275,1,Aspari,,26,05275
Andhra Pradesh,33,751,Palnadu,5050,2,Atchampet,,11,05050
Andhra Pradesh,34,744,Anakapalli,4878,3,Atchuthapuram,Atchuthapuram,38,04878
Andhra Pradesh,35,749,Ntr,4998,3,Atlapragada Konduru,Atlapragada Konduru,9,04998
Andhra Pradesh,36,504,Y.S.R. Kadapa,5227,1,Atlur,,29,05227
Andhra Pradesh,37,502,Ananthapuramu,5322,1,Atmakur,,19,05322
Andhra Pradesh,38,515,Sri Potti Sriramulu Nellore,5164,1,Atmakur,,12,05164
Andhra Pradesh,39,755,Nandyal,5265,2,Atmakur,,16,05265
Andhra Pradesh,40,747,Dr. B.R. Ambedkar Konaseema,4919,2,Atreyapuram,,35,04919
Andhra Pradesh,41,523,West Godavari,4973,1,Attili,,30,04973
Andhra Pradesh,42,510,Krishna,5037,1,Avanigadda,,48,05037
Andhra Pradesh,43,521,Vizianagaram,4820,1,Badangi,,14,04820
Andhra Pradesh,44,504,Y.S.R. Kadapa,5210,1,Badvel,,12,05210
Andhra Pradesh,45,503,Chittoor,5423,1,Baireddipalle,,57,05423
Andhra Pradesh,46,752,Tirupati,5188,3,Balayapalli,బాలయపల్లి,36,05188
Andhra Pradesh,47,743,Parvathipuram Manyam,4815,2,Balijipeta,,9,04815
Andhra Pradesh,48,517,Prakasam,5105,3,Ballikurava,,9,05105
Andhra Pradesh,49,755,Nandyal,5288,3,Banaganapalli,బనగానపల్లి,39,05288
Andhra Pradesh,50,755,Nandyal,5283,2,Bandi Atmakur,,34,05283
Andhra Pradesh,51,503,Chittoor,5429,1,Bangarupalem,,63,05429
Andhra Pradesh,52,510,Krishna,5019,1,Bantumilli,,30,05019
Andhra Pradesh,53,750,Bapatla,5093,2,Bapatla,,54,05093
Andhra Pradesh,54,510,Krishna,5004,1,Bapulapadu,,15,05004
Andhra Pradesh,55,754,Sri Sathya Sai,5337,3,Bathalapalli,బత్తలపల్లి,34,05337
Andhra Pradesh,56,753,Annamayya,5391,3,Beerongi Kothakota,బీరంగి కొత్తకోట,25,05391
Andhra Pradesh,57,751,Palnadu,5049,2,Bellamkonda,,10,05049
Andhra Pradesh,58,502,Ananthapuramu,5318,1,Beluguppa,,15,05318
Andhra Pradesh,59,790,Markapuram,5131,3,Bestavaripeta,బేస్తవారిపేట,35,05131
Andhra Pradesh,60,755,Nandyal,5279,2,Bethamcherla,,30,05279
Andhra Pradesh,61,743,Parvathipuram Manyam,4771,2,Bhamini,,3,04771
Andhra Pradesh,62,750,Bapatla,5089,2,Bhattiprolu,,50,05089
Andhra Pradesh,63,748,Eluru,4963,3,Bheemadole,Bheemadole,20,04963
Andhra Pradesh,64,520,Visakhapatnam,4865,1,Bheemunipatnam,,25,04865
Andhra Pradesh,65,523,West Godavari,4984,1,Bhimavaram,,41,04984
Andhra Pradesh,66,521,Vizianagaram,4840,1,Bhogapuram,,34,04840
Andhra Pradesh,67,505,East Godavari,4916,1,Biccavolu,,32,04916
Andhra Pradesh,68,504,Y.S.R. Kadapa,5209,1,B.Kodur,,11,05209
Andhra Pradesh,69,521,Vizianagaram,4816,1,Bobbili,,10,04816
Andhra Pradesh,70,515,Sri Potti Sriramulu Nellore,5159,1,Bogole,,7,05159
Andhra Pradesh,71,751,Palnadu,5061,3,Bollapalli,బొల్లాపల్లి,22,05061
Andhra Pradesh,72,502,Ananthapuramu,5307,1,Bommanahal,,4,05307
Andhra Pradesh,73,521,Vizianagaram,4829,2,Bondapalli,బొండపల్లి,23,04829
Andhra Pradesh,74,504,Y.S.R. Kadapa,5205,1,Brahmamgarimattam,,7,05205
Andhra Pradesh,75,502,Ananthapuramu,5320,1,Brahmasamudram,,17,05320
Andhra Pradesh,76,752,Tirupati,5380,2,Buchinaidu Kandriga,,14,05380
Andhra Pradesh,77,515,Sri Potti Sriramulu Nellore,5170,1,Buchireddipalem,,18,05170
Andhra Pradesh,78,754,Sri Sathya Sai,5345,2,Bukkapatnam,,42,05345
Andhra Pradesh,79,502,Ananthapuramu,5329,1,Bukkaraya Samudram,,26,05329
Andhra Pradesh,80,519,Srikakulam,4794,1,Burja,,26,04794
Andhra Pradesh,81,744,Anakapalli,4873,2,Butchayyapeta,,33,04873
Andhra Pradesh,82,748,Eluru,4948,2,Buttayagudem,,5,04948
Andhra Pradesh,83,511,Kurnool,5256,1,C.Belagal,,7,05256
Andhra Pradesh,84,755,Nandyal,5303,2,Chagalamarri,,54,05303
Andhra Pradesh,85,505,East Godavari,4959,2,Chagallu,,16,04959
Andhra Pradesh,86,504,Y.S.R. Kadapa,5234,1,Chakrayapet,,36,05234
Andhra Pradesh,87,510,Krishna,5035,2,Challapalli,చల్లపల్లి,46,05035
Andhra Pradesh,88,749,Ntr,5008,2,Chandarlapadu,,19,05008
Andhra Pradesh,89,752,Tirupati,5384,2,Chandragiri,,18,05384
Andhra Pradesh,90,790,Markapuram,5145,2,Chandra Sekhara Puram,,49,05145
Andhra Pradesh,91,504,Y.S.R. Kadapa,5213,1,Chapad,,15,05213
Andhra Pradesh,92,748,Eluru,5001,2,Chatrai,,12,05001
Andhra Pradesh,93,506,Guntur,5079,1,Chebrolu,,40,05079
Andhra Pradesh,94,744,Anakapalli,4858,2,Cheedikada,,18,04858
Andhra Pradesh,95,521,Vizianagaram,4827,2,Cheepurupalli,Cheepurupalli,21,04827
Andhra Pradesh,96,515,Sri Potti Sriramulu Nellore,5172,1,Chejerla,,20,05172
Andhra Pradesh,97,754,Sri Sathya Sai,5347,3,Chennekothapalli,చెన్నేకొత్తపల్లి,44,05347
Andhra Pradesh,98,504,Y.S.R. Kadapa,5226,1,Chennur,,28,05226
Andhra Pradesh,99,750,Bapatla,5090,3,Cherukupalli,Cherukupalli,51,05090
Andhra Pradesh,100,751,Palnadu,5070,2,Chilakaluripet H/O.Purushotha Patnam,,31,05070
Andhra Pradesh,101,754,Sri Sathya Sai,5366,2,Chilamathur,,63,05366
Andhra Pradesh,102,515,Sri Potti Sriramulu Nellore,5190,3,Chillakur,,38,05190
Andhra Pradesh,103,517,Prakasam,5128,2,Chimakurthy,చీమకుర్తి,32,05128
Andhra Pradesh,104,750,Bapatla,5125,2,Chinaganjam,,29,05125
Andhra Pradesh,105,752,Tirupati,5385,2,Chinnagottigallu,,19,05385
Andhra Pradesh,106,753,Annamayya,5236,2,Chinnamandem,,38,05236
Andhra Pradesh,107,748,Eluru,4944,2,Chintalapudi,,1,04944
Andhra Pradesh,108,504,Y.S.R. Kadapa,5231,1,Chinthakommadinne,,33,05231
Andhra Pradesh,109,745,Alluri Sitharama Raju,4849,3,Chinthapalli,Chinthapalli,9,04849
Andhra Pradesh,110,791,Polavaram,4732,5,Chinturu,Chinturu,10,04732
Andhra Pradesh,111,511,Kurnool,5291,1,Chippagiri,,42,05291
Andhra Pradesh,112,750,Bapatla,5123,2,Chirala,,27,05123
Andhra Pradesh,113,752,Tirupati,5193,2,Chittamur,,41,05193
Andhra Pradesh,114,503,Chittoor,5421,5,Chittoor Rural,Chittoor Rural,55,05421
Andhra Pradesh,115,503,Chittoor,7427,4,Chittoor Urban,Chittoor Urban,,00000
Andhra Pradesh,116,752,Tirupati,5245,3,Chitvel,,47,05245
Andhra Pradesh,117,744,Anakapalli,4872,2,Chodavaram,,32,04872
Andhra Pradesh,118,753,Annamayya,5413,2,Chowdepalle,,47,05413
Andhra Pradesh,119,790,Markapuram,5117,2,Cumbum,,21,05117
Andhra Pradesh,120,751,Palnadu,5045,3,Dachepalli,దాచేపల్లి,6,05045
Andhra Pradesh,121,515,Sri Potti Sriramulu Nellore,5166,1,Dagadarthi,,14,05166
Andhra Pradesh,122,752,Tirupati,5186,2,Dakkili,,34,05186
Andhra Pradesh,123,517,Prakasam,5114,1,Darsi,,18,05114
Andhra Pradesh,124,521,Vizianagaram,4823,1,Dattirajeru,,17,04823
Andhra Pradesh,125,748,Eluru,4967,2,Denduluru,,24,04967
Andhra Pradesh,126,521,Vizianagaram,4839,1,Denkada,,33,04839
Andhra Pradesh,127,511,Kurnool,5276,1,Devanakonda,,27,05276
Andhra Pradesh,128,505,East Godavari,4957,2,Devarapalle,,14,04957
Andhra Pradesh,129,744,Anakapalli,4859,3,Devarapalli,Devarapalli,19,04859
Andhra Pradesh,130,791,Polavaram,4885,3,Devipatnam,,2,04885
Andhra Pradesh,131,754,Sri Sathya Sai,5336,2,Dharmavaram,,33,05336
Andhra Pradesh,132,502,Ananthapuramu,5304,1,D.Hirehal,,1,05304
Andhra Pradesh,133,755,Nandyal,5289,2,Dhone,,40,05289
Andhra Pradesh,134,517,Prakasam,5102,1,Donakonda,,6,05102
Andhra Pradesh,135,752,Tirupati,5196,2,Doravarisatram,,44,05196
Andhra Pradesh,136,790,Markapuram,5100,2,Dornala,,4,05100
Andhra Pradesh,137,755,Nandyal,5299,2,Dornipadu,,50,05299
Andhra Pradesh,138,506,Guntur,5076,1,Duggirala,,37,05076
Andhra Pradesh,139,745,Alluri Sitharama Raju,4843,2,Dumbriguda,,3,04843
Andhra Pradesh,140,751,Palnadu,5042,2,Durgi,,3,05042
Andhra Pradesh,141,515,Sri Potti Sriramulu Nellore,5162,1,Duttalur,,10,05162
Andhra Pradesh,142,504,Y.S.R. Kadapa,5203,1,Duvvur,,5,05203
Andhra Pradesh,143,748,Eluru,4955,2,Dwarakatirumala,,12,04955
Andhra Pradesh,144,751,Palnadu,5071,2,Edlapadu,,32,05071
Andhra Pradesh,145,748,Eluru,4966,6,Eluru Rural,Eluru Rural,23,04966
Andhra Pradesh,146,748,Eluru,7428,4,Eluru Urban,Eluru Urban,,00000
Andhra Pradesh,147,519,Srikakulam,4806,1,Etcherla,,38,04806
Andhra Pradesh,148,749,Ntr,5006,3,Gaddamanugu Konduru,గడ్డమనుగు కొండూరు,17,05006
Andhra Pradesh,149,755,Nandyal,5281,2,Gadivemula,,32,05281
Andhra Pradesh,150,521,Vizianagaram,4825,1,Gajapathinagaram,,19,04825
Andhra Pradesh,151,520,Visakhapatnam,4869,1,Gajuwaka,,29,04869
Andhra Pradesh,152,753,Annamayya,5235,2,Galiveedu,,37,05235
Andhra Pradesh,153,749,Ntr,4996,3,Gampalagudem,,7,04996
Andhra Pradesh,154,523,West Godavari,4974,3,Ganapavaram,,31,04974
Andhra Pradesh,155,746,Kakinada,4904,3,Gandepalli,Gandepalli,20,04904
Andhra Pradesh,156,754,Sri Sathya Sai,5342,2,Gandlapenta,,39,05342
Andhra Pradesh,157,503,Chittoor,5420,1,Gangadhara Nellore,,54,05420
Andhra Pradesh,158,503,Chittoor,5417,1,Gangavaram,,51,05417
Andhra Pradesh,159,791,Polavaram,4894,3,Gangavaram,,10,04894
Andhra Pradesh,160,519,Srikakulam,4797,1,Ganguvarisigadam,,29,04797
Andhra Pradesh,161,510,Krishna,5012,1,Gannavaram,,23,05012
Andhra Pradesh,162,521,Vizianagaram,4830,1,Gantyada,,24,04830
Andhra Pradesh,163,519,Srikakulam,4801,1,Gara,,33,04801
Andhra Pradesh,164,521,Vizianagaram,4826,1,Garividi,,20,04826
Andhra Pradesh,165,502,Ananthapuramu,5324,1,Garladinne,,21,05324
Andhra Pradesh,166,743,Parvathipuram Manyam,4811,2,Garugubilli,,5,04811
Andhra Pradesh,167,510,Krishna,5033,1,Ghantasala,,44,05033
Andhra Pradesh,168,790,Markapuram,5133,2,Giddalur,,37,05133
Andhra Pradesh,169,745,Alluri Sitharama Raju,4848,2,G.Madugula,,8,04848
Andhra Pradesh,170,505,East Godavari,4897,1,Gokavaram,,13,04897
Andhra Pradesh,171,746,Kakinada,4902,2,Gollaprolu,,18,04902
Andhra Pradesh,172,744,Anakapalli,4853,2,Golugonda,,13,04853
Andhra Pradesh,173,511,Kurnool,5270,1,Gonegandla,,21,05270
Andhra Pradesh,174,502,Ananthapuramu,5310,1,Gooty,,7,05310
Andhra Pradesh,175,520,Visakhapatnam,6838,1,Gopalapatnam,Gopalapatnam,,00000
Andhra Pradesh,176,505,East Godavari,4951,2,Gopalapuram,,8,04951
Andhra Pradesh,177,504,Y.S.R. Kadapa,5211,1,Gopavaram,,13,05211
Andhra Pradesh,178,754,Sri Sathya Sai,5362,2,Gorantla,,59,05362
Andhra Pradesh,179,755,Nandyal,5287,2,Gospadu,,38,05287
Andhra Pradesh,180,745,Alluri Sitharama Raju,4850,2,Gudem Kotha Veedhi,,10,04850
Andhra Pradesh,181,754,Sri Sathya Sai,5352,2,Gudibanda,,49,05352
Andhra Pradesh,182,503,Chittoor,5431,1,Gudipala,,65,05431
Andhra Pradesh,183,510,Krishna,5021,1,Gudivada,,32,05021
Andhra Pradesh,184,510,Krishna,5029,1,Gudlavalleru,,40,05029
Andhra Pradesh,185,517,Prakasam,5151,3,Gudluru,,55,05151
Andhra Pradesh,186,503,Chittoor,5426,1,Gudupalle,,60,05426
Andhra Pradesh,187,511,Kurnool,5257,1,Gudur,,8,05257
Andhra Pradesh,188,515,Sri Potti Sriramulu Nellore,5184,3,Gudur,,32,05184
Andhra Pradesh,189,510,Krishna,5031,1,Guduru,,42,05031
Andhra Pradesh,190,502,Ananthapuramu,5319,1,Gummagatta,,16,05319
Andhra Pradesh,191,743,Parvathipuram Manyam,4808,2,Gummalakshmipuram,,2,04808
Andhra Pradesh,192,502,Ananthapuramu,5309,1,Guntakal,,6,05309
Andhra Pradesh,193,506,Guntur,6833,1,Guntur East,GUNTUR EAST,,00000
Andhra Pradesh,194,506,Guntur,5074,5,Guntur West,Guntur West,35,05074
Andhra Pradesh,195,751,Palnadu,5044,3,Gurajala,గురజాల,5,05044
Andhra Pradesh,196,521,Vizianagaram,4828,1,Gurla,,22,04828
Andhra Pradesh,197,753,Annamayya,5370,2,Gurramkonda,,4,05370
Andhra Pradesh,198,791,Polavaram,7562,2,Gurthedu,Gurthedu,,00000
Andhra Pradesh,199,511,Kurnool,5273,1,Halaharvi,,24,05273
Andhra Pradesh,200,790,Markapuram,5130,2,Hanumanthuni Padu,,34,05130
Andhra Pradesh,201,754,Sri Sathya Sai,5364,2,Hindupur,,61,05364
Andhra Pradesh,202,519,Srikakulam,4783,1,Hiramandalam,,15,04783
Andhra Pradesh,203,511,Kurnool,5272,1,Holagunda,,23,05272
Andhra Pradesh,204,745,Alluri Sitharama Raju,4846,2,Hukumpeta,,6,04846
Andhra Pradesh,205,749,Ntr,5009,2,Ibrahimpatnam,,20,05009
Andhra Pradesh,206,519,Srikakulam,4778,1,Ichchapuram,,10,04778
Andhra Pradesh,207,515,Sri Potti Sriramulu Nellore,5179,1,Indukurpet,,27,05179
Andhra Pradesh,208,750,Bapatla,5110,2,Inkollu,,14,05110
Andhra Pradesh,209,747,Dr. B.R. Ambedkar Konaseema,4931,2,I. Polavaram,,47,04931
Andhra Pradesh,210,751,Palnadu,5065,3,Ipuru,ఈపూరు,26,05065
Andhra Pradesh,211,523,West Godavari,4979,1,Iragavaram,,36,04979
Andhra Pradesh,212,503,Chittoor,5411,1,Irala,,45,05411
Andhra Pradesh,213,749,Ntr,4991,3,Jaggaiahpeta,జగ్గయ్యపేట,2,04991
Andhra Pradesh,214,746,Kakinada,4898,2,Jaggampeta,,14,04898
Andhra Pradesh,215,515,Sri Potti Sriramulu Nellore,5157,1,Jaladanki,,5,05157
Andhra Pradesh,216,519,Srikakulam,4792,1,Jalumuru,,24,04792
Andhra Pradesh,217,521,Vizianagaram,4835,1,Jami,,29,04835
Andhra Pradesh,218,504,Y.S.R. Kadapa,5215,1,Jammalamadugu,,17,05215
Andhra Pradesh,219,748,Eluru,4953,2,Jangareddigudem,,10,04953
Andhra Pradesh,220,748,Eluru,4947,2,Jeelugu Milli,,4,04947
Andhra Pradesh,221,743,Parvathipuram Manyam,4810,2,Jiyyammavalasa,,4,04810
Andhra Pradesh,222,517,Prakasam,5111,4,J.Pangulur,J.Pangulur,15,05111
Andhra Pradesh,223,755,Nandyal,5262,3,Jupadu Bunglow,Jupadu Bunglow,13,05262
Andhra Pradesh,224,504,Y.S.R. Kadapa,5230,1,Kadapa,,32,05230
Andhra Pradesh,225,505,East Godavari,4918,1,Kadiam,,34,04918
Andhra Pradesh,226,754,Sri Sathya Sai,5343,2,Kadiri,,40,05343
Andhra Pradesh,227,748,Eluru,5016,3,Kaikaluru,Kaikaluru,27,05016
Andhra Pradesh,228,746,Kakinada,4923,2,Kajuluru,,39,04923
Andhra Pradesh,229,746,Kakinada,4913,2,Kakinada (Rural),,29,04913
Andhra Pradesh,230,746,Kakinada,4914,2,Kakinada (Urban),,30,04914
Andhra Pradesh,231,506,Guntur,5083,1,Kakumanu,,44,05083
Andhra Pradesh,232,753,Annamayya,5371,2,Kalakada,,5,05371
Andhra Pradesh,233,504,Y.S.R. Kadapa,5207,1,Kalasapadu,,9,05207
Andhra Pradesh,234,748,Eluru,5017,2,Kalidindi,,28,05017
Andhra Pradesh,235,515,Sri Potti Sriramulu Nellore,5160,1,Kaligiri,,8,05160
Andhra Pradesh,236,753,Annamayya,5387,2,Kalikiri,,21,05387
Andhra Pradesh,237,523,West Godavari,4985,1,Kalla,,42,04985
Andhra Pradesh,238,511,Kurnool,5258,1,Kallur,,9,05258
Andhra Pradesh,239,515,Sri Potti Sriramulu Nellore,5174,1,Kaluvoya,,22,05174
Andhra Pradesh,240,502,Ananthapuramu,5321,2,Kalyanadurg,Kalyanadurg,18,05321
Andhra Pradesh,241,504,Y.S.R. Kadapa,5224,1,Kamalapuram,,26,05224
Andhra Pradesh,242,748,Eluru,4954,2,Kamavarapukota,,11,04954
Andhra Pradesh,243,502,Ananthapuramu,5334,1,Kambadur,,31,05334
Andhra Pradesh,244,753,Annamayya,5372,2,Kambhamvaripalle,,6,05372
Andhra Pradesh,245,754,Sri Sathya Sai,5335,3,Kanaganipalli,కనగానపల్లి,32,05335
Andhra Pradesh,246,749,Ntr,5007,2,Kanchikacherla,,18,05007
Andhra Pradesh,247,519,Srikakulam,4777,1,Kanchili,,9,04777
Andhra Pradesh,248,517,Prakasam,5148,4,Kandukuru,కందుకూరు,52,05148
Andhra Pradesh,249,502,Ananthapuramu,5306,1,Kanekal,,3,05306
Andhra Pradesh,250,790,Markapuram,5136,2,Kanigiri,,40,05136
Andhra Pradesh,251,510,Krishna,5023,1,Kankipadu,,34,05023
Andhra Pradesh,252,505,East Godavari,4928,3,Kapileswarapuram,,44,04928
Andhra Pradesh,253,750,Bapatla,5109,2,Karamchedu,,13,05109
Andhra Pradesh,254,746,Kakinada,4922,2,Karapa,,38,04922
Andhra Pradesh,255,751,Palnadu,5046,2,Karempudi,,7,05046
Andhra Pradesh,256,750,Bapatla,5092,2,Karlapalem,,53,05092
Andhra Pradesh,257,503,Chittoor,5408,1,Karvetinagar,,42,05408
Andhra Pradesh,258,744,Anakapalli,4876,2,Kasimkota,,36,04876
Andhra Pradesh,259,747,Dr. B.R. Ambedkar Konaseema,4943,2,Katrenikona,,59,04943
Andhra Pradesh,260,515,Sri Potti Sriramulu Nellore,5158,1,Kavali,,6,05158
Andhra Pradesh,261,519,Srikakulam,4779,1,Kaviti,,11,04779
Andhra Pradesh,262,747,Dr. B.R. Ambedkar Konaseema,4929,4,K Gangavaram,,45,04929
Andhra Pradesh,263,504,Y.S.R. Kadapa,5212,2,Khajipeta,ఖాజీపేట,14,05212
Andhra Pradesh,264,746,Kakinada,4899,2,Kirlampudi,,15,04899
Andhra Pradesh,265,744,Anakapalli,4860,2,K.Kotapadu,,20,04860
Andhra Pradesh,266,515,Sri Potti Sriramulu Nellore,5169,1,Kodavalur,,17,05169
Andhra Pradesh,267,511,Kurnool,5269,1,Kodumur,,20,05269
Andhra Pradesh,268,752,Tirupati,5249,3,Kodur,,51,05249
Andhra Pradesh,269,510,Krishna,5039,1,Koduru,,50,05039
Andhra Pradesh,270,755,Nandyal,5296,3,Koilakuntla,కోయిలకుంట్ల,47,05296
Andhra Pradesh,271,755,Nandyal,5301,2,Kolimigundla,,52,05301
Andhra Pradesh,272,506,Guntur,5077,1,Kollipara,,38,05077
Andhra Pradesh,273,750,Bapatla,5088,3,Kolluru,Kolluru,49,05088
Andhra Pradesh,274,743,Parvathipuram Manyam,4807,2,Komarada,,1,04807
Andhra Pradesh,275,790,Markapuram,5134,2,Komarolu,,38,05134
Andhra Pradesh,276,790,Markapuram,5119,2,Konakanamitla,,23,05119
Andhra Pradesh,277,517,Prakasam,5137,1,Kondapi,,41,05137
Andhra Pradesh,278,504,Y.S.R. Kadapa,5199,1,Kondapuram,,1,05199
Andhra Pradesh,279,515,Sri Potti Sriramulu Nellore,5156,1,Kondapuram,,4,05156
Andhra Pradesh,280,517,Prakasam,5122,3,Korisapadu,,26,05122
Andhra Pradesh,281,505,East Godavari,4905,1,Korukonda,,21,04905
Andhra Pradesh,282,511,Kurnool,5251,1,Kosigi,,2,05251
Andhra Pradesh,283,515,Sri Potti Sriramulu Nellore,5191,3,Kota,,39,05191
Andhra Pradesh,284,519,Srikakulam,4791,1,Kotabommali,,23,04791
Andhra Pradesh,285,746,Kakinada,4889,2,Kotananduru,,6,04889
Andhra Pradesh,286,744,Anakapalli,4874,2,Kotauratla,,34,04874
Andhra Pradesh,287,754,Sri Sathya Sai,5346,2,Kothacheruvu,,43,05346
Andhra Pradesh,288,755,Nandyal,5263,2,Kothapalle,,14,05263
Andhra Pradesh,289,517,Prakasam,5140,1,Kotha Patnam,,44,05140
Andhra Pradesh,290,747,Dr. B.R. Ambedkar Konaseema,4927,2,Kothapeta,,43,04927
Andhra Pradesh,291,521,Vizianagaram,4834,1,Kothavalasa,,28,04834
Andhra Pradesh,292,519,Srikakulam,4772,1,Kothuru,,4,04772
Andhra Pradesh,293,515,Sri Potti Sriramulu Nellore,5178,1,Kovur,,26,05178
Andhra Pradesh,294,505,East Godavari,4958,2,Kovvur,,15,04958
Andhra Pradesh,295,511,Kurnool,5252,1,Kowthalam,,3,05252
Andhra Pradesh,296,748,Eluru,4952,2,Koyyalagudem,,9,04952
Andhra Pradesh,297,745,Alluri Sitharama Raju,4851,2,Koyyuru,,11,04851
Andhra Pradesh,298,511,Kurnool,5277,1,Krishnagiri,,28,05277
Andhra Pradesh,299,751,Palnadu,5051,2,Krosuru,,12,05051
Andhra Pradesh,300,510,Krishna,5018,1,Kruthivennu,,29,05018
Andhra Pradesh,301,502,Ananthapuramu,5323,1,Kudair,,20,05323
Andhra Pradesh,302,748,Eluru,4735,4,Kukunoor,,13,04735
Andhra Pradesh,303,752,Tirupati,5382,3,Kumara Venkata Bhupala Puram,కుమార వెంకట భూపాలపురం,16,05382
Andhra Pradesh,304,791,Polavaram,4731,4,Kunavaram,,9,04731
Andhra Pradesh,305,502,Ananthapuramu,5333,1,Kundurpi,,30,05333
Andhra Pradesh,306,503,Chittoor,5427,1,Kuppam,,61,05427
Andhra Pradesh,307,753,Annamayya,5389,2,Kurabalakota,,23,05389
Andhra Pradesh,308,517,Prakasam,5103,1,Kurichedu,,7,05103
Andhra Pradesh,309,511,Kurnool,5259,4,Kurnool Rural,Kurnool Rural,10,05259
Andhra Pradesh,310,511,Kurnool,7183,1,Kurnool Urban,Kurnool Urban,,00000
Andhra Pradesh,311,743,Parvathipuram Manyam,4809,2,Kurupam,,3,04809
Andhra Pradesh,312,521,Vizianagaram,4833,1,Lakkavarapukota,,27,04833
Andhra Pradesh,313,753,Annamayya,5240,3,Lakkireddipalli,Lakkireddipalli,42,05240
Andhra Pradesh,314,519,Srikakulam,4804,1,Laveru,,36,04804
Andhra Pradesh,315,519,Srikakulam,4787,2,Laxminarasupeta,లక్ష్మీనరసుపేట,19,04787
Andhra Pradesh,316,754,Sri Sathya Sai,5365,2,Lepakshi,,62,05365
Andhra Pradesh,317,504,Y.S.R. Kadapa,5218,1,Lingala,,20,05218
Andhra Pradesh,318,748,Eluru,4945,2,Lingapalem,,2,04945
Andhra Pradesh,319,517,Prakasam,5150,3,Lingasamudram,,54,05150
Andhra Pradesh,320,751,Palnadu,5048,2,Machavaram,,9,05048
Andhra Pradesh,321,751,Palnadu,5040,2,Macherla,,1,05040
Andhra Pradesh,322,510,Krishna,7429,1,Machilipatnam North,Machilipatnam North,,00000
Andhra Pradesh,323,510,Krishna,5034,3,Machilipatnam South,Machilipatnam South,45,05034
Andhra Pradesh,324,754,Sri Sathya Sai,5350,2,Madakasira,,47,05350
Andhra Pradesh,325,753,Annamayya,5392,2,Madanapalle,,26,05392
Andhra Pradesh,326,511,Kurnool,5292,1,Maddikera (East),,43,05292
Andhra Pradesh,327,517,Prakasam,5127,1,Maddipadu,,31,05127
Andhra Pradesh,328,744,Anakapalli,4857,2,Madugula,,17,04857
Andhra Pradesh,329,755,Nandyal,5285,2,Mahanandi,,36,05285
Andhra Pradesh,330,520,Visakhapatnam,6837,1,Maharanipeta,Maharanipeta,,00000
Andhra Pradesh,331,744,Anakapalli,4875,2,Makavarapalem,,35,04875
Andhra Pradesh,332,743,Parvathipuram Manyam,4813,2,Makkuva,,7,04813
Andhra Pradesh,333,747,Dr. B.R. Ambedkar Konaseema,4938,2,Malikipuram,,54,04938
Andhra Pradesh,334,747,Dr. B.R. Ambedkar Konaseema,4936,2,Mamidikuduru,,52,04936
Andhra Pradesh,335,505,East Godavari,4920,3,Mandapeta,,36,04920
Andhra Pradesh,336,519,Srikakulam,4776,1,Mandasa,,8,04776
Andhra Pradesh,337,748,Eluru,5015,2,Mandavalli,,26,05015
Andhra Pradesh,338,506,Guntur,5055,1,Mangalagiri,,16,05055
Andhra Pradesh,339,511,Kurnool,5250,1,Mantralayam,,1,05250
Andhra Pradesh,340,515,Sri Potti Sriramulu Nellore,5183,1,Manubolu,,31,05183
Andhra Pradesh,341,791,Polavaram,4884,3,Maredumilli,,1,04884
Andhra Pradesh,342,790,Markapuram,5115,3,Markapuram,మార్కాపురం,19,05115
Andhra Pradesh,343,515,Sri Potti Sriramulu Nellore,5163,1,Marripadu,,11,05163
Andhra Pradesh,344,517,Prakasam,5129,1,Marripudi,,33,05129
Andhra Pradesh,345,750,Bapatla,5106,2,Martur,,10,05106
Andhra Pradesh,346,506,Guntur,5073,1,Medikonduru,,34,05073
Andhra Pradesh,347,519,Srikakulam,4774,1,Meliaputti,,6,04774
Andhra Pradesh,348,521,Vizianagaram,4824,1,Mentada,,18,04824
Andhra Pradesh,349,521,Vizianagaram,4822,1,Merakamudidam,,16,04822
Andhra Pradesh,350,755,Nandyal,5267,2,Midthur,,18,05267
Andhra Pradesh,351,523,West Godavari,4986,1,Mogalthur,,43,04986
Andhra Pradesh,352,510,Krishna,5036,1,Mopidevi,,47,05036
Andhra Pradesh,353,510,Krishna,5032,1,Movva,,43,05032
Andhra Pradesh,354,504,Y.S.R. Kadapa,5216,1,Muddanur,,18,05216
Andhra Pradesh,355,754,Sri Sathya Sai,5339,2,Mudigubba,,36,05339
Andhra Pradesh,356,748,Eluru,5020,2,Mudinepalle,,31,05020
Andhra Pradesh,357,520,Visakhapatnam,6839,1,Mulagada,Mulagada,,00000
Andhra Pradesh,358,753,Annamayya,5367,2,Mulakalacheruvu,,1,05367
Andhra Pradesh,359,747,Dr. B.R. Ambedkar Konaseema,4932,2,Mummidivaram,,48,04932
Andhra Pradesh,360,744,Anakapalli,4877,2,Munagapaka,,37,04877
Andhra Pradesh,361,745,Alluri Sitharama Raju,4841,2,Munchingi Puttu,,1,04841
Andhra Pradesh,362,517,Prakasam,5113,1,Mundlamuru,,17,05113
Andhra Pradesh,363,751,Palnadu,5068,2,Muppalla,,29,05068
Andhra Pradesh,364,748,Eluru,5002,2,Musunuru,,13,05002
Andhra Pradesh,365,515,Sri Potti Sriramulu Nellore,5181,1,Muthukur,,29,05181
Andhra Pradesh,366,504,Y.S.R. Kadapa,5200,1,Mylavaram,,2,05200
Andhra Pradesh,367,749,Ntr,4995,2,Mylavaram,,6,04995
Andhra Pradesh,368,751,Palnadu,5069,2,Nadendla,,30,05069
Andhra Pradesh,369,752,Tirupati,5403,2,Nagalapuram,,37,05403
Andhra Pradesh,370,750,Bapatla,5095,2,Nagaram,,56,05095
Andhra Pradesh,371,503,Chittoor,5406,1,Nagari,,40,05406
Andhra Pradesh,372,510,Krishna,5038,1,Nagayalanka,,49,05038
Andhra Pradesh,373,517,Prakasam,5126,1,Naguluppala Padu,,30,05126
Andhra Pradesh,374,752,Tirupati,5194,2,Naidupet,,42,05194
Andhra Pradesh,375,744,Anakapalli,4880,3,Nakkapalli,Nakkapalli,40,04880
Andhra Pradesh,376,754,Sri Sathya Sai,5359,3,Nallachervu,నల్లచెరువు,56,05359
Andhra Pradesh,377,505,East Godavari,4956,2,Nallajerla,,13,04956
Andhra Pradesh,378,754,Sri Sathya Sai,5344,2,Nallamada,,41,05344
Andhra Pradesh,379,754,Sri Sathya Sai,5341,3,Nambulapulakunta,నంబులపూలకుంట,38,05341
Andhra Pradesh,380,504,Y.S.R. Kadapa,5243,3,Nandalur,,45,05243
Andhra Pradesh,381,511,Kurnool,5255,1,Nandavaram,,6,05255
Andhra Pradesh,382,519,Srikakulam,4782,1,Nandigam,,14,04782
Andhra Pradesh,383,749,Ntr,4993,2,Nandigama,,4,04993
Andhra Pradesh,384,755,Nandyal,5260,2,Nandikotkur,,11,05260
Andhra Pradesh,385,510,Krishna,5014,1,Nandivada,,25,05014
Andhra Pradesh,386,755,Nandyal,5284,6,Nandyal Rural,Nandyal Rural,35,05284
Andhra Pradesh,387,755,Nandyal,7425,4,Nandyal Urban,Nandyal Urban,,00000
Andhra Pradesh,388,519,Srikakulam,4799,1,Narasannapeta,,31,04799
Andhra Pradesh,389,523,West Godavari,4987,1,Narasapuram,,44,04987
Andhra Pradesh,390,751,Palnadu,5067,2,Narasaraopet,,28,05067
Andhra Pradesh,391,752,Tirupati,5400,2,Narayanavanam,,34,05400
Andhra Pradesh,392,502,Ananthapuramu,5328,1,Narpala,,25,05328
Andhra Pradesh,393,744,Anakapalli,4854,2,Narsipatnam,,14,04854
Andhra Pradesh,394,744,Anakapalli,4852,2,Nathavaram,,12,04852
Andhra Pradesh,395,751,Palnadu,5060,2,Nekarikallu,,21,05060
Andhra Pradesh,396,521,Vizianagaram,4837,1,Nellimarla,,31,04837
Andhra Pradesh,397,515,Sri Potti Sriramulu Nellore,5177,3,Nellore Rural,Nellore Rural,25,05177
Andhra Pradesh,398,515,Sri Potti Sriramulu Nellore,7182,1,Nellore Urban,Nellore Urban,,00000
Andhra Pradesh,399,505,East Godavari,4960,2,Nidadavole,,17,04960
Andhra Pradesh,400,748,Eluru,4968,2,Nidamarru,,25,04968
Andhra Pradesh,401,753,Annamayya,5393,2,Nimmanapalle,,27,05393
Andhra Pradesh,402,503,Chittoor,5404,1,Nindra,,38,05404
Andhra Pradesh,403,750,Bapatla,5094,2,Nizampatnam,,55,05094
Andhra Pradesh,404,751,Palnadu,5063,2,Nuzendla,,24,05063
Andhra Pradesh,405,748,Eluru,5003,3,Nuzividu,Nuzividu,14,05003
Andhra Pradesh,406,754,Sri Sathya Sai,5358,2,Obuladevaracheruvu,,55,05358
Andhra Pradesh,407,752,Tirupati,5248,3,Obulavaripalle,,50,05248
Andhra Pradesh,408,517,Prakasam,5139,5,Ongole Rural,Ongole Rural,43,05139
Andhra Pradesh,409,517,Prakasam,7430,4,Ongole Urban,Ongole Urban,,00000
Andhra Pradesh,410,511,Kurnool,5268,1,Orvakal,,19,05268
Andhra Pradesh,411,755,Nandyal,5295,2,Owk,,46,05295
Andhra Pradesh,412,752,Tirupati,5189,3,Ozili,ఓజిలి,37,05189
Andhra Pradesh,413,743,Parvathipuram Manyam,4818,2,Pachipenta,,12,04818
Andhra Pradesh,414,745,Alluri Sitharama Raju,4847,2,Paderu,,7,04847
Andhra Pradesh,415,520,Visakhapatnam,4864,1,Padmanabham,,24,04864
Andhra Pradesh,416,755,Nandyal,5261,2,Pagidyala,,12,05261
Andhra Pradesh,417,752,Tirupati,5396,2,Pakala,,30,05396
Andhra Pradesh,418,523,West Godavari,4977,1,Palacoderu,,34,04977
Andhra Pradesh,419,523,West Godavari,4988,1,Palacole,,45,04988
Andhra Pradesh,420,743,Parvathipuram Manyam,4784,2,Palakonda,,16,04784
Andhra Pradesh,421,503,Chittoor,5422,1,Palamaner,,56,05422
Andhra Pradesh,422,519,Srikakulam,4775,1,Palasa,,7,04775
Andhra Pradesh,423,503,Chittoor,5432,1,Palasamudram,,66,05432
Andhra Pradesh,424,510,Krishna,5028,1,Pamarru,,39,05028
Andhra Pradesh,425,502,Ananthapuramu,5315,1,Pamidi,,12,05315
Andhra Pradesh,426,510,Krishna,5026,1,Pamidimukkala,,37,05026
Andhra Pradesh,427,755,Nandyal,5266,2,Pamulapadu,,17,05266
Andhra Pradesh,428,790,Markapuram,5146,2,Pamur,,50,05146
Andhra Pradesh,429,755,Nandyal,5280,2,Panyam,,31,05280
Andhra Pradesh,430,744,Anakapalli,4870,2,Paravada,,30,04870
Andhra Pradesh,431,750,Bapatla,5108,2,Parchur,,12,05108
Andhra Pradesh,432,754,Sri Sathya Sai,5355,2,Parigi,,52,05355
Andhra Pradesh,433,743,Parvathipuram Manyam,4812,2,Parvathipuram,,6,04812
Andhra Pradesh,434,519,Srikakulam,4773,1,Pathapatnam,,5,04773
Andhra Pradesh,435,511,Kurnool,5290,1,Pattikonda,,41,05290
Andhra Pradesh,436,744,Anakapalli,4881,2,Payakaraopeta,,41,04881
Andhra Pradesh,437,755,Nandyal,5294,3,Peapully,పీపుల్లి,45,05294
Andhra Pradesh,438,745,Alluri Sitharama Raju,4842,2,Peda Bayalu,,2,04842
Andhra Pradesh,439,790,Markapuram,5144,2,Pedacherlo Palle,,48,05144
Andhra Pradesh,440,520,Visakhapatnam,4868,1,Pedagantyada,,28,04868
Andhra Pradesh,441,506,Guntur,5075,1,Pedakakani,,36,05075
Andhra Pradesh,442,751,Palnadu,5057,2,Pedakurapadu,,18,05057
Andhra Pradesh,443,510,Krishna,5030,1,Pedana,,41,05030
Andhra Pradesh,444,506,Guntur,5082,1,Pedanandipadu,,43,05082
Andhra Pradesh,445,748,Eluru,4965,2,Pedapadu,,22,04965
Andhra Pradesh,446,510,Krishna,5022,1,Pedaparupudi,,33,05022
Andhra Pradesh,447,746,Kakinada,4915,2,Pedapudi,,31,04915
Andhra Pradesh,448,748,Eluru,4964,2,Pedavegi,,21,04964
Andhra Pradesh,449,790,Markapuram,5101,3,Peddaaraveedu,పెద్దారవీడు,5,05101
Andhra Pradesh,450,511,Kurnool,5253,1,Pedda Kadubur,,4,05253
Andhra Pradesh,451,753,Annamayya,5369,2,Peddamandyam,,3,05369
Andhra Pradesh,452,504,Y.S.R. Kadapa,5201,2,Peddamudiam,పెద్దముడియం,3,05201
Andhra Pradesh,453,503,Chittoor,5416,1,Peddapanjani,,50,05416
Andhra Pradesh,454,502,Ananthapuramu,5314,1,Peddapappur,,11,05314
Andhra Pradesh,455,746,Kakinada,4903,2,Peddapuram,,19,04903
Andhra Pradesh,456,753,Annamayya,5390,2,Pedda Thippasamudram,,24,05390
Andhra Pradesh,457,502,Ananthapuramu,5311,2,Peddavaduguru,Peddavaduguru,8,05311
Andhra Pradesh,458,752,Tirupati,5195,2,Pellakur,,43,05195
Andhra Pradesh,459,752,Tirupati,5244,3,Penagalur,,46,05244
Andhra Pradesh,460,510,Krishna,5024,1,Penamaluru,,35,05024
Andhra Pradesh,461,504,Y.S.R. Kadapa,5232,2,Pendlimarry,పెండ్లిమర్రి,34,05232
Andhra Pradesh,462,520,Visakhapatnam,4862,1,Pendurthi,,22,04862
Andhra Pradesh,463,523,West Godavari,4969,1,Pentapadu,,26,04969
Andhra Pradesh,464,749,Ntr,4992,2,Penuganchiprolu,,3,04992
Andhra Pradesh,465,523,West Godavari,4980,1,Penugonda,,37,04980
Andhra Pradesh,466,754,Sri Sathya Sai,5356,2,Penukonda,,53,05356
Andhra Pradesh,467,523,West Godavari,4978,1,Penumantra,,35,04978
Andhra Pradesh,468,503,Chittoor,5409,2,Penumur,Penumur,43,05409
Andhra Pradesh,469,505,East Godavari,4971,2,Peravali,,28,04971
Andhra Pradesh,470,747,Dr. B.R. Ambedkar Konaseema,4934,2,P.Gannavaram,,50,04934
Andhra Pradesh,471,506,Guntur,5072,1,Phirangipuram,,33,05072
Andhra Pradesh,472,752,Tirupati,5401,2,Pichatur,,35,05401
Andhra Pradesh,473,751,Palnadu,5047,2,Piduguralla,,8,05047
Andhra Pradesh,474,753,Annamayya,5386,2,Pileru,,20,05386
Andhra Pradesh,475,746,Kakinada,4911,2,Pithapuram,,27,04911
Andhra Pradesh,476,750,Bapatla,5091,2,Pittalavanipalem,,52,05091
Andhra Pradesh,477,515,Sri Potti Sriramulu Nellore,5176,1,Podalakur,,24,05176
Andhra Pradesh,478,790,Markapuram,5120,2,Podili,,24,05120
Andhra Pradesh,479,523,West Godavari,4982,1,Poduru,,39,04982
Andhra Pradesh,480,519,Srikakulam,4800,1,Polaki,,32,04800
Andhra Pradesh,481,748,Eluru,4949,2,Polavaram,,6,04949
Andhra Pradesh,482,519,Srikakulam,4803,1,Ponduru,,35,04803
Andhra Pradesh,483,517,Prakasam,5143,1,Ponnaluru,,47,05143
Andhra Pradesh,484,506,Guntur,5084,1,Ponnur,,45,05084
Andhra Pradesh,485,521,Vizianagaram,4838,2,Poosapatirega,పూసపాటిరెగ,32,04838
Andhra Pradesh,486,504,Y.S.R. Kadapa,5208,1,Porumamilla,,10,05208
Andhra Pradesh,487,746,Kakinada,4900,2,Prathipadu,,16,04900
Andhra Pradesh,488,506,Guntur,5081,1,Prathipadu,,42,05081
Andhra Pradesh,489,504,Y.S.R. Kadapa,5214,2,Proddutur,ప్రొద్దుటూరు,16,05214
Andhra Pradesh,490,503,Chittoor,5395,1,Pulicherla,,29,05395
Andhra Pradesh,491,504,Y.S.R. Kadapa,5219,2,Pulivendula,పులివెందుల,21,05219
Andhra Pradesh,492,790,Markapuram,5098,2,Pullalacheruvu,,2,05098
Andhra Pradesh,493,752,Tirupati,5247,3,Pullampeta,,49,05247
Andhra Pradesh,494,753,Annamayya,5415,3,Punganuru,Punganuru,49,05415
Andhra Pradesh,495,503,Chittoor,5410,1,Puthalapattu,,44,05410
Andhra Pradesh,496,502,Ananthapuramu,5326,1,Putlur,,23,05326
Andhra Pradesh,497,754,Sri Sathya Sai,5357,3,Puttaparthy,పుట్టపర్తి,54,05357
Andhra Pradesh,498,752,Tirupati,5407,2,Puttur,,41,05407
Andhra Pradesh,499,790,Markapuram,5132,2,Racherla,,36,05132
Andhra Pradesh,500,521,Vizianagaram,4796,2,Rajam,,28,04796
Andhra Pradesh,501,505,East Godavari,4907,2,Rajamahendravaram Rural,Rajamahendravaram Rural,23,04907
Andhra Pradesh,502,505,East Godavari,4906,2,Rajamahendravaram Urban,Rajamahendravaram Urban,22,04906
Andhra Pradesh,503,504,Y.S.R. Kadapa,5246,3,Rajampet,,48,05246
Andhra Pradesh,504,505,East Godavari,4908,1,Rajanagaram,,24,04908
Andhra Pradesh,505,791,Polavaram,4888,3,Rajavommangi,,5,04888
Andhra Pradesh,506,751,Palnadu,5059,2,Rajupalem,,20,05059
Andhra Pradesh,507,504,Y.S.R. Kadapa,5202,1,Rajupalem,,4,05202
Andhra Pradesh,508,521,Vizianagaram,4819,1,Ramabhadrapuram,,13,04819
Andhra Pradesh,509,752,Tirupati,5398,2,Ramachandrapuram,,32,05398
Andhra Pradesh,510,747,Dr. B.R. Ambedkar Konaseema,4924,2,Ramachandrapuram,,40,04924
Andhra Pradesh,511,754,Sri Sathya Sai,5348,2,Ramagiri,,45,05348
Andhra Pradesh,512,503,Chittoor,5428,1,Ramakuppam,,62,05428
Andhra Pradesh,513,753,Annamayya,5241,2,Ramapuram,,43,05241
Andhra Pradesh,514,753,Annamayya,5414,2,Ramasamudram,,48,05414
Andhra Pradesh,515,744,Anakapalli,4883,2,Rambilli,,43,04883
Andhra Pradesh,516,791,Polavaram,4895,3,Rampachodavaram,,11,04895
Andhra Pradesh,517,519,Srikakulam,4805,1,Ranastalam,,37,04805
Andhra Pradesh,518,505,East Godavari,4909,1,Rangampeta,,25,04909
Andhra Pradesh,519,502,Ananthapuramu,5331,2,Rapthadu,Rapthadu,28,05331
Andhra Pradesh,520,515,Sri Potti Sriramulu Nellore,5175,1,Rapur,,23,05175
Andhra Pradesh,521,744,Anakapalli,4856,2,Ravikamatham,,16,04856
Andhra Pradesh,522,747,Dr. B.R. Ambedkar Konaseema,4926,2,Ravulapalem,,42,04926
Andhra Pradesh,523,753,Annamayya,5239,2,Rayachoti,,41,05239
Andhra Pradesh,524,502,Ananthapuramu,5305,1,Rayadurg,,2,05305
Andhra Pradesh,525,505,East Godavari,4921,3,Rayavaram,,37,04921
Andhra Pradesh,526,747,Dr. B.R. Ambedkar Konaseema,4937,2,Razole,,53,04937
Andhra Pradesh,527,749,Ntr,4999,2,Reddigudem,,10,04999
Andhra Pradesh,528,521,Vizianagaram,4786,2,Regidi Amadalavalasa,,18,04786
Andhra Pradesh,529,752,Tirupati,5376,2,Renigunta,,10,05376
Andhra Pradesh,530,751,Palnadu,5043,2,Rentachintala,,4,05043
Andhra Pradesh,531,750,Bapatla,5096,2,Repalle,,57,05096
Andhra Pradesh,532,754,Sri Sathya Sai,5349,2,Roddam,,46,05349
Andhra Pradesh,533,754,Sri Sathya Sai,5353,2,Rolla,,50,05353
Andhra Pradesh,534,744,Anakapalli,4855,2,Rolugunta,,15,04855
Andhra Pradesh,535,751,Palnadu,5066,3,Rompicharla,రొంపిచర్ల,27,05066
Andhra Pradesh,536,503,Chittoor,5373,1,Rompicherla,,7,05373
Andhra Pradesh,537,746,Kakinada,4891,2,Rowthulapudi,,6,04891
Andhra Pradesh,538,755,Nandyal,5297,2,Rudravaram,,48,05297
Andhra Pradesh,539,744,Anakapalli,4861,2,Sabbavaram,,21,04861
Andhra Pradesh,540,747,Dr. B.R. Ambedkar Konaseema,4939,3,Sakhinetipalli,Sakhinetipalli,55,04939
Andhra Pradesh,541,743,Parvathipuram Manyam,4817,2,Salur,,11,04817
Andhra Pradesh,542,746,Kakinada,4910,2,Samalkota,,26,04910
Andhra Pradesh,543,753,Annamayya,5237,2,Sambepalle,,39,05237
Andhra Pradesh,544,515,Sri Potti Sriramulu Nellore,5171,1,Sangam,,19,05171
Andhra Pradesh,545,755,Nandyal,5300,2,Sanjamala,,51,05300
Andhra Pradesh,546,746,Kakinada,4892,2,Sankhavaram,,8,04892
Andhra Pradesh,547,519,Srikakulam,4790,1,Santhabommali,,22,04790
Andhra Pradesh,548,521,Vizianagaram,4795,2,Santhakaviti,,27,04795
Andhra Pradesh,549,517,Prakasam,5104,3,Santhamaguluru,,8,05104
Andhra Pradesh,550,517,Prakasam,5138,1,Santhanuthala Padu,,42,05138
Andhra Pradesh,551,503,Chittoor,5425,1,Santhipuram,,59,05425
Andhra Pradesh,552,519,Srikakulam,4788,1,Saravakota,,20,04788
Andhra Pradesh,553,519,Srikakulam,4793,1,Sarubujjili,,25,04793
Andhra Pradesh,554,751,Palnadu,5058,3,Sattenapalli,సత్తెనపల్లి,19,05058
Andhra Pradesh,555,752,Tirupati,5402,2,Satyavedu,,36,05402
Andhra Pradesh,556,751,Palnadu,5064,2,Savalyapuram H/O Kanamarlapudi,,25,05064
Andhra Pradesh,557,520,Visakhapatnam,6836,1,Seethammadhara,Seethammadhara,,00000
Andhra Pradesh,558,743,Parvathipuram Manyam,4770,2,Seethampeta,,2,04770
Andhra Pradesh,559,505,East Godavari,4896,1,Seethanagaram,,12,04896
Andhra Pradesh,560,743,Parvathipuram Manyam,4814,2,Seethanagaram,,8,04814
Andhra Pradesh,561,515,Sri Potti Sriramulu Nellore,5153,1,Seetharamapuram,,1,05153
Andhra Pradesh,562,502,Ananthapuramu,5332,1,Settur,,29,05332
Andhra Pradesh,563,504,Y.S.R. Kadapa,5229,1,Sidhout,,31,05229
Andhra Pradesh,564,504,Y.S.R. Kadapa,5217,1,Simhadripuram,,19,05217
Andhra Pradesh,565,502,Ananthapuramu,5325,1,Singanamala,,22,05325
Andhra Pradesh,566,517,Prakasam,5149,1,Singarayakonda,,53,05149
Andhra Pradesh,567,755,Nandyal,5286,2,Sirvel,,37,05286
Andhra Pradesh,568,504,Y.S.R. Kadapa,5204,1,S.Mydukur,,6,05204
Andhra Pradesh,569,753,Annamayya,5394,2,Sodam,,28,05394
Andhra Pradesh,570,753,Annamayya,5412,2,Somala,,46,05412
Andhra Pradesh,571,754,Sri Sathya Sai,5363,3,Somandepalli,సోమందేపల్లి,60,05363
Andhra Pradesh,572,519,Srikakulam,4780,1,Sompeta,,12,04780
Andhra Pradesh,573,744,Anakapalli,4882,2,S.Rayavaram,,42,04882
Andhra Pradesh,574,504,Y.S.R. Kadapa,5206,1,Sri Avadhutha Kasinayana,,8,05206
Andhra Pradesh,575,519,Srikakulam,4802,1,Srikakulam,,34,04802
Andhra Pradesh,576,752,Tirupati,5378,2,Srikalahasti,,12,05378
Andhra Pradesh,577,503,Chittoor,5419,1,Srirangarajapuram,,53,05419
Andhra Pradesh,578,755,Nandyal,6538,2,Srisailam,శ్రీశైలం,,00000
Andhra Pradesh,579,521,Vizianagaram,4831,1,Srungavarapukota,,25,04831
Andhra Pradesh,580,752,Tirupati,5197,2,Sullurpeta,,45,05197
Andhra Pradesh,581,515,Sri Potti Sriramulu Nellore,5185,1,Sydapuram,,33,05185
Andhra Pradesh,582,752,Tirupati,5198,2,Tada,,46,05198
Andhra Pradesh,583,506,Guntur,5054,2,Tadepalli,Tadepalli,15,05054
Andhra Pradesh,584,523,West Godavari,4961,1,Tadepalligudem,,18,04961
Andhra Pradesh,585,506,Guntur,5056,1,Tadikonda,,17,05056
Andhra Pradesh,586,754,Sri Sathya Sai,5338,2,Tadimarri,,35,05338
Andhra Pradesh,587,502,Ananthapuramu,5313,2,Tadipatri,Tadipatri,10,05313
Andhra Pradesh,588,505,East Godavari,4950,2,Tallapudi,,7,04950
Andhra Pradesh,589,746,Kakinada,4930,3,Tallarevu,Tallarevu,46,04930
Andhra Pradesh,590,754,Sri Sathya Sai,5340,2,Talupula,,37,05340
Andhra Pradesh,591,754,Sri Sathya Sai,5360,2,Tanakal,,57,05360
Andhra Pradesh,592,517,Prakasam,5141,1,Tangutur,,45,05141
Andhra Pradesh,593,523,West Godavari,4972,1,Tanuku,,29,04972
Andhra Pradesh,594,790,Markapuram,5118,2,Tarlupadu,,22,05118
Andhra Pradesh,595,519,Srikakulam,4789,1,Tekkali,,21,04789
Andhra Pradesh,596,506,Guntur,5078,1,Tenali,,39,05078
Andhra Pradesh,597,517,Prakasam,5121,3,Thallur,తాళ్ళూరు,25,05121
Andhra Pradesh,598,753,Annamayya,5368,2,Thamballapalle,,2,05368
Andhra Pradesh,599,503,Chittoor,5418,1,Thavanampalle,,52,05418
Andhra Pradesh,600,521,Vizianagaram,4821,1,Therlam,,15,04821
Andhra Pradesh,601,746,Kakinada,4901,2,Thondangi,,17,04901
Andhra Pradesh,602,504,Y.S.R. Kadapa,5221,1,Thondur,,23,05221
Andhra Pradesh,603,515,Sri Potti Sriramulu Nellore,5180,1,Thotapalligudur,,28,05180
Andhra Pradesh,604,510,Krishna,5025,1,Thotlavalluru,,36,05025
Andhra Pradesh,605,752,Tirupati,5379,2,Thottambedu,,13,05379
Andhra Pradesh,606,506,Guntur,5053,2,Thulluru,Thulluru,14,05053
Andhra Pradesh,607,752,Tirupati,5375,2,Tirupati (Rural),,9,05375
Andhra Pradesh,608,752,Tirupati,5383,2,Tirupati (Urban),,17,05383
Andhra Pradesh,609,749,Ntr,4997,2,Tiruvuru,,8,04997
Andhra Pradesh,610,748,Eluru,4946,2,T.Narasapuram,,3,04946
Andhra Pradesh,611,790,Markapuram,5099,2,Tripuranthakam,,3,05099
Andhra Pradesh,612,504,Y.S.R. Kadapa,5238,4,T.Sundupalle,T.Sundupalle,40,05238
Andhra Pradesh,613,750,Bapatla,5085,3,Tsunduru,Tsunduru,46,05085
Andhra Pradesh,614,511,Kurnool,5293,1,Tuggali,,44,05293
Andhra Pradesh,615,746,Kakinada,4890,2,Tuni,,7,04890
Andhra Pradesh,616,515,Sri Potti Sriramulu Nellore,5154,1,Udayagiri,,2,05154
Andhra Pradesh,617,746,Kakinada,4912,3,U.Kothapalli,U.Kothapalli,28,04912
Andhra Pradesh,618,517,Prakasam,5152,3,Ulavapadu,,56,05152
Andhra Pradesh,619,523,West Godavari,4976,1,Undi,,33,04976
Andhra Pradesh,620,505,East Godavari,4970,2,Undrajavaram,,27,04970
Andhra Pradesh,621,510,Krishna,5013,3,Unguturu,,24,05013
Andhra Pradesh,622,748,Eluru,4962,2,Unguturu,,19,04962
Andhra Pradesh,623,747,Dr. B.R. Ambedkar Konaseema,4942,2,Uppalaguptam,,58,04942
Andhra Pradesh,624,502,Ananthapuramu,5317,1,Uravakonda,,14,05317
Andhra Pradesh,625,755,Nandyal,5302,2,Uyyalawada,,53,05302
Andhra Pradesh,626,752,Tirupati,5399,3,Vadamalapet,వడమాలపేట,33,05399
Andhra Pradesh,627,502,Ananthapuramu,5316,1,Vajrakarur,,13,05316
Andhra Pradesh,628,519,Srikakulam,4781,2,Vajrapukotturu,వజ్రపుకొత్తూరు,13,04781
Andhra Pradesh,629,752,Tirupati,5192,2,Vakadu,,40,05192
Andhra Pradesh,630,504,Y.S.R. Kadapa,5225,1,Vallur,,27,05225
Andhra Pradesh,631,753,Annamayya,5388,2,Valmikipuram,,22,05388
Andhra Pradesh,632,521,Vizianagaram,4785,2,Vangara,,17,04785
Andhra Pradesh,633,752,Tirupati,5381,2,Varadaiahpalem,,15,05381
Andhra Pradesh,634,791,Polavaram,4733,4,Vararamachandrapuram,,11,04733
Andhra Pradesh,635,515,Sri Potti Sriramulu Nellore,5155,1,Varikuntapadu,,3,05155
Andhra Pradesh,636,749,Ntr,4990,2,Vatsavai,,1,04990
Andhra Pradesh,637,506,Guntur,5080,1,Vatticherukuru,,41,05080
Andhra Pradesh,638,503,Chittoor,5397,1,Vedurukuppam,,31,05397
Andhra Pradesh,639,504,Y.S.R. Kadapa,5242,3,Veeraballe,,44,05242
Andhra Pradesh,640,743,Parvathipuram Manyam,4769,2,Veeraghattam,,1,04769
Andhra Pradesh,641,504,Y.S.R. Kadapa,5222,1,Veerapunayunipalle,,24,05222
Andhra Pradesh,642,523,West Godavari,4983,1,Veeravasaram,,40,04983
Andhra Pradesh,643,749,Ntr,4994,2,Veerullapadu,,5,04994
Andhra Pradesh,644,748,Eluru,4734,4,Velairpadu,,12,04734
Andhra Pradesh,645,751,Palnadu,5041,3,Veldurthy,వెల్దుర్తి,2,05041
Andhra Pradesh,646,511,Kurnool,5278,2,Veldurthy,Veldurthy,29,05278
Andhra Pradesh,647,790,Markapuram,5135,2,Veligandla,,39,05135
Andhra Pradesh,648,755,Nandyal,5282,3,Velugodu,వెలుగోడు,33,05282
Andhra Pradesh,649,504,Y.S.R. Kadapa,5233,2,Vempalli,వేంపల్లె,35,05233
Andhra Pradesh,650,504,Y.S.R. Kadapa,5220,1,Vemula,,22,05220
Andhra Pradesh,651,750,Bapatla,5087,2,Vemuru,,48,05087
Andhra Pradesh,652,515,Sri Potti Sriramulu Nellore,5182,1,Venkatachalam,,30,05182
Andhra Pradesh,653,752,Tirupati,5187,2,Venkatagiri,,35,05187
Andhra Pradesh,654,503,Chittoor,5424,1,Venkatagirikota,,58,05424
Andhra Pradesh,655,521,Vizianagaram,4832,1,Vepada,,26,04832
Andhra Pradesh,656,750,Bapatla,5124,2,Vetapalem,,28,05124
Andhra Pradesh,657,502,Ananthapuramu,5308,1,Vidapanakal,,5,05308
Andhra Pradesh,658,515,Sri Potti Sriramulu Nellore,5168,1,Vidavalur,,16,05168
Andhra Pradesh,659,503,Chittoor,5405,1,Vijayapuram,,39,05405
Andhra Pradesh,660,749,Ntr,5010,6,Vijayawada Central,Vijayawada Central,21,05010
Andhra Pradesh,661,749,Ntr,6863,2,Vijayawada East,VIJAYAWADA EAST,,00000
Andhra Pradesh,662,749,Ntr,6864,2,Vijayawada North,VIJAYAWADA NORTH,,00000
Andhra Pradesh,663,749,Ntr,5011,2,Vijayawada (Rural),,22,05011
Andhra Pradesh,664,749,Ntr,6865,2,Vijayawada West,VIJAYAWADA WEST,,00000
Andhra Pradesh,665,515,Sri Potti Sriramulu Nellore,5161,1,Vinjamur,,9,05161
Andhra Pradesh,666,751,Palnadu,5062,2,Vinukonda,,23,05062
Andhra Pradesh,667,520,Visakhapatnam,4866,2,Visakhapatnam (Rural),,26,04866
Andhra Pradesh,668,749,Ntr,5000,3,Vissannapeta,విసన్నపేట,11,05000
Andhra Pradesh,669,521,Vizianagaram,4836,5,Vizianagaram Rural,Vizianagaram Rural,30,04836
Andhra Pradesh,670,521,Vizianagaram,7431,4,Vizianagaram Urban,Vizianagaram Urban,,00000
Andhra Pradesh,671,517,Prakasam,5147,3,Voletivaripalem,,51,05147
Andhra Pradesh,672,504,Y.S.R. Kadapa,5228,1,Vontimitta,,30,05228
Andhra Pradesh,673,510,Krishna,5027,1,Vuyyuru,,38,05027
Andhra Pradesh,674,503,Chittoor,5430,1,Yadamarri,,64,05430
Andhra Pradesh,675,502,Ananthapuramu,5312,1,Yadiki,,9,05312
Andhra Pradesh,676,750,Bapatla,5107,2,Yeddana Pudi,,11,05107
Andhra Pradesh,677,523,West Godavari,4989,1,Yelamanchili,,46,04989
Andhra Pradesh,678,744,Anakapalli,4879,2,Yelamanchili,,39,04879
Andhra Pradesh,679,746,Kakinada,4893,2,Yeleswaram,,9,04893
Andhra Pradesh,680,502,Ananthapuramu,5327,1,Yellanur,,24,05327
Andhra Pradesh,681,511,Kurnool,5254,1,Yemmiganur,,5,05254
Andhra Pradesh,682,752,Tirupati,5377,2,Yerpedu,,11,05377
Andhra Pradesh,683,790,Markapuram,5097,2,Yerragondapalem,,1,05097
Andhra Pradesh,684,504,Y.S.R. Kadapa,5223,1,Yerraguntla,,25,05223
Andhra Pradesh,685,752,Tirupati,5374,2,Yerravaripalem,,8,05374
Andhra Pradesh,686,791,Polavaram,6063,4,Yetapaka,,,00000
Andhra Pradesh,687,791,Polavaram,4886,4,Y. Ramavaram,,3,04886
Andhra Pradesh,688,517,Prakasam,5142,2,Zarugumalli,,46,05142
Andhra Pradesh,,,,,,,,,
Andhra Pradesh,"Sep 5, 2026, 6:13 PM",,,,,,,,
Arunachal Pradesh,,,,,,(In English),(In Local),,
Arunachal Pradesh,1,243,West Siang,6087,7,Aalo Hq,Aalo,,00000
Arunachal Pradesh,2,230,Dibang Valley,1720,2,Anelih,,4,01720
Arunachal Pradesh,3,230,Dibang Valley,1718,2,Anini,,0,01718
Arunachal Pradesh,4,243,West Siang,6588,3,Bagra Circle,Bagra,,00000
Arunachal Pradesh,5,242,West Kameng,6564,2,Balemu Circle,Balemu Circle,,00000
Arunachal Pradesh,6,237,Papum Pare,1592,9,Balijan Adc,Balijan ADC,1,01592
Arunachal Pradesh,7,231,East Kameng,1586,5,Bameng Adc,,6,01586
Arunachal Pradesh,8,787,Bichom,6102,6,Bana Eac,,,00000
Arunachal Pradesh,9,237,Papum Pare,6603,1,Banderdewa Circle,,,00000
Arunachal Pradesh,10,239,Tirap,6596,3,Bari Basip Circle,Bari Basip Circle,,00000
Arunachal Pradesh,11,241,Upper Subansiri,1620,3,Baririjo Circle,Baririjo Circle,11,01620
Arunachal Pradesh,12,724,Leparada,1636,6,Basar Adc,,15,01636
Arunachal Pradesh,13,242,West Kameng,6561,4,Bhalukpong Eac,Bhalukpong EAC,,00000
Arunachal Pradesh,14,232,East Siang,1652,2,Bilat Circle,Bilat Circle,8,01652
Arunachal Pradesh,15,679,Siang,1643,4,Boleng Adc,,1,01643
Arunachal Pradesh,16,242,West Kameng,6568,1,Bomdila Hq,Bomdila HQ,,00000
Arunachal Pradesh,17,238,Tawang,6557,1,Bongkhar Circle,Bongkhar Circle,,00000
Arunachal Pradesh,18,229,Changlang,1683,7,Bordumsa Adc,Bordumsa ADC,11,01683
Arunachal Pradesh,19,239,Tirap,6594,4,Borduria Circle,Borduria,,00000
Arunachal Pradesh,20,237,Papum Pare,6013,4,Borum,,,00000
Arunachal Pradesh,21,242,West Kameng,6847,1,Buragaon Eac,BURAGAON EAC,,00000
Arunachal Pradesh,22,628,Anjaw,1739,3,Chaglagam Circle,,6,01739
Arunachal Pradesh,23,677,Kra Daadi,1709,6,Chambang Circle,,9,01709
Arunachal Pradesh,24,229,Changlang,1671,8,Changlang Hq,Changlang HQ,2,01671
Arunachal Pradesh,25,231,East Kameng,1590,2,Chayangtajo Adc,,9,01590
Arunachal Pradesh,26,241,Upper Subansiri,1614,4,Chetam Peer Yapu Circle,Chetam Peer Yapu Circle,0,01614
Arunachal Pradesh,27,678,Namsai,1731,6,Chongkham Eac,Chongkham EAC,11,01731
Arunachal Pradesh,28,239,Tirap,1687,9,Dadam Circle,Dadam,0,01687
Arunachal Pradesh,29,230,Dibang Valley,6591,1,Dambuen Circle,Dambuen Circle,,00000
Arunachal Pradesh,30,235,Lower Dibang Valley,1725,2,Dambuk Adc,Dambuk,9,01725
Arunachal Pradesh,31,233,Kurung Kumey,1714,5,Damin Circle,DAMIN CIRCLE,12,01714
Arunachal Pradesh,32,241,Upper Subansiri,1615,4,Daporijo Hq,Daporijo Hq,8,01615
Arunachal Pradesh,33,243,West Siang,1628,7,Darak Circle,Darak,7,01628
Arunachal Pradesh,34,724,Leparada,1637,4,Daring Circle,,16,01637
Arunachal Pradesh,35,231,East Kameng,7021,4,Debeyar Co Circle,DEBEYAR CO CIRCLE,,00000
Arunachal Pradesh,36,786,Keyi Panyor,6842,2,Deed Circle,DEED CIRCLE,,00000
Arunachal Pradesh,37,239,Tirap,1684,8,Deomali Adc,Deomali,1,01684
Arunachal Pradesh,38,235,Lower Dibang Valley,6569,1,Desali Circle,Desali,,00000
Arunachal Pradesh,39,242,West Kameng,1566,8,Dirang Adc,Dirang ADC,1,01566
Arunachal Pradesh,40,723,Pakke Kessang,6099,3,Dissing Passo Circle,,,00000
Arunachal Pradesh,41,229,Changlang,1682,7,Diyun Eac,Diyun EAC,10,01682
Arunachal Pradesh,42,237,Papum Pare,1598,7,Doimukh Sdo,,4,01598
Arunachal Pradesh,43,718,Kamle,1701,5,Dollungmukh Circle,Dollungmukh Circle,16,01701
Arunachal Pradesh,44,238,Tawang,6550,3,Dudunghar Circle,Dudunghar Circle,,00000
Arunachal Pradesh,45,241,Upper Subansiri,1617,4,Dumporijo Adc,Dumporijo ADC,10,01617
Arunachal Pradesh,46,230,Dibang Valley,1719,2,Etalin,,3,01719
Arunachal Pradesh,47,677,Kra Daadi,1710,8,Gangte Circle,Gangte,0,01710
Arunachal Pradesh,48,240,Upper Siang,1665,3,Geku Eac,Geku EAC,8,01665
Arunachal Pradesh,49,240,Upper Siang,1661,3,Gelling Circle,Gelling Circle,4,01661
Arunachal Pradesh,50,719,Lower Siang,1638,4,Gensi Eac,,17,01638
Arunachal Pradesh,51,718,Kamle,6559,4,Gepen Circle,Gepen Circle,,
Arunachal Pradesh,52,241,Upper Subansiri,1613,2,Giba Circle,Giba Circle,7,01613
Arunachal Pradesh,53,241,Upper Subansiri,6551,1,Gite Ripa Circle,Gite Ripa Circle,,00000
Arunachal Pradesh,54,628,Anjaw,1738,2,Goiliang Circle,,5,01738
Arunachal Pradesh,55,237,Papum Pare,6602,1,Gumto Circle,,,00000
Arunachal Pradesh,56,231,East Kameng,1588,3,Gyawe Purang Circle,,0,01588
Arunachal Pradesh,57,628,Anjaw,1743,2,Hawai Hq,,9,01743
Arunachal Pradesh,58,628,Anjaw,1736,2,Hayuliang Adc,,3,01736
Arunachal Pradesh,59,235,Lower Dibang Valley,6075,3,Hunli Sdo,Hunli,,00000
Arunachal Pradesh,60,237,Papum Pare,6604,2,Itanagar Eac,,,00000
Arunachal Pradesh,61,229,Changlang,6582,1,Jairampur Adc,Jairampur ADC,,00000
Arunachal Pradesh,62,242,West Kameng,6563,3,Jamiri Circle,Jamiri Circle,,00000
Arunachal Pradesh,63,238,Tawang,1561,6,Jang Adc,Jang ADC,5,01561
Arunachal Pradesh,64,240,Upper Siang,1664,3,Jengging Circle,Jengging Circle,7,01664
Arunachal Pradesh,65,679,Siang,6606,1,Jomlo Mobuk Circle,,,00000
Arunachal Pradesh,66,237,Papum Pare,6601,2,Kakoi Circle,Kakoi Circle,,00000
Arunachal Pradesh,67,242,West Kameng,1570,9,Kalaktang Adc,Kalaktang ADC,4,01570
Arunachal Pradesh,68,243,West Siang,6585,5,Kamba Adc,,,00000
Arunachal Pradesh,69,242,West Kameng,6567,2,Kamengbari Doimara Circle,Kamengbari Doimara Circle,,00000
Arunachal Pradesh,70,718,Kamle,1700,6,Kamporijo Circle,Kamporijo Circle,15,01700
Arunachal Pradesh,71,719,Lower Siang,6572,1,Kangku Circle,Kangku Circle,,00000
Arunachal Pradesh,72,229,Changlang,6608,1,Kantang Circle,Kantang Circle,,00000
Arunachal Pradesh,73,666,Longding,1688,4,Kanubari Adc,,3,01688
Arunachal Pradesh,74,240,Upper Siang,1668,3,Katan Circle,Katan Circle,0,01668
Arunachal Pradesh,75,679,Siang,1627,6,Kaying Eac,,6,01627
Arunachal Pradesh,76,679,Siang,1646,4,Kebang Circle,,0,01646
Arunachal Pradesh,77,229,Changlang,1681,4,Kharsang Circle,Kharsang Circle,9,01681
Arunachal Pradesh,78,231,East Kameng,6605,1,Khenawa Circle,,,00000
Arunachal Pradesh,79,229,Changlang,1669,9,Khimiyang Eac,Khimiyang EAC,1,01669
Arunachal Pradesh,80,239,Tirap,1686,12,Khonsa Hq,Khonsa,2,01686
Arunachal Pradesh,81,628,Anjaw,1741,2,Kibithoo Circle,,7,01741
Arunachal Pradesh,82,237,Papum Pare,1605,7,Kimin Sdo,,9,01605
Arunachal Pradesh,83,238,Tawang,1560,5,Kitpi Circle,Kitpi Circle,0,01560
Arunachal Pradesh,84,233,Kurung Kumey,6130,2,Koloriang Hq,KOLORIANG HQ,,00000
Arunachal Pradesh,85,243,West Siang,6586,4,Kombo Circle,,,00000
Arunachal Pradesh,86,719,Lower Siang,6574,3,Kora Circle,Kora Circle,,00000
Arunachal Pradesh,87,235,Lower Dibang Valley,1727,2,Koronu Circle,,10,01727
Arunachal Pradesh,88,719,Lower Siang,1648,6,Koyu Eac,,5,01648
Arunachal Pradesh,89,230,Dibang Valley,1721,2,Kronli (Arzoo Circle),,0,01721
Arunachal Pradesh,90,787,Bichom,6098,4,Lada Circle,,,00000
Arunachal Pradesh,91,239,Tirap,1694,9,Laju Sdo,Laju,8,01694
Arunachal Pradesh,92,678,Namsai,1733,5,Lathao Circle,Lathao Circle,0,01733
Arunachal Pradesh,93,666,Longding,1689,5,Lawnu Circle,Lawnu Circle,0,01689
Arunachal Pradesh,94,678,Namsai,1735,5,Lekang Mahadevpur Circle,Lekang Mahadevpur Circle,0,01735
Arunachal Pradesh,95,237,Papum Pare,1603,7,Leporiang Circle,,7,01603
Arunachal Pradesh,96,238,Tawang,6555,1,Lhou Circle,Lhou Circle,,00000
Arunachal Pradesh,97,719,Lower Siang,1640,4,Likabali Sdo,,18,01640
Arunachal Pradesh,98,241,Upper Subansiri,1608,3,Limeking Circle,Limeking Circle,2,01608
Arunachal Pradesh,99,243,West Siang,1632,7,Liromoba Eac,Liromoba,11,01632
Arunachal Pradesh,100,666,Longding,6074,3,Longding Hq,,,00000
Arunachal Pradesh,101,239,Tirap,6597,1,Longo Circle,Longo,,00000
Arunachal Pradesh,102,238,Tawang,1557,3,Lumla Adc,Lumla ADC,0,01557
Arunachal Pradesh,103,229,Changlang,6578,2,Lyngok Longtoi Circle,Lyngok Longtoi Circle,,00000
Arunachal Pradesh,104,628,Anjaw,1737,2,Manchal Circle,,4,01737
Arunachal Pradesh,105,229,Changlang,1673,10,Manmao Eac,Manmao EAC,4,01673
Arunachal Pradesh,106,240,Upper Siang,1666,3,Mariyang Adc,Mariyang ADC,9,01666
Arunachal Pradesh,107,241,Upper Subansiri,6554,1,Maro Circle,Maro Circle,,00000
Arunachal Pradesh,108,232,East Siang,1656,3,Mebo Adc,Mebo ADC,12,01656
Arunachal Pradesh,109,725,Shi Yomi,1622,8,Mechuka Adc,Mechuka,1,01622
Arunachal Pradesh,110,237,Papum Pare,1604,8,Mengio Eac,,8,01604
Arunachal Pradesh,111,628,Anjaw,1740,2,Metengliang Circle,,0,01740
Arunachal Pradesh,112,229,Changlang,1680,9,Miao Adc,Miao ADC,8,01680
Arunachal Pradesh,113,240,Upper Siang,1659,3,Migging Circle,Migging Circle,2,01659
Arunachal Pradesh,114,230,Dibang Valley,1717,2,Mipi,,1,01717
Arunachal Pradesh,115,725,Shi Yomi,1623,8,Monigong Eac,Monigong,2,01623
Arunachal Pradesh,116,240,Upper Siang,1667,3,Mopom Adipasi Circle,Mopom Adipasi Circle,0,01667
Arunachal Pradesh,117,238,Tawang,1563,5,Mukto Circle,Mukto Circle,6,01563
Arunachal Pradesh,118,241,Upper Subansiri,1609,2,Nacho Sdo,Nacho SDO,3,01609
Arunachal Pradesh,119,787,Bichom,1568,9,Nafra Adc,Nafra ADC,2,01568
Arunachal Pradesh,120,237,Papum Pare,1596,13,Naharlagun Eac,,2,01596
Arunachal Pradesh,121,229,Changlang,1676,7,Nampong Sdo,Nampong SDO,5,01676
Arunachal Pradesh,122,678,Namsai,1732,6,Namsai Hq,Namsai HQ,12,01732
Arunachal Pradesh,123,232,East Siang,6115,2,Namsing Circle,Namsing Circle,,00000
Arunachal Pradesh,124,229,Changlang,6580,1,Namtok Eac,Namtok EAC,,00000
Arunachal Pradesh,125,719,Lower Siang,1651,8,Nari Adc,,7,01651
Arunachal Pradesh,126,719,Lower Siang,6575,1,New Seren Circle,New Seren Circle,,00000
Arunachal Pradesh,127,243,West Siang,6587,4,Nikte Kodum Circle,,,00000
Arunachal Pradesh,128,241,Upper Subansiri,6552,2,Nilling Circle,Nilling Circle,,00000
Arunachal Pradesh,129,233,Kurung Kumey,1706,5,Nyapin Adc,NYAPIN ADC,7,01706
Arunachal Pradesh,130,233,Kurung Kumey,6844,1,Nyobia Circle,NYOBIA CIRCLE,,00000
Arunachal Pradesh,131,236,Lower Subansiri,6107,2,Old Ziro Sdo,Old Ziro SDO,,00000
Arunachal Pradesh,132,232,East Siang,1654,2,Oyan Circle,Oyan Circle,10,01654
Arunachal Pradesh,133,723,Pakke Kessang,1581,5,Pakke Kessang Eac,,0,01581
Arunachal Pradesh,134,231,East Kameng,6848,2,Pakoti Circle,PAKOTI CIRCLE,,00000
Arunachal Pradesh,135,677,Kra Daadi,1703,7,Palin Circle,,4,01703
Arunachal Pradesh,136,240,Upper Siang,1660,3,Palling Circle,Palling Circle,3,01660
Arunachal Pradesh,137,666,Longding,1692,4,Pangchao Sdo,,6,01692
Arunachal Pradesh,138,679,Siang,1645,4,Pangin Eac,,3,01645
Arunachal Pradesh,139,237,Papum Pare,1602,4,Parang Circle,Parang Circle,0,01602
Arunachal Pradesh,140,235,Lower Dibang Valley,6841,1,Parbuk Sdo,PARBUK SDO,,00000
Arunachal Pradesh,141,232,East Siang,6118,2,Pasighat Hq,Pasighat HQ,,00000
Arunachal Pradesh,142,723,Pakke Kessang,6846,1,Passa Valley Circle,PASSA VALLEY CIRCLE,,00000
Arunachal Pradesh,143,233,Kurung Kumey,6140,2,Patuk Adc,PATUK ADC,,00000
Arunachal Pradesh,144,241,Upper Subansiri,1612,2,Payeng Circle,Payeng Circle,6,01612
Arunachal Pradesh,145,679,Siang,6607,1,Payum Circle,,,00000
Arunachal Pradesh,146,233,Kurung Kumey,1707,5,Phassang Circle,PHASSANG CIRCLE,0,01707
Arunachal Pradesh,147,725,Shi Yomi,6590,2,Pidi Circle,Pidi Circle,,00000
Arunachal Pradesh,148,677,Kra Daadi,1715,6,Pipsorang Circle,,0,01715
Arunachal Pradesh,149,231,East Kameng,1587,2,Pipu Dipu Circle,,0,01587
Arunachal Pradesh,150,786,Keyi Panyor,6119,4,Pistana Circle,Pistana Circle,,00000
Arunachal Pradesh,151,678,Namsai,6121,5,Piyong Circle,Piyong Circle,,00000
Arunachal Pradesh,152,723,Pakke Kessang,6100,4,Pizirang Veo Circle,,,00000
Arunachal Pradesh,153,233,Kurung Kumey,6845,1,Polosang Circle,POLOSANG CIRCLE,,00000
Arunachal Pradesh,154,718,Kamle,1616,3,Puchi Geko Circle,Puchi Geko Circle,9,01616
Arunachal Pradesh,155,666,Longding,6584,1,Pumao Circle,,,00000
Arunachal Pradesh,156,718,Kamle,6129,3,Raga Adc,Raga ADC,,00000
Arunachal Pradesh,157,679,Siang,1647,4,Rebo Perging Circle,,4,01647
Arunachal Pradesh,158,229,Changlang,6577,2,Renuk Circle,Renuk Circle,,00000
Arunachal Pradesh,159,231,East Kameng,6101,4,Richukrong Circle,,,00000
Arunachal Pradesh,160,679,Siang,1644,4,Riga Eac,,2,01644
Arunachal Pradesh,161,235,Lower Dibang Valley,1724,3,Roing Hq,Roing,8,01724
Arunachal Pradesh,162,232,East Siang,1653,5,Ruksin Adc,Ruksin ADC,9,01653
Arunachal Pradesh,163,679,Siang,1630,4,Rumgong Adc,,9,01630
Arunachal Pradesh,164,242,West Kameng,6560,5,Rupa Sdo,Rupa SDO,,00000
Arunachal Pradesh,165,237,Papum Pare,1601,7,Sagalee Adc,Sagalee ADC,6,01601
Arunachal Pradesh,166,724,Leparada,6840,1,Sago,SAGO,,00000
Arunachal Pradesh,167,237,Papum Pare,6600,3,Sangdupota Basar Nello Circle,Sangdupota Basar Nello Circle,,00000
Arunachal Pradesh,168,233,Kurung Kumey,1705,6,Sangram Sdo,SANGRAM SDO,6,01705
Arunachal Pradesh,169,233,Kurung Kumey,1712,6,Sarli Circle,SARLI CIRCLE,10,01712
Arunachal Pradesh,170,231,East Kameng,1591,2,Sawa Circle,,10,01591
Arunachal Pradesh,171,241,Upper Subansiri,6553,1,Segi Gusar Circle,Segi Gusar Circle,,00000
Arunachal Pradesh,172,723,Pakke Kessang,6104,4,Seijosa Adc,,,00000
Arunachal Pradesh,173,231,East Kameng,1584,8,Seppa Hq,,4,01584
Arunachal Pradesh,174,242,West Kameng,6566,2,Shergaon Circle,Shergaon Circle,,00000
Arunachal Pradesh,175,719,Lower Siang,6573,1,Sibe Circle,Sibe Circle,,00000
Arunachal Pradesh,176,237,Papum Pare,6843,1,Silsango Circle,SILSANGO CIRCLE,,00000
Arunachal Pradesh,177,240,Upper Siang,1662,4,Singa Circle,Singa Circle,5,01662
Arunachal Pradesh,178,242,West Kameng,1573,7,Singchung Adc,Singchung ADC,6,01573
Arunachal Pradesh,179,241,Upper Subansiri,1610,2,Siyum Adc,Siyum ADC,4,01610
Arunachal Pradesh,180,239,Tirap,1685,9,Soha Circle,Soha,0,01685
Arunachal Pradesh,181,234,Lohit,1728,2,Sunpura Circle,Sunpura Circle,1,01728
Arunachal Pradesh,182,241,Upper Subansiri,6549,1,Taksing Circle,Taksing Circle,,00000
Arunachal Pradesh,183,677,Kra Daadi,1716,6,Tali Adc,,14,01716
Arunachal Pradesh,184,241,Upper Subansiri,1611,2,Taliha Adc,Taliha ADC,5,01611
Arunachal Pradesh,185,677,Kra Daadi,1711,6,Tarak Lengdi Cicle,,0,01711
Arunachal Pradesh,186,237,Papum Pare,1595,9,Taraso Circle,,0,01595
Arunachal Pradesh,187,725,Shi Yomi,6589,3,Tato Eac,Tato,,00000
Arunachal Pradesh,188,238,Tawang,1559,4,Tawang Hq,TAWANG HQ,4,01559
Arunachal Pradesh,189,234,Lohit,1729,2,Tezu Hq,Tezu HQ,2,01729
Arunachal Pradesh,190,242,West Kameng,6565,2,Thembang Circle,Thembang Circle,,00000
Arunachal Pradesh,191,238,Tawang,6556,1,Thingbu Circle,Thingbu Circle,,00000
Arunachal Pradesh,192,242,West Kameng,1575,8,Thrizino Adc,Thrizino ADC,8,01575
Arunachal Pradesh,193,229,Changlang,6581,1,Tikhak Rima Putok Circle,Tikhak Rima Putok Circle,,00000
Arunachal Pradesh,194,235,Lower Dibang Valley,1726,2,Tinali Paglam Circle,,0,01726
Arunachal Pradesh,195,724,Leparada,1635,5,Tirbin Eac,,14,01635
Arunachal Pradesh,196,237,Papum Pare,1600,6,Toru Circle,,5,01600
Arunachal Pradesh,197,240,Upper Siang,1658,4,Tuting Adc,Tuting ADC,1,01658
Arunachal Pradesh,198,229,Changlang,1679,7,Vijoynagar Eac,Vijoynagar EAC,7,01679
Arunachal Pradesh,199,666,Longding,6012,4,Wakka Sdo,,,00000
Arunachal Pradesh,200,234,Lohit,1730,2,Wakro Circle,Wakro Circle,10,01730
Arunachal Pradesh,201,628,Anjaw,1742,2,Walong Circle,,8,01742
Arunachal Pradesh,202,786,Keyi Panyor,1697,7,Yachuli Adc,Yachuli ADC,2,01697
Arunachal Pradesh,203,677,Kra Daadi,1704,6,Yangte Circle,,5,01704
Arunachal Pradesh,204,229,Changlang,6579,1,Yatdam Circle,Yatdam Circle,,00000
Arunachal Pradesh,205,786,Keyi Panyor,1698,7,Yazali Circle,Yazali Circle,0,01698
Arunachal Pradesh,206,240,Upper Siang,1663,4,Yingkiong Circle,Yingkiong Circle,6,01663
Arunachal Pradesh,207,243,West Siang,1633,6,Yomcha Adc,Yomcha,12,01633
Arunachal Pradesh,208,238,Tawang,1556,6,Zemithang Circle,Zemithang Circle,1,01556
Arunachal Pradesh,209,236,Lower Subansiri,1695,4,Ziro Hq,Ziro HQ,0,01695
Arunachal Pradesh,,,,,,,,,
Arunachal Pradesh,"Sep 5, 2026, 6:25 PM",,,,,,,,
Assam,,,,,,(In English),(In Local),,
Assam,1,285,Dhubri,2006,10,Agamoni,,1,02006
Assam,2,289,Hailakandi,2106,2,Algapur,,1,02106
Assam,3,300,Sivasagar,2072,3,Amguri,,3,02072
Assam,4,285,Dhubri,7116,13,Athani,ATHANI,,00000
Assam,5,618,Kamrup Metro,2127,1,Azara,,9,02127
Assam,6,293,Sribhumi,2102,2,Badarpur,,2,02102
Assam,7,616,Baksa,2139,12,Baganpara,বাগানপাৰা,1,02139
Assam,8,280,Barpeta,2020,2,Baghbor,,3,02020
Assam,9,294,Kokrajhar,2005,7,Bagribari,বগৰীবাৰী,4,02005
Assam,10,739,Bajali,2024,24,Bajali (Pt),,6,02024
Assam,11,287,Goalpara,2014,1,Balijana,,2,02014
Assam,12,298,Nalbari,2137,2,Banekuchi,,4,02137
Assam,13,616,Baksa,5935,7,Barama,বৰমা,,00000
Assam,14,298,Nalbari,2135,3,Barbhag,,6,02135
Assam,15,298,Nalbari,2134,1,Barkhetri,,5,02134
Assam,16,280,Barpeta,2018,7,Barnagar (Pt),,1,02018
Assam,17,280,Barpeta,2022,9,Barpeta,,4,02022
Assam,18,616,Baksa,2143,19,Baska,,1,02143
Assam,19,612,Chirang,2113,4,Bengtol,,90,02113
Assam,20,294,Kokrajhar,2002,7,Bhawraguri,ভাওঁৰাগুৰী,2,02002
Assam,21,296,Marigaon,2027,1,Bhuragaon,,2,02027
Assam,22,295,Lakhimpur,2049,1,Bihpuria,,2,02049
Assam,23,612,Chirang,2115,8,Bijni,বিজনী,4,02115
Assam,24,285,Dhubri,6018,5,Bilasipara Pt,Bilasipara Pt,,02009
Assam,25,705,Biswanath,2045,2,Biswanath,,5,02045
Assam,26,281,Bongaigaon,2111,3,Boitamari,,2,02111
Assam,27,288,Golaghat,2082,1,Bokakhat,,1,02082
Assam,28,291,Kamrup,2124,1,Boko,,8,02124
Assam,29,281,Bongaigaon,2110,7,Bongaigaon (Pt),,1,02110
Assam,30,286,Dibrugarh,2065,1,Chabua,,3,02065
Assam,31,291,Kamrup,2122,1,Chamaria,,6,02122
Assam,32,618,Kamrup Metro,2131,3,Chandrapur,,14,02131
Assam,33,285,Dhubri,6019,3,Chapar Pt,Chapar Pt,,02010
Assam,34,301,Sonitpur,2042,9,Chariduar,,2,02042
Assam,35,280,Barpeta,2021,1,Chenga,,3,02021
Assam,36,291,Kamrup,2120,1,Chhaygaon,,5,02120
Assam,37,283,Darrang,2149,1,Dalgaon (Pt),,7,02149
Assam,38,281,Bongaigaon,7110,2,Dangtal Revenue Circle,,,00000
Assam,39,288,Golaghat,2084,3,Dergaon,,3,02084
Assam,40,295,Lakhimpur,2053,1,Dhakuakhana (Pt-I),,91,02053
Assam,41,301,Sonitpur,2041,7,Dhekiajuli (Pt),,1,02041
Assam,42,284,Dhemaji,2055,1,Dhemaji,,1,02055
Assam,43,297,Nagaon,2034,2,Dhing,,4,02034
Assam,44,285,Dhubri,6014,32,Dhubri,Dhubri,,02008
Assam,45,286,Dibrugarh,2064,1,Dibrugarh East,,2,02064
Assam,46,286,Dibrugarh,2063,1,Dibrugarh West,,1,02063
Assam,47,300,Sivasagar,2070,1,Dimow,,1,02070
Assam,48,292,Karbi Anglong,2089,1,Diphu,,2,02089
Assam,49,618,Kamrup Metro,2129,1,Dispur,,12,02129
Assam,50,709,Hojai,2039,5,Doboka,,8,02039
Assam,51,710,West Karbi Anglong,2088,2,Donka,,1,02088
Assam,52,302,Tinsukia,2060,1,Doom Dooma,,2,02060
Assam,53,294,Kokrajhar,2003,2,Dotma,দোতমা,3,02003
Assam,54,287,Goalpara,2016,2,Dudhnai,,4,02016
Assam,55,285,Dhubri,7115,3,Gauripur,GAURIPUR,,00000
Assam,56,298,Nalbari,2138,2,Ghograpar (Pt),,6,02138
Assam,57,284,Dhemaji,2058,1,Gogamukh,,92,02058
Assam,58,705,Biswanath,2047,2,Gohpur,,7,02047
Assam,59,288,Golaghat,2085,3,Golaghat,,4,02085
Assam,60,285,Dhubri,6015,3,Golakganj Pt,Golakganj Pt,,02007
Assam,61,756,Tamulpur,2141,7,Goreswar,গোৰেশ্বৰ,1,02141
Assam,62,291,Kamrup,2121,1,Goroimari,,5,02121
Assam,63,294,Kokrajhar,2001,6,Gossaigaon,গোসাইগাঁও,1,02001
Assam,64,618,Kamrup Metro,2128,1,Guwahati,,10,02128
Assam,65,299,Dima Hasao,2093,4,Haflong,,2,02093
Assam,66,289,Hailakandi,2107,1,Hailakandi,,2,02107
Assam,67,291,Kamrup,2119,1,Hajo,,4,02119
Assam,68,617,Udalguri,2151,5,Harisinga,,1,02151
Assam,69,705,Biswanath,2046,2,Helem,,6,02046
Assam,70,709,Hojai,2038,12,Hojai,,8,02038
Assam,71,616,Baksa,2140,16,Jalah,জালাহ,8,02140
Assam,72,284,Dhemaji,2057,1,Jonai,,3,02057
Assam,73,290,Jorhat,2078,1,Jorhat East,,3,02078
Assam,74,290,Jorhat,2077,2,Jorhat West,,2,02077
Assam,75,295,Lakhimpur,2051,1,Kadam,,4,02051
Assam,76,617,Udalguri,6427,7,Kalaigaon,,,00000
Assam,77,280,Barpeta,2019,2,Kalgachia,,2,02019
Assam,78,297,Nagaon,2031,1,Kaliabor,,1,02031
Assam,79,291,Kamrup,2118,7,Kamalpur,,3,02118
Assam,80,297,Nagaon,2037,6,Kampur,,7,02037
Assam,81,293,Sribhumi,2101,1,Karimganj,,1,02101
Assam,82,282,Cachar,2096,3,Katigora,,1,02096
Assam,83,289,Hailakandi,2109,1,Katlichara,,4,02109
Assam,84,617,Udalguri,6428,7,Khoirabari,,,00000
Assam,85,288,Golaghat,2083,1,Khumtai,,2,02083
Assam,86,294,Kokrajhar,6403,7,Kokrajhar,Kokrajhar,,00000
Assam,87,291,Kamrup,2117,5,Koya,,2,02117
Assam,88,296,Marigaon,2028,2,Laharighat,,3,02028
Assam,89,282,Cachar,2100,1,Lakhipur,,0005,02100
Assam,90,287,Goalpara,2013,1,Lakhipur,,1,02013
Assam,91,289,Hailakandi,2108,1,Lala,,3,02108
Assam,92,709,Hojai,2040,10,Lanka,,9,02040
Assam,93,708,Charaideo,2075,2,Mahmora,,6,02075
Assam,94,706,Majuli,2076,9,Majuli,,1,02076
Assam,95,283,Darrang,2148,5,Mangaldoi (Pt),,5,02148
Assam,96,281,Bongaigaon,7199,7,Manikpur,,,00000
Assam,97,707,South Salmara Mancachar,2012,2,Mankachar,,8,02012
Assam,98,302,Tinsukia,2062,1,Margherita,,4,02062
Assam,99,290,Jorhat,2081,1,Mariani,,4,02081
Assam,100,296,Marigaon,2029,1,Marigaon,,4,02029
Assam,101,287,Goalpara,2015,1,Matia,,3,02015
Assam,102,296,Marigaon,2026,2,Mayong,,1,02026
Assam,103,617,Udalguri,2153,7,Mazbat,,8,02153
Assam,104,296,Marigaon,2030,1,Mikirbheta,,5,02030
Assam,105,286,Dibrugarh,2067,1,Moran,,5,02067
Assam,106,288,Golaghat,2086,1,Morangi,,4,02086
Assam,107,301,Sonitpur,7416,4,Naduar,ন-দুৱাৰ,,00000
Assam,108,705,Biswanath,2044,10,Na-Duar,,4,02044
Assam,109,297,Nagaon,2035,1,Nagaon,,5,02035
Assam,110,291,Kamrup,2123,1,Nagarbera,,7,02123
Assam,111,286,Dibrugarh,2069,1,Naharkatiya,,7,02069
Assam,112,298,Nalbari,2136,1,Nalbari,,7,02136
Assam,113,295,Lakhimpur,2050,1,Naobaicha,,3,02050
Assam,114,295,Lakhimpur,2048,1,Narayanpur,,1,02048
Assam,115,300,Sivasagar,2073,3,Nazira,,4,02073
Assam,116,293,Sribhumi,2103,1,Nilambazar,,3,02103
Assam,117,291,Kamrup,2126,4,North Guwahati,উত্তৰ গুৱাহাটী,11,02126
Assam,118,295,Lakhimpur,2052,2,North Lakhimpur,,5,02052
Assam,119,298,Nalbari,2133,2,Pachim Nalbari,,4,02133
Assam,120,291,Kamrup,2125,1,Palasbari,,9,02125
Assam,121,293,Sribhumi,2104,1,Patharkandi,,4,02104
Assam,122,283,Darrang,2146,21,Pathorighat (Pt),,3,02146
Assam,123,292,Karbi Anglong,2090,1,Phuloni,,3,02090
Assam,124,283,Darrang,7415,5,Pub Mangaldai,পুব মঙ্গলদৈ,,00000
Assam,125,297,Nagaon,2036,1,Raha,,6,02036
Assam,126,293,Sribhumi,2105,1,Ramkrishna Nagar,,5,02105
Assam,127,291,Kamrup,5934,5,Rangia,ৰঙিয়া,,00000
Assam,128,287,Goalpara,2017,2,Rangjuli,,5,02017
Assam,129,297,Nagaon,2033,1,Rupahi,,3,02033
Assam,130,302,Tinsukia,2059,1,Sadiya,,1,02059
Assam,131,297,Nagaon,2032,1,Samaguri,,2,02032
Assam,132,708,Charaideo,7054,13,Sapekhati,,,00000
Assam,133,280,Barpeta,2023,8,Sarthebari,,5,02023
Assam,134,288,Golaghat,2087,2,Sarupathar,,5,02087
Assam,135,739,Bajali,2025,14,Sarupeta (Pt),,7,02025
Assam,136,300,Sivasagar,2071,4,Sibsagar,,2,02071
Assam,137,612,Chirang,2114,8,Sidli,ছিডলি,90,02114
Assam,138,282,Cachar,2097,1,Silchar,,2,02097
Assam,139,292,Karbi Anglong,2091,1,Silonijan,,4,02091
Assam,140,283,Darrang,2147,18,Sipajhar,,4,02147
Assam,141,284,Dhemaji,2056,1,Sissibargaon,,2,02056
Assam,142,282,Cachar,2099,1,Sonai,,4,02099
Assam,143,618,Kamrup Metro,2130,1,Sonapur,,13,02130
Assam,144,708,Charaideo,2074,13,Sonari,,5,02074
Assam,145,300,Sivasagar,7602,1,Sonari Part,সোনাৰী অংশ,,00000
Assam,146,707,South Salmara Mancachar,2011,10,South Salmara,,7,02011
Assam,147,285,Dhubri,7417,5,South Salmara Pt,South Salmara Pt,,00000
Assam,148,281,Bongaigaon,2112,1,Srijangram,,3,02112
Assam,149,295,Lakhimpur,2054,1,Subansiri (Pt-I),,92,02054
Assam,150,756,Tamulpur,2144,5,Tamulpur,,9,02144
Assam,151,286,Dibrugarh,2066,1,Tengakhat,,4,02066
Assam,152,290,Jorhat,2079,1,Teok,,4,02079
Assam,153,301,Sonitpur,2043,1,Tezpur,,3,02043
Assam,154,301,Sonitpur,7049,5,Thelamara,,,00000
Assam,155,298,Nalbari,2132,1,Tihu (Pt),,3,02132
Assam,156,286,Dibrugarh,2068,1,Tingkhong,,6,02068
Assam,157,302,Tinsukia,2061,1,Tinsukia,,3,02061
Assam,158,290,Jorhat,2080,2,Titabor,,5,02080
Assam,159,617,Udalguri,2152,10,Udalguri,,8,02152
Assam,160,282,Cachar,2098,1,Udarbond,,3,02098
Assam,161,706,Majuli,7114,5,Ujani Majuli Circle,UJANI MAJULI CIRCLE,,00000
Assam,,,,,,,,,
Assam,"Sep 5, 2026, 6:25 PM",,,,,,,,
Bihar,,,,,,(In English),(In Local),,
Bihar,1,213,Purbi Champaran,1032,1,Adapur,आदापुर,2,01032
Bihar,2,200,Kaimur (Bhabua),1456,2,Adhaura,अधौरा,11,01456
Bihar,3,193,Bhojpur,1432,1,Agiaon,अगिआव,12,01432
Bihar,4,210,Nawada,1519,1,Akbarpur,अकबरपुर,9,01519
Bihar,5,215,Rohtas,1472,1,Akorhi Gola,अकोढ़ीगोला,16,01472
Bihar,6,205,Madhepura,1169,1,Alamnagar,आलमनगर,12,01169
Bihar,7,202,Khagaria,1322,1,Alauli,अलौली,1,01322
Bihar,8,195,Darbhanga,1187,1,Alinagar,अलीनगर,7,01187
Bihar,9,190,Banka,1346,1,Amarpur,अमरपुर,2,01346
Bihar,10,196,Gaya,1499,1,Amas,आमस,13,01499
Bihar,11,201,Katihar,1157,1,Amdabad,अमदाबाद,16,01157
Bihar,12,218,Saran,1261,1,Amnour,अमनौर,14,01261
Bihar,13,214,Purnia,1138,1,Amour,अमौर,11,01138
Bihar,14,222,Siwan,1243,1,Andar,आन्दर,15,01243
Bihar,15,206,Madhubani,1096,1,Andhratharhi,अंधराठाढ़ी,17,01096
Bihar,16,188,Araria,1116,1,Araria,अररिया,5,01116
Bihar,17,213,Purbi Champaran,1045,1,Areraj,अरेराज,15,01045
Bihar,18,219,Sheikhpura,1377,1,Ariari,अरियरी,6,01377
Bihar,19,193,Bhojpur,1422,1,Arrah,आरा,2,01422
Bihar,20,611,Arwal,1542,1,Arwal,अरवल,1,01542
Bihar,21,207,Munger,1361,1,Asarganj,असरगंज,6,01361
Bihar,22,209,Nalanda,1385,1,Asthawan,अस्थावां,8,01385
Bihar,23,212,Patna,1415,1,Athmalgola,अथमलगोला,18,01415
Bihar,24,196,Gaya,1493,1,Atri,अतरी,7,01493
Bihar,25,208,Muzaffarpur,1207,1,Aurai,औराई,9,01207
Bihar,26,189,Aurangabad,1481,1,Aurangabad,औरंगाबाद,6,01481
Bihar,27,201,Katihar,1148,1,Azamnagar,आजमनगर,7,01148
Bihar,28,206,Madhubani,1088,1,Babubarhi,बाबुबरही,9,01088
Bihar,29,191,Begusarai,1310,1,Bachhwara,बछवाडा,7,01310
Bihar,30,211,Pashchim Champaran,1019,1,Bagaha,,7,01019
Bihar,31,203,Kishanganj,1125,1,Bahadurganj,बहादुरगंज,5,01125
Bihar,32,195,Darbhanga,1189,1,Bahadurpur,बहादुरपुर,9,01189
Bihar,33,195,Darbhanga,1192,1,Baheri,बहेरी,12,01192
Bihar,34,197,Gopalganj,1228,1,Baikunthpur,बैकुण्ठपुर,14,01228
Bihar,35,221,Sitamarhi,1063,1,Bairgania,बैरगनिया,1,01063
Bihar,36,211,Pashchim Champaran,1029,1,Bairia,बैरिया,17,01029
Bihar,37,214,Purnia,1139,1,Baisa,बैसा,12,01139
Bihar,38,214,Purnia,1140,1,Baisi,बायसी,13,01140
Bihar,39,221,Sitamarhi,1075,1,Bajpatti,बाजपट्टी,13,01075
Bihar,40,191,Begusarai,1316,1,Bakhri,बखरी,13,01316
Bihar,41,212,Patna,1414,1,Bakhtiarpur,बख्तियारपुर,17,01414
Bihar,42,191,Begusarai,1319,1,Balia,बलिया,16,01319
Bihar,43,201,Katihar,1146,1,Balrampur,बलरामपुर,5,01146
Bihar,44,208,Muzaffarpur,1210,1,Bandra,बन्दरा,12,01210
Bihar,45,218,Saran,1252,1,Baniapur,बनियापुर,5,01252
Bihar,46,213,Purbi Champaran,1035,1,Banjaria,बंजरिया,5,01035
Bihar,47,190,Banka,1350,1,Banka,बांका,6,01350
Bihar,48,213,Purbi Champaran,1037,1,Bankatwa,बनकटवा,7,01037
Bihar,49,196,Gaya,1500,1,Banke Bazar,बांकेबाजार,14,01500
Bihar,50,216,Saharsa,1180,1,Banma Itahri,बनमा इटहरी,10,01180
Bihar,51,214,Purnia,1128,1,Banmankhi,बनमनखी,1,01128
Bihar,52,196,Gaya,1510,1,Barachatti,बाराचट्टी,24,01510
Bihar,53,190,Banka,1349,1,Barahat,बाराहट,5,01349
Bihar,54,204,Lakhisarai,1365,1,Barahiya,बड़हिया,1,01365
Bihar,55,201,Katihar,1153,1,Barari,बरारी,12,01153
Bihar,56,197,Gopalganj,1226,1,Barauli,बरौली,12,01226
Bihar,57,191,Begusarai,1312,1,Barauni,बरौनी,9,01312
Bihar,58,219,Sheikhpura,1372,1,Barbigha,बरबीघा,1,01372
Bihar,59,212,Patna,1417,1,Barh,बाढ़,20,01417
Bihar,60,194,Buxar,1437,1,Barhampur,ब्रहम्पुर,3,01437
Bihar,61,214,Purnia,1129,1,Barhara,बरहरा,2,01129
Bihar,62,193,Bhojpur,1423,1,Barhara,बरहारा,2,01423
Bihar,63,222,Siwan,1231,1,Barharia,बड़हरिया,3,01231
Bihar,64,198,Jamui,1528,1,Barhat,बरहट,4,01528
Bihar,65,207,Munger,1357,1,Bariarpur,बरियारपुर,2,01357
Bihar,66,201,Katihar,1147,1,Barsoi,बरसोइ,6,01147
Bihar,67,189,Aurangabad,1482,1,Barun,बारुन,7,01482
Bihar,68,208,Muzaffarpur,1200,1,Baruraj (Motipur),बरुराज (मोतीपुर),2,01200
Bihar,69,223,Supaul,1102,1,Basantpur,बसंतपुर,2,01102
Bihar,70,222,Siwan,1234,1,Basantpur,बसंतपुर,2,01234
Bihar,71,206,Madhubani,1082,1,Basopatti,बसोंपट्टी,3,01082
Bihar,72,221,Sitamarhi,1069,1,Bathnaha,बथनाहा,7,01069
Bihar,73,190,Banka,1355,1,Bausi,बौंसी,11,01355
Bihar,74,191,Begusarai,1314,1,Begusarai,बेगूसराय,11,01314
Bihar,75,193,Bhojpur,1427,1,Behea,बिहिया,7,01427
Bihar,76,196,Gaya,1489,1,Belaganj,बेलागन्ज,3,01489
Bihar,77,212,Patna,1416,1,Belchhi,बेलछी,19,01416
Bihar,78,202,Khagaria,1326,1,Beldaur,बेलदौर,5,01326
Bihar,79,190,Banka,1352,1,Belhar,बेलहर,8,01352
Bihar,80,221,Sitamarhi,1072,1,Belsand,बेलसंड,10,01072
Bihar,81,209,Nalanda,1393,1,Ben,बेन,16,01393
Bihar,82,206,Madhubani,1091,1,Benipatti,बेनीपट्टी,12,01091
Bihar,83,195,Darbhanga,1188,1,Benipur,बेनीपुर,8,01188
Bihar,84,211,Pashchim Champaran,1028,1,Bettiah,बेतिया,16,01028
Bihar,85,200,Kaimur (Bhabua),1453,1,Bhabua,भभुआ,8,01453
Bihar,86,200,Kaimur (Bhabua),1455,1,Bhagwanpur,भगवानपुर,4,01455
Bihar,87,224,Vaishali,1271,1,Bhagwanpur,भगवानपुर,4,01271
Bihar,88,191,Begusarai,1308,1,Bhagwanpur,भगवानपुर,4,01308
Bihar,89,222,Siwan,1235,1,Bhagwanpur Hat,भगवानपुर हाट,7,01235
Bihar,90,188,Araria,1114,1,Bhargama,भरगामा,3,01114
Bihar,91,214,Purnia,1130,1,Bhawanipur,भवानीपुर,3,01130
Bihar,92,211,Pashchim Champaran,1022,1,Bhitaha,भितहा,10,01022
Bihar,93,197,Gopalganj,1217,1,Bhorey,भोरे,3,01217
Bihar,94,217,Samastipur,1299,1,Bibhutpur,बिभुतिपुर,16,01299
Bihar,95,224,Vaishali,1280,1,Bidupur,बिदुपुर,13,01280
Bihar,96,209,Nalanda,1386,1,Bihar,,9,01386
Bihar,97,205,Madhepura,1166,1,Bihariganj,बिहारीगंज,9,01166
Bihar,98,192,Bhagalpur,1330,1,Bihpur,बिहपुर,2,01330
Bihar,99,212,Patna,1403,1,Bihta,बिहटा,6,01403
Bihar,100,197,Gopalganj,1216,1,Bijaipur,विजयपुर,2,01216
Bihar,101,212,Patna,1405,1,Bikram,बिक्रम,8,01405
Bihar,102,215,Rohtas,1461,1,Bikramganj,बिक्रमगंज,5,01461
Bihar,103,209,Nalanda,1383,1,Bind,बिन्द,6,01383
Bihar,104,195,Darbhanga,1193,1,Biraul,बिरौल,13,01193
Bihar,105,191,Begusarai,1313,1,Birpur,वीरपुर,10,01313
Bihar,106,206,Madhubani,1092,1,Bisfi,बिस्फी,13,01092
Bihar,107,217,Samastipur,1303,1,Bithan,बिथान,20,01303
Bihar,108,208,Muzaffarpur,1206,1,Bochaha,बोचहा,8,01206
Bihar,109,196,Gaya,1505,1,Bodh Gaya,बोधगया,19,01505
Bihar,110,221,Sitamarhi,1079,1,Bokhara,बोखरा,17,01079
Bihar,111,194,Buxar,1441,1,Buxar,बक्सर,7,01441
Bihar,112,200,Kaimur (Bhabua),1452,1,Chainpur,चैनपुर,7,01452
Bihar,113,198,Jamui,1534,1,Chakai,चकाई,10,01534
Bihar,114,213,Purbi Champaran,1051,1,Chakia(Pipra),चकिया,21,01051
Bihar,115,194,Buxar,1436,1,Chakki,चक्की,2,01436
Bihar,116,190,Banka,1353,1,Chanan,चान्दन,9,01353
Bihar,117,204,Lakhisarai,1369,1,Chanan*,चानन,9,01369
Bihar,118,200,Kaimur (Bhabua),1451,2,Chand,चाँद,6,01451
Bihar,119,209,Nalanda,1381,1,Chandi,चण्डी,4,01381
Bihar,120,211,Pashchim Champaran,1025,1,Chanpatia,चनपटिया,13,01025
Bihar,121,218,Saran,1258,1,Chapra,,11,01258
Bihar,122,221,Sitamarhi,1076,1,Charaut,चरौत,14,01076
Bihar,123,193,Bhojpur,1430,1,Charpokhari,चरपोखरी,10,01430
Bihar,124,194,Buxar,1438,1,Chaugain,चौगाई,4,01438
Bihar,125,194,Buxar,1442,1,Chausa,चौसा,13,01442
Bihar,126,205,Madhepura,1170,1,Chausa,चौसा,13,01170
Bihar,127,202,Khagaria,1325,1,Chautham,चौथम,4,01325
Bihar,128,224,Vaishali,1273,1,Chehra Kalan,चेहरा कलां,6,01273
Bihar,129,215,Rohtas,1468,1,Chenari,चेनारी,12,01468
Bihar,130,191,Begusarai,1307,1,Cheria Bariarpur,चेरिया बरियारपुर,4,01307
Bihar,131,219,Sheikhpura,1376,1,Chewara,चेवाड़ा,5,01376
Bihar,132,223,Supaul,1103,2,Chhatapur,छातापुर,3,01103
Bihar,133,191,Begusarai,1305,1,Chhorahi,छौड़ाही,2,01305
Bihar,134,213,Purbi Champaran,1040,1,Chiraia,चिरैया,10,01040
Bihar,135,214,Purnia,1141,1,Dagarua,डगरुआ,14,01141
Bihar,136,217,Samastipur,1297,1,Dalsinghsarai,दलसिंघसराय,14,01297
Bihar,137,191,Begusarai,1317,1,Dandari,डंडारी,14,01317
Bihar,138,201,Katihar,1150,1,Dandkhora,डंडखोरा,9,01150
Bihar,139,212,Patna,1412,1,Daniawan,दनियावा,15,01412
Bihar,140,222,Siwan,1242,1,Darauli,दरौली,14,01242
Bihar,141,222,Siwan,1246,1,Daraundha,दरौन्दा,18,01246
Bihar,142,195,Darbhanga,1184,1,Darbhanga,दरभंगा,4,01184
Bihar,143,218,Saran,1264,1,Dariapur,दरियापुर,17,01264
Bihar,144,189,Aurangabad,1476,1,Daudnagar,दाऊदनगर,1,01476
Bihar,145,215,Rohtas,1459,1,Dawath,दावत,3,01459
Bihar,146,215,Rohtas,1473,1,Dehri,डिहरी,17,01473
Bihar,147,189,Aurangabad,1485,1,Deo,देव,10,01485
Bihar,148,224,Vaishali,1281,1,Desri,देसरी,14,01281
Bihar,149,213,Purbi Champaran,1039,1,Dhaka,ढाका,9,01039
Bihar,150,214,Purnia,1132,1,Dhamdaha,धमदाहा,5,01132
Bihar,151,212,Patna,1409,1,Dhanarua,धनरूआ,12,01409
Bihar,152,207,Munger,1359,1,Dharhara,धरहरा,4,01359
Bihar,153,208,Muzaffarpur,1211,1,Dholi (Moraul),ढोली (मुरौल),13,01211
Bihar,154,190,Banka,1348,1,Dhuraiya,धोरैया,4,01348
Bihar,155,212,Patna,7449,1,Didarganj,दीदारगंज,,00000
Bihar,156,203,Kishanganj,1122,1,Dighalbank,दिघलबैंक,2,01122
Bihar,157,218,Saran,1266,2,Dighwara,दिघवारा,19,01266
Bihar,158,212,Patna,1399,1,Dinapur-Cum-Khagaul,दानापुर,2,01399
Bihar,159,215,Rohtas,1458,1,Dinara,दिनारा,2,01458
Bihar,160,196,Gaya,1504,1,Dobhi,डोभी,18,01504
Bihar,161,212,Patna,1406,1,Dulhin Bazar,दुल्हिन बाज़ार,9,01406
Bihar,162,196,Gaya,1502,1,Dumaria,डुमरीया,16,01502
Bihar,163,221,Sitamarhi,1074,1,Dumra,डूमरा,12,01074
Bihar,164,194,Buxar,1440,1,Dumraon,डुमरॉंव,6,01440
Bihar,165,220,Sheohar,1061,1,Dumri Katsari,डूमरी कटसरी,4,01061
Bihar,166,200,Kaimur (Bhabua),1450,1,Durgawati,दुर्गावती,5,01450
Bihar,167,209,Nalanda,1391,1,Ekangarsarai,एकंगरसराय,14,01391
Bihar,168,218,Saran,1254,1,Ekma,एकमा,7,01254
Bihar,169,201,Katihar,1142,1,Falka,फलका,1,01142
Bihar,170,196,Gaya,1508,1,Fatehpur,फतेहपुर,22,01508
Bihar,171,212,Patna,1411,1,Fatwah,फतुहाँ,14,01411
Bihar,172,188,Araria,1113,1,Forbesganj,फारबिसगंज,2,01113
Bihar,173,208,Muzaffarpur,1209,1,Gaighat,गायघाट,11,01209
Bihar,174,205,Madhepura,1158,1,Gamharia,गम्हरिया,1,01158
Bihar,175,193,Bhojpur,1431,1,Garhani,गरहनि,11,01431
Bihar,176,191,Begusarai,1306,1,Garhpura,गढ़पुरा,3,01306
Bihar,177,218,Saran,1265,2,Garkha,गरखा,18,01265
Bihar,178,211,Pashchim Champaran,1015,1,Gaunaha,गौनाहा,3,01015
Bihar,179,196,Gaya,1495,1,Gaya Town C.D.Block,,9,01495
Bihar,180,205,Madhepura,1160,1,Ghailarh,घैलाढ़,3,01160
Bihar,181,195,Darbhanga,1194,1,Ghanshyampur,घनश्यामपुर,14,01194
Bihar,182,219,Sheikhpura,1375,1,Ghat Kusumbha,घाटकुसुमभा,4,01375
Bihar,183,206,Madhubani,1098,1,Ghoghardiha,घोघरडीह,19,01098
Bihar,184,213,Purbi Champaran,1038,1,Ghorasahan,घोडासहन,8,01038
Bihar,185,199,Jehanabad,1539,1,Ghoshi,घोसी,10,01539
Bihar,186,212,Patna,1419,1,Ghoswari,घोसवरी,22,01419
Bihar,187,198,Jamui,1531,1,Gidhaur,गिद्धौर,7,01531
Bihar,188,209,Nalanda,1396,1,Giriak,गिरियक,19,01396
Bihar,189,210,Nawada,1518,1,Gobindpur,गोविंदपुर,8,01518
Bihar,190,202,Khagaria,1327,1,Gogri,गोगरी,6,01327
Bihar,191,189,Aurangabad,1478,1,Goh,गोह,3,01478
Bihar,192,197,Gopalganj,1224,1,Gopalganj,गोपालगंज,10,01224
Bihar,193,192,Bhagalpur,1334,1,Gopalpur,गोपालपुर,6,01334
Bihar,194,195,Darbhanga,1196,1,Gora Bauram,गौरबौरम,16,01196
Bihar,195,192,Bhagalpur,1342,1,Goradih,गोराडीह,14,01342
Bihar,196,224,Vaishali,1272,1,Goraul,गोरौल,5,01272
Bihar,197,222,Siwan,1232,1,Goriakothi,गोरियाकोठी,4,01232
Bihar,198,196,Gaya,1497,1,Guraru,गुरारु,11,01497
Bihar,199,196,Gaya,1498,1,Gurua,गुरुआ,12,01498
Bihar,200,222,Siwan,1241,1,Guthani,गुठनी,13,01241
Bihar,201,205,Madhepura,1165,1,Gwalpara,ग्वालपाड़ा,8,01165
Bihar,202,224,Vaishali,1278,1,Hajipur,हाजीपुर,11,01278
Bihar,203,204,Lakhisarai,1371,1,Halsi,हलसी,6,01371
Bihar,204,195,Darbhanga,1190,1,Hanumannagar,हनुमाननगर,10,01190
Bihar,205,206,Madhubani,1081,1,Harlakhi,हरलाखी,2,01081
Bihar,206,209,Nalanda,1380,1,Harnaut,हरनौत,3,01380
Bihar,207,213,Purbi Champaran,1043,1,Harsidhi,हरसिद्धि,13,01043
Bihar,208,201,Katihar,1144,1,Hasanganj,हसनगंज,3,01144
Bihar,209,217,Samastipur,1302,1,Hasanpur,हसनपुर,19,01302
Bihar,210,222,Siwan,1245,1,Hasanpura,हसनपुरा,17,01245
Bihar,211,189,Aurangabad,1477,1,Haspura,हसपुरा,2,01477
Bihar,212,197,Gopalganj,1221,1,Hathua,हथुआ,7,01221
Bihar,213,195,Darbhanga,1191,1,Hayaghat,हायाघाट,11,01191
Bihar,214,209,Nalanda,1390,1,Hilsa,हिलसा,13,01390
Bihar,215,210,Nawada,1520,1,Hisua,हिसुआ,10,01520
Bihar,216,199,Jehanabad,1541,1,Hulasganj,हुलासगंज,12,01541
Bihar,217,222,Siwan,1238,1,Hussainganj,हुस्सैनगंज,10,01238
Bihar,218,196,Gaya,1501,1,Imamganj,ईमामगन्ज,15,01501
Bihar,219,218,Saran,1251,1,Ishupur,इसुआपुर,4,01251
Bihar,220,198,Jamui,1525,1,Islamnagar Aliganj,इस्लामनगर अलीगंज,1,01525
Bihar,221,209,Nalanda,1392,1,Islampur,इस्लामपुर,15,01392
Bihar,222,192,Bhagalpur,1337,1,Ismailpur,इस्‍माईलपुर,9,01337
Bihar,223,194,Buxar,1444,1,Itarhi,इटाढी,10,01444
Bihar,224,193,Bhojpur,1428,2,Jagdishpur,जगदिशपुर,15,01428
Bihar,225,192,Bhagalpur,1343,2,Jagdishpur,जगदीशपुर,15,01343
Bihar,226,206,Madhubani,1083,1,Jainagar,जयनगर,4,01083
Bihar,227,214,Purnia,1137,1,Jalalgarh,जलालगढ,10,01137
Bihar,228,218,Saran,1256,1,Jalalpur,जलालपुर,9,01256
Bihar,229,195,Darbhanga,1181,1,Jale,जाले,1,01181
Bihar,230,207,Munger,1358,1,Jamalpur,जमालपुर,3,01358
Bihar,231,198,Jamui,1527,1,Jamui,जमुई,3,01527
Bihar,232,224,Vaishali,1276,1,Jandaha,जन्दाहा,9,01276
Bihar,233,199,Jehanabad,1536,1,Jehanabad,जहानाबाद,7,01536
Bihar,234,198,Jamui,1530,1,Jhajha,झाझा,6,01530
Bihar,235,206,Madhubani,1097,1,Jhanjharpur,झंझारपुर,18,01097
Bihar,236,211,Pashchim Champaran,1024,1,Jogapatti,योगापट्टी,12,01024
Bihar,237,188,Araria,1120,1,Jokihat,जोकीहाट,9,01120
Bihar,238,201,Katihar,1145,1,Kadwa,कदवा,4,01145
Bihar,239,192,Bhagalpur,1336,2,Kahalgaon,कहलगांव,8,01336
Bihar,240,216,Saharsa,1174,1,Kahara,कहरा,4,01174
Bihar,241,199,Jehanabad,1537,1,Kako,काको,8,01537
Bihar,242,611,Arwal,1543,2,Kaler,कलेर,2,01543
Bihar,243,206,Madhubani,1090,1,Kaluahi,कलुआही,11,01090
Bihar,244,213,Purbi Champaran,1048,1,Kalyanpur,कल्यानपुर,18,01048
Bihar,245,217,Samastipur,1284,1,Kalyanpur,कलयानपुर,18,01284
Bihar,246,208,Muzaffarpur,1204,1,Kanti,काँटी,6,01204
Bihar,247,209,Nalanda,1378,1,Karai Parsurai,करायपरसुराय,1,01378
Bihar,248,215,Rohtas,1462,1,Karakat,काराकाट,6,01462
Bihar,249,215,Rohtas,1467,1,Kargahar,करहगर,11,01467
Bihar,250,611,Arwal,1544,1,Karpi,करपी,3,01544
Bihar,251,214,Purnia,1135,1,Kasba,कसबा,8,01135
Bihar,252,210,Nawada,1514,1,Kashi Chak,कशीचक,4,01514
Bihar,253,201,Katihar,1151,2,Katihar,कटिहार,10,01151
Bihar,254,197,Gopalganj,1215,1,Katiya,कटेया,1,01215
Bihar,255,190,Banka,1354,1,Katoria,कटोरिया,10,01354
Bihar,256,208,Muzaffarpur,1208,1,Katra,कटरा,10,01208
Bihar,257,209,Nalanda,1397,1,Katrisarai,कतरीसराय,20,01397
Bihar,258,210,Nawada,1516,1,Kawakol,कौवाकोल,6,01516
Bihar,259,195,Darbhanga,1183,1,Keotiranway,,3,01183
Bihar,260,213,Purbi Champaran,1047,1,Kesaria,केशरिया,17,01047
Bihar,261,194,Buxar,1439,1,Kesath,केसठ,5,01439
Bihar,262,202,Khagaria,1323,1,Khagaria,खगड़िया,2,01323
Bihar,263,198,Jamui,1532,1,Khaira,खैरा,8,01532
Bihar,264,206,Madhubani,1089,1,Khajauli,खजौली,10,01089
Bihar,265,217,Samastipur,1287,1,Khanpur,खानपुर,4,01287
Bihar,266,207,Munger,1360,1,Kharagpur,,5,01360
Bihar,267,192,Bhagalpur,1331,2,Kharik,खारीक,3,01331
Bihar,268,196,Gaya,1490,1,Khizirsarai,खिजरसराय,4,01490
Bihar,269,191,Begusarai,1304,1,Khudabandpur,खोदवन्दपुर,1,01304
Bihar,270,212,Patna,1413,1,Khusrupur,खुसरूपुर,16,01413
Bihar,271,195,Darbhanga,1195,1,Kiratpur,किरतपुर,15,01195
Bihar,272,205,Madhepura,1167,1,Kishanganj,,7,01167
Bihar,273,203,Kishanganj,1127,1,Kishanganj,किशनगंज,7,01127
Bihar,274,223,Supaul,1107,1,Kishanpur,किशनपुर,7,01107
Bihar,275,203,Kishanganj,1126,1,Kochadhamin,कोचाधामन,6,01126
Bihar,276,215,Rohtas,1457,1,Kochas,कोचस,1,01457
Bihar,277,193,Bhojpur,1424,1,Koilwar,कोइलवर,4,01424
Bihar,278,196,Gaya,1487,1,Konch,कोन्च,1,01487
Bihar,279,201,Katihar,1143,1,Korha,कोढ़ा,2,01143
Bihar,280,213,Purbi Champaran,1049,1,Kotwa,कोटवा,19,01049
Bihar,281,214,Purnia,1133,1,Krityanand Nagar,कृत्यानन्द नगर,6,01133
Bihar,282,197,Gopalganj,1219,1,Kuchaikote,कुचायकोट,5,01219
Bihar,283,200,Kaimur (Bhabua),1448,1,Kudra,कुदरा,3,01448
Bihar,284,205,Madhepura,1163,1,Kumarkhand,कूमारखंड,6,01163
Bihar,285,208,Muzaffarpur,1213,1,Kurhani,कुढनी,15,01213
Bihar,286,188,Araria,1117,1,Kursakatta,कुर्सकत्ता,6,01117
Bihar,287,201,Katihar,1155,1,Kursela,कुर्सेला,14,01155
Bihar,288,611,Arwal,1546,1,Kurtha,कुर्था,5,01546
Bihar,289,195,Darbhanga,1197,1,Kusheshwar Asthan,कुशेश्वर स्थान,17,01197
Bihar,290,195,Darbhanga,1198,1,Kusheshwar Asthan Purbi,कुशेश्वर स्थान पूर्वी,18,01198
Bihar,291,189,Aurangabad,1484,2,Kutumba,कुटुम्बा,9,01484
Bihar,292,206,Madhubani,1084,1,Ladania,लदनिया,5,01084
Bihar,293,218,Saran,1253,1,Lahladpur,लहलादपुर,6,01253
Bihar,294,204,Lakhisarai,1368,1,Lakhisarai,लखीसराय,4,01368
Bihar,295,206,Madhubani,1099,1,Lakhnaur,लखनौर,20,01099
Bihar,296,222,Siwan,1233,1,Lakri Nabiganj,लकड़ी नबीगंज,5,01233
Bihar,297,198,Jamui,1529,1,Lakshmipur,लक्ष्मीपुर,5,01529
Bihar,298,224,Vaishali,1270,1,Lalganj,लालगंज,3,01270
Bihar,299,206,Madhubani,1085,1,Laukaha,,6,01085
Bihar,300,206,Madhubani,1086,1,Laukahi,लौकाही,7,01086
Bihar,301,211,Pashchim Champaran,1018,1,Lauriya,लौरिया,6,01018
Bihar,302,189,Aurangabad,1486,1,Madanpur,मदनपुर,11,01486
Bihar,303,206,Madhubani,1100,1,Madhepur,मधेपुर,21,01100
Bihar,304,205,Madhepura,1161,1,Madhepura,मधेपुरा,4,01161
Bihar,305,213,Purbi Champaran,1055,1,Madhuban,मधुबन,25,01055
Bihar,306,206,Madhubani,1093,1,Madhubani,,9,01093
Bihar,307,211,Pashchim Champaran,1021,1,Madhubani,मधुबनी,9,01021
Bihar,308,206,Madhubani,1080,1,Madhwapur,मधवापुर,1,01080
Bihar,309,222,Siwan,1236,1,Maharajganj,महाराजगंज,8,01236
Bihar,310,216,Saharsa,1173,1,Mahishi,महिसी,3,01173
Bihar,311,224,Vaishali,1283,1,Mahnar,महनार,16,01283
Bihar,312,224,Vaishali,1275,1,Mahua,महुआ,8,01275
Bihar,313,211,Pashchim Champaran,1016,1,Mainatanr,मैनटाड,4,01016
Bihar,314,222,Siwan,1240,1,Mairwa,मैरवा,12,01240
Bihar,315,211,Pashchim Champaran,1027,1,Majhaulia,मझौलिया,15,01027
Bihar,316,221,Sitamarhi,1065,1,Majorganj,मेजरगंज,3,01065
Bihar,317,218,Saran,1262,1,Maker,मकेर,15,01262
Bihar,318,199,Jehanabad,1540,1,Makhdumpur,मखदुमपुर,11,01540
Bihar,319,212,Patna,1398,1,Maner,मनेर,1,01398
Bihar,320,195,Darbhanga,1185,4,Manigachhi,मनीगाछी,5,01185
Bihar,321,201,Katihar,1156,1,Manihari,मनिहारी,15,01156
Bihar,322,197,Gopalganj,1225,1,Manjha,मांझा,11,01225
Bihar,323,218,Saran,1255,1,Manjhi,मांझी,8,01255
Bihar,324,196,Gaya,1494,1,Manpur,मानपुर,8,01494
Bihar,325,201,Katihar,1152,1,Mansahi,मनसाही,11,01152
Bihar,326,202,Khagaria,1324,1,Mansi,मानसी,3,01324
Bihar,327,191,Begusarai,1309,1,Mansurchak,मंसूरचक,6,01309
Bihar,328,223,Supaul,1108,1,Marauna,मरौना,8,01108
Bihar,329,218,Saran,1260,1,Marhaura,मढ़ौरा,13,01260
Bihar,330,208,Muzaffarpur,1203,1,Marwan,मड्वन,5,01203
Bihar,331,212,Patna,1408,1,Masaurhi,मसौढ़ी,11,01408
Bihar,332,218,Saran,1248,1,Mashrakh,मशरख,1,01248
Bihar,333,191,Begusarai,1320,1,Matihani,मटिहानी,17,01320
Bihar,334,213,Purbi Champaran,1057,1,Mehsi,मेहसी,27,01057
Bihar,335,210,Nawada,1522,1,Meskaur,मेसकौर,12,01522
Bihar,336,208,Muzaffarpur,1205,1,Minapur,मीनापुर,7,01205
Bihar,337,199,Jehanabad,1538,1,Modanganj,मोदनगंज,9,01538
Bihar,338,200,Kaimur (Bhabua),1449,1,Mohania,मोहनिया,4,01449
Bihar,339,196,Gaya,1509,1,Mohanpur,मोहनपुर,10,01509
Bihar,340,217,Samastipur,1293,1,Mohanpur,मोहनपुर,10,01293
Bihar,341,217,Samastipur,1294,1,Mohiuddinagar,मोहिउद्दीनगर,11,01294
Bihar,342,212,Patna,1420,1,Mokameh,मोकामा,23,01420
Bihar,343,217,Samastipur,1291,1,Morwa,मोरवा,8,01291
Bihar,344,213,Purbi Champaran,1041,1,Motihari,मोतिहारी,11,01041
Bihar,345,196,Gaya,1492,1,Muhra,मोहडा,6,01492
Bihar,346,207,Munger,1356,1,Munger,,1,01356
Bihar,347,205,Madhepura,1164,1,Murliganj,मुरलीगंज,7,01164
Bihar,348,208,Muzaffarpur,1212,1,Musahri,मुशहरी,14,01212
Bihar,349,189,Aurangabad,1483,1,Nabinagar,नबीनगर,8,01483
Bihar,350,209,Nalanda,1379,1,Nagar Nausa,नगरनौसा,2,01379
Bihar,351,218,Saran,1259,1,Nagra,नगरा,12,01259
Bihar,352,221,Sitamarhi,1078,1,Nanpur,नानपुर,16,01078
Bihar,353,191,Begusarai,1315,1,Naokothi,नावकोठी,12,01315
Bihar,354,192,Bhagalpur,1329,1,Narayanpur,नारायणपुर,1,01329
Bihar,355,210,Nawada,1511,1,Nardiganj,नारदीगंज,1,01511
Bihar,356,210,Nawada,1521,1,Narhat,नरहट,11,01521
Bihar,357,213,Purbi Champaran,1036,1,Narkatia,,6,01036
Bihar,358,211,Pashchim Champaran,1017,1,Narkatiaganj,नरकटियागंज,5,01017
Bihar,359,188,Araria,1112,1,Narpatganj,नरपतगंज,1,01112
Bihar,360,215,Rohtas,1463,1,Nasriganj,नासरीगंज,7,01463
Bihar,361,192,Bhagalpur,1339,1,Nathnagar,नाथनगर,11,01339
Bihar,362,212,Patna,1404,1,Naubatpur,नौबतपुर,7,01404
Bihar,363,192,Bhagalpur,1332,1,Naugachhia,नवगछिया,4,01332
Bihar,364,215,Rohtas,1469,1,Nauhatta,नौहट्टा,1,01469
Bihar,365,216,Saharsa,1171,1,Nauhatta,नौहट्टा,1,01171
Bihar,366,211,Pashchim Champaran,1030,1,Nautan,नौतन,18,01030
Bihar,367,222,Siwan,1229,1,Nautan,नौतन,18,01229
Bihar,368,210,Nawada,1512,1,Nawada,नवादा,2,01512
Bihar,369,194,Buxar,1445,1,Nawanagar,नावानगर,11,01445
Bihar,370,196,Gaya,1491,1,Neem Chak Bathani,,5,01491
Bihar,371,223,Supaul,1101,1,Nirmali,निर्मली,1,01101
Bihar,372,215,Rohtas,1466,1,Nokha,नोखा,10,01466
Bihar,373,209,Nalanda,1387,1,Noorsarai,नुरसराय,10,01387
Bihar,374,200,Kaimur (Bhabua),1447,1,Nuaon,नुआँव,2,01447
Bihar,375,189,Aurangabad,1480,1,Obra,ओबरा,5,01480
Bihar,376,197,Gopalganj,1218,1,Pach Deuri,पंचदेवरी,4,01218
Bihar,377,222,Siwan,1237,1,Pachrukhi,पचरुखी,9,01237
Bihar,378,213,Purbi Champaran,1044,1,Paharpur,पहाङपुर,14,01044
Bihar,379,210,Nawada,1515,1,Pakribarawan,पकरीबरावाँ,5,01515
Bihar,380,213,Purbi Champaran,1052,1,Pakri Dayal,पकरीदयाल,22,01052
Bihar,381,188,Araria,1119,1,Palasi,पलासी,8,01119
Bihar,382,212,Patna,1407,1,Paliganj,पालीगंज,10,01407
Bihar,383,218,Saran,1249,1,Panapur,पानापुर,2,01249
Bihar,384,212,Patna,1418,1,Pandarak,पंडारक,21,01418
Bihar,385,206,Madhubani,1094,1,Pandaul,पंडौल,15,01094
Bihar,386,196,Gaya,1496,1,Paraiya,परैया,10,01496
Bihar,387,209,Nalanda,1389,1,Parbalpur,परवलपुर,12,01389
Bihar,388,202,Khagaria,1328,1,Parbatta,परबत्ता,7,01328
Bihar,389,221,Sitamarhi,1067,1,Parihar,परिहार,5,01067
Bihar,390,208,Muzaffarpur,1201,1,Paroo,पारू,3,01201
Bihar,391,218,Saran,1263,1,Parsa,परसा,16,01263
Bihar,392,221,Sitamarhi,1071,1,Parsauni,परसौनी,9,01071
Bihar,393,213,Purbi Champaran,1053,1,Patahi,पताहि,23,01053
Bihar,394,216,Saharsa,1176,1,Patarghat,पतरघट,6,01176
Bihar,395,224,Vaishali,1274,1,Patepur,पातेपुर,7,01274
Bihar,396,224,Vaishali,1269,1,Paterhi Belsar,पतेर्ही बेलसर,2,01269
Bihar,397,212,Patna,7447,1,Patliputra,पाटलिपुत्र,,00000
Bihar,398,212,Patna,7448,1,Patna City,पटना सिटी,,00000
Bihar,399,212,Patna,1400,4,Patna Rural,पटना,3,01400
Bihar,400,217,Samastipur,1292,1,Patori,पतोरी,9,01292
Bihar,401,213,Purbi Champaran,1054,1,Phenhara,फेनहारा,24,01054
Bihar,402,190,Banka,1351,1,Phulidumar,फुल्लीदुमर,7,01351
Bihar,403,206,Madhubani,1087,1,Phulparas,फुलपरास,8,01087
Bihar,404,212,Patna,1402,1,Phulwari,फुलवारी,5,01402
Bihar,405,197,Gopalganj,1220,1,Phulwaria,फुलवरिया,6,01220
Bihar,406,204,Lakhisarai,1366,1,Pipariya,पिपरिया,2,01366
Bihar,407,223,Supaul,1110,1,Pipra,पिपरा,10,01110
Bihar,408,213,Purbi Champaran,1050,1,Piprakothi,पिप्रकोठी,20,01050
Bihar,409,220,Sheohar,1059,1,Piprarhi,पिपराही,2,01059
Bihar,410,211,Pashchim Champaran,1020,1,Piprasi,पिपरासी,8,01020
Bihar,411,193,Bhojpur,1429,1,Piro,पिरो,9,01429
Bihar,412,192,Bhagalpur,1335,1,Pirpainti,पिरपैती,7,01335
Bihar,413,203,Kishanganj,1124,1,Pothia,पोठिया,4,01124
Bihar,414,201,Katihar,1149,1,Pranpur,प्राणपुर,8,01149
Bihar,415,223,Supaul,1104,1,Pratapganj,प्रतापगंज,4,01104
Bihar,416,212,Patna,1410,1,Punpun,पुनपुन,13,01410
Bihar,417,221,Sitamarhi,1077,1,Pupri,पुपरी,15,01077
Bihar,418,205,Madhepura,1168,1,Puraini,पुरैनी,11,01168
Bihar,419,220,Sheohar,1058,1,Purnahiya,पुरनहिया,1,01058
Bihar,420,214,Purnia,1134,1,Purnia East,पुरनिया पूर्व,7,01134
Bihar,421,217,Samastipur,1289,1,Pusa,पुसा,6,01289
Bihar,422,189,Aurangabad,1479,1,Rafiganj,रफीगंज,4,01479
Bihar,423,223,Supaul,1105,1,Raghopur,राघोपुर,5,01105
Bihar,424,224,Vaishali,1279,2,Raghopur,राघोपुर,5,01279
Bihar,425,222,Siwan,1244,1,Raghunathpur,रघुनाथपुर,16,01244
Bihar,426,209,Nalanda,1382,1,Rahui,रहुई,5,01382
Bihar,427,224,Vaishali,1277,1,Raja Pakar,रजा पाकर,10,01277
Bihar,428,210,Nawada,1524,1,Rajauli,रजौली,14,01524
Bihar,429,190,Banka,1347,1,Rajaun,रजौन,3,01347
Bihar,430,209,Nalanda,1394,1,Rajgir,राजगीर,17,01394
Bihar,431,206,Madhubani,1095,1,Rajnagar,राजनगर,16,01095
Bihar,432,194,Buxar,1443,1,Rajpur,राजपुर,9,01443
Bihar,433,215,Rohtas,1464,1,Rajpur,राजपुर,9,01464
Bihar,434,200,Kaimur (Bhabua),1446,1,Ramgarh,रामगढ,1,01446
Bihar,435,204,Lakhisarai,1370,1,Ramgarh Chowk,रामगढ चौक,5,01370
Bihar,436,213,Purbi Champaran,1033,1,Ramgarhwa,रामगढ़वा,3,01033
Bihar,437,211,Pashchim Champaran,1014,1,Ramnagar,रामनगर,2,01014
Bihar,438,200,Kaimur (Bhabua),1454,1,Rampur,रामपुर,9,01454
Bihar,439,192,Bhagalpur,1333,1,Rangra Chowk,रंगरा चौक,5,01333
Bihar,440,188,Araria,1115,1,Raniganj,रानीगंज,4,01115
Bihar,441,199,Jehanabad,1535,1,Ratni Faridpur,रातनीफरीदपुर,6,01535
Bihar,442,213,Purbi Champaran,1031,1,Raxaul,रक्सौल,1,01031
Bihar,443,218,Saran,1257,1,Revelganj,रिविलगंज,10,01257
Bihar,444,221,Sitamarhi,1070,1,Riga,रिगा,8,01070
Bihar,445,210,Nawada,1517,1,Roh,रोह,7,01517
Bihar,446,215,Rohtas,1475,1,Rohtas,रोहतास,19,01475
Bihar,447,217,Samastipur,1300,1,Rosera,रोसरा,17,01300
Bihar,448,221,Sitamarhi,1073,1,Runisaidpur,रुनीसैदपुर,11,01073
Bihar,449,214,Purnia,1131,1,Rupauli,रुपौली,4,01131
Bihar,450,192,Bhagalpur,1338,1,Sabour,सबौर,10,01338
Bihar,451,193,Bhojpur,1434,1,Sahar,साहार,14,01434
Bihar,452,224,Vaishali,1282,1,Sahdai Buzurg,सहदई बुज़ुर्ग,15,01282
Bihar,453,208,Muzaffarpur,1199,1,Sahebganj,साहेबगंज,1,01199
Bihar,454,191,Begusarai,1318,1,Sahebpur Kamal,साहेबपुर कमाल,15,01318
Bihar,455,208,Muzaffarpur,1214,1,Sakra,सकरा,16,01214
Bihar,456,216,Saharsa,1179,1,Salkhua,सलखुआ,9,01179
Bihar,457,217,Samastipur,1288,1,Samastipur,समस्तीपुर,5,01288
Bihar,458,201,Katihar,1154,1,Sameli,समेली,13,01154
Bihar,459,212,Patna,1401,1,Sampatchak,संपतचक,4,01401
Bihar,460,193,Bhojpur,1425,1,Sandesh,सन्देश,5,01425
Bihar,461,213,Purbi Champaran,1046,1,Sangrampur,संग्रामपुर,16,01046
Bihar,462,207,Munger,1364,1,Sangrampur,संग्रामपुर,16,01364
Bihar,463,215,Rohtas,1465,1,Sanjhauli,संझौली,9,01465
Bihar,464,223,Supaul,1106,1,Saraigarh Bhaptiyahi,सरायगढ़ भपटियाही,6,01106
Bihar,465,217,Samastipur,1295,1,Sarairanjan,सरायरंजन,12,01295
Bihar,466,208,Muzaffarpur,1202,1,Saraiya,सरैया,4,01202
Bihar,467,209,Nalanda,1384,1,Sarmera,सरमेरा,7,01384
Bihar,468,215,Rohtas,1471,1,Sasaram,सासाराम,15,01471
Bihar,469,216,Saharsa,1172,1,Satar Kataiya,सत्‍तरकटैया,2,01172
Bihar,470,216,Saharsa,1175,1,Saur Bazar,सौरबाजार,5,01175
Bihar,471,192,Bhagalpur,1341,1,Shahkund,शाहकुण्‍ड,13,01341
Bihar,472,193,Bhojpur,1421,1,Shahpur,शाह्पूर,1,01421
Bihar,473,190,Banka,1345,1,Shambhuganj,शंभुगंज,1,01345
Bihar,474,191,Begusarai,1321,1,Shamho Akha Kurha,शाम्हो अकहा कुरहा,18,01321
Bihar,475,205,Madhepura,1162,1,Shankarpur,शंकरपुर,5,01162
Bihar,476,219,Sheikhpura,1374,1,Sheikhpura,शेखपुरा,3,01374
Bihar,477,219,Sheikhpura,1373,1,Shekhopur Sarai,शेखोपुरसराय,2,01373
Bihar,478,220,Sheohar,1060,1,Sheohar,शिवहर,3,01060
Bihar,479,215,Rohtas,1470,1,Sheosagar,शिवसागर,14,01470
Bihar,480,196,Gaya,1503,1,Sherghati,शेरघाटी,17,01503
Bihar,481,217,Samastipur,1286,1,Shivaji Nagar,शिवाजीनगर,3,01286
Bihar,482,211,Pashchim Champaran,1013,1,Sidhaw,,1,01013
Bihar,483,197,Gopalganj,1227,1,Sidhwalia,सिधवलिया,13,01227
Bihar,484,198,Jamui,1526,1,Sikandra,सिकन्दरा,2,01526
Bihar,485,211,Pashchim Champaran,1026,1,Sikta,सिकटा,14,01026
Bihar,486,188,Araria,1118,1,Sikti,सिकटी,7,01118
Bihar,487,209,Nalanda,1395,1,Silao,सिलाव,18,01395
Bihar,488,194,Buxar,1435,1,Simri,सिमरी,1,01435
Bihar,489,216,Saharsa,1178,1,Simri Bakhtiarpur,सिमरीबख्तियारपुर,8,01178
Bihar,490,205,Madhepura,1159,1,Singheshwar,सिंघेश्वर,2,01159
Bihar,491,217,Samastipur,1301,1,Singhia,सिंघिया,18,01301
Bihar,492,195,Darbhanga,1182,1,Singhwara,सिंघवारा,2,01182
Bihar,493,210,Nawada,1523,1,Sirdala,सिरदला,13,01523
Bihar,494,222,Siwan,1247,1,Siswan,सिसवन,19,01247
Bihar,495,222,Siwan,1230,1,Siwan,सिवान,2,01230
Bihar,496,216,Saharsa,1177,1,Sonbarsa,सोनबरसा,4,01177
Bihar,497,221,Sitamarhi,1066,1,Sonbarsa,सोनबरसा,4,01066
Bihar,498,611,Arwal,1545,1,Sonbhadra Banshi Suryapur,सोनभद्र बंशी सुर्यापुर,4,01545
Bihar,499,218,Saran,1267,1,Sonepur,सोनपुर,20,01267
Bihar,500,192,Bhagalpur,1344,1,Sonhaula,सन्‍हौला,16,01344
Bihar,501,198,Jamui,1533,1,Sono,सोनो,9,01533
Bihar,502,214,Purnia,1136,1,Srinagar,श्रीनगर,9,01136
Bihar,503,213,Purbi Champaran,1034,1,Sugauli,सुगौली,4,01034
Bihar,504,192,Bhagalpur,1340,1,Sultanganj,सुलतानगंज,12,01340
Bihar,505,223,Supaul,1109,2,Supaul,सुपौल,9,01109
Bihar,506,221,Sitamarhi,1064,1,Suppi,सुप्पी,2,01064
Bihar,507,204,Lakhisarai,1367,1,Surajgarha,सुर्यगढ़ा,3,01367
Bihar,508,221,Sitamarhi,1068,1,Sursand,सुरसंड,6,01068
Bihar,509,215,Rohtas,1460,1,Suryapura,सुर्यपुरा,4,01460
Bihar,510,217,Samastipur,1290,1,Tajpur,ताजपुर,7,01290
Bihar,511,196,Gaya,1506,1,Tan Kuppa,टनकुप्पा,20,01506
Bihar,512,218,Saran,1250,1,Taraiya,तरैया,3,01250
Bihar,513,207,Munger,1362,1,Tarapur,तारापुर,7,01362
Bihar,514,193,Bhojpur,1433,1,Tarari,तरारी,13,01433
Bihar,515,195,Darbhanga,1186,1,Tardih,तारडीह,6,01186
Bihar,516,220,Sheohar,1062,1,Tariani Chowk,तरियानी,5,01062
Bihar,517,191,Begusarai,1311,1,Teghra,तेघड़ा,8,01311
Bihar,518,203,Kishanganj,1121,1,Terhagachh,टेढ़ागाछ,1,01121
Bihar,519,213,Purbi Champaran,1056,1,Tetaria,तेतरिया,26,01056
Bihar,520,207,Munger,1363,1,Tetiha Bambor,टेटियाबमबर,8,01363
Bihar,521,211,Pashchim Champaran,1023,1,Thakrahan,ठकराहा,11,01023
Bihar,522,203,Kishanganj,1123,1,Thakurganj,ठाकुरगंज,3,01123
Bihar,523,209,Nalanda,1388,1,Tharthari,थरथरी,11,01388
Bihar,524,197,Gopalganj,1223,1,Thawe,थावे,9,01223
Bihar,525,196,Gaya,1488,1,Tikari,टिकारी,2,01488
Bihar,526,215,Rohtas,1474,1,Tilouthu,तिलौथु,18,01474
Bihar,527,223,Supaul,1111,1,Tribeniganj,त्रिवेणीगंज,11,01111
Bihar,528,213,Purbi Champaran,1042,1,Turkaulia,तुरकौलिया,12,01042
Bihar,529,197,Gopalganj,1222,1,Uchkagaon,उचकागांव,8,01222
Bihar,530,193,Bhojpur,1426,1,Udwant Nagar,उदवंतनगर,6,01426
Bihar,531,217,Samastipur,1298,1,Ujiarpur,उजियारपुर,15,01298
Bihar,532,224,Vaishali,1268,1,Vaishali,वैशाली,1,01268
Bihar,533,217,Samastipur,1296,1,Vidyapati Nagar,विद्यापतिनगर,13,01296
Bihar,534,210,Nawada,1513,1,Warisaliganj,वारिसलिगंज,3,01513
Bihar,535,217,Samastipur,1285,1,Warisnagar,वारिसनगर,2,01285
Bihar,536,196,Gaya,1507,1,Wazirganj,वजीरगन्ज,21,01507
Bihar,537,222,Siwan,1239,1,Ziradei,जिरादेई,11,01239
Bihar,,,,,,,,,
Bihar,"Sep 5, 2026, 6:26 PM",,,,,,,,
Chandigarh,,,,,,(In English),(In Local),,
Chandigarh,1,44,Chandigarh,277,1,Chandigarh,,1,00277
Chandigarh,,,,,,,,,
Chandigarh,"Sep 5, 2026, 6:27 PM",,,,,,,,
Chhattisgarh,,,,,,(In English),(In Local),,
Chhattisgarh,1,381,Uttar Bastar Kanker,7346,2,Aamabeda,आमाबेड़ा,,00000
Chhattisgarh,2,387,Raipur,3331,2,Abhanpur,,8,03331
Chhattisgarh,3,762,Sakti,7255,2,Adbhar,अड़भार,,00000
Chhattisgarh,4,378,Durg,7331,3,Ahiwara,अहिवारा,,00000
Chhattisgarh,5,383,Korba,7241,1,Ajgarbahar,अजगरबहार,,00000
Chhattisgarh,6,379,Janjgir-Champa,3278,1,Akaltara,,0,03278
Chhattisgarh,7,761,Mohla-Manpur-Ambagarh Chouki,3310,3,Ambagarh Chouki,अम्बागढ़ चौकी,8,03310
Chhattisgarh,8,389,Surguja,3247,3,Ambikapur,,6,03247
Chhattisgarh,9,645,Gariyaband,7307,7,Amlipadar,अमलीपदर,,00000
Chhattisgarh,10,381,Uttar Bastar Kanker,3353,3,Antagarh,,5,03353
Chhattisgarh,11,387,Raipur,3330,6,Arang,,7,03330
Chhattisgarh,12,646,Balod,7253,3,Arjunda,अर्जुन्दा,,00000
Chhattisgarh,13,761,Mohla-Manpur-Ambagarh Chouki,7278,3,Aundhi,औंधी,,00000
Chhattisgarh,14,376,Dakshin Bastar Dantewada,6509,1,Bade Bacheli,BADE BACHELI,,00000
Chhattisgarh,15,643,Kondagaon,3356,3,Baderajpur,बड़ेराजपुर,1,03356
Chhattisgarh,16,380,Jashpur,7347,1,Bagbahar,बागबहार,,00000
Chhattisgarh,17,385,Mahasamund,3343,7,Bagbahra,,0,03343
Chhattisgarh,18,380,Jashpur,3255,3,Bagicha,बगीचा,1,03255
Chhattisgarh,19,384,Korea,3232,4,Baikunthpur,,2,03232
Chhattisgarh,20,374,Bastar,3364,5,Bakavand,,4,03364
Chhattisgarh,21,646,Balod,3321,2,Balod,BALOD,0,03321
Chhattisgarh,22,379,Janjgir-Champa,3279,2,Baloda,,0,03279
Chhattisgarh,23,644,Balodabazar-Bhatapara,3326,6,Balodabazar,बलौदाबाजार,3,03326
Chhattisgarh,24,649,Balrampur-Ramanujganj,3237,4,Balrampur,बलरामपुर,0,03237
Chhattisgarh,25,379,Janjgir-Champa,7265,1,Bamhnidih,बम्हनीडीह,,00000
Chhattisgarh,26,381,Uttar Bastar Kanker,7353,2,Bande,बांदे,,00000
Chhattisgarh,27,763,Sarangarh-Bilaigarh,3271,6,Baramkela,बरमकेला,0,03271
Chhattisgarh,28,383,Korba,7233,3,Barpali,बरपाली,,00000
Chhattisgarh,29,376,Dakshin Bastar Dantewada,7232,1,Barsur,बारसूर,,00000
Chhattisgarh,30,385,Mahasamund,3339,1,Basna,,1,03339
Chhattisgarh,31,374,Bastar,3362,1,Bastanar,,4,03362
Chhattisgarh,32,374,Bastar,3363,2,Bastar,,4,03363
Chhattisgarh,33,389,Surguja,3253,1,Batouli,,0,03253
Chhattisgarh,34,377,Dhamtari,7316,3,Belargaon,बेलरगाँव,,00000
Chhattisgarh,35,375,Bilaspur,7243,3,Belgahna,बेलगहना,,00000
Chhattisgarh,36,375,Bilaspur,7281,3,Beltara,बेलतरा,,00000
Chhattisgarh,37,650,Bemetara,3312,3,Bemetara,,2,03312
Chhattisgarh,38,650,Bemetara,3315,3,Berla,,4,03315
Chhattisgarh,39,636,Bijapur,3379,5,Bhairamgarh,,2,03379
Chhattisgarh,40,383,Korba,7328,3,Bhaisma,भैसमा,,00000
Chhattisgarh,41,648,Surajpur,3244,3,Bhaiyathan,भैयाथान,0,03244
Chhattisgarh,42,377,Dhamtari,7315,3,Bhakhara,भखारा,,00000
Chhattisgarh,43,374,Bastar,7312,1,Bhanpuri,भानपुरी,,00000
Chhattisgarh,44,381,Uttar Bastar Kanker,3349,1,Bhanupratappur,,2,03349
Chhattisgarh,45,760,Manendragarh-Chirmiri-Bharatpur(M C B),3231,3,Bharatpur,,1,03231
Chhattisgarh,46,644,Balodabazar-Bhatapara,3325,2,Bhatapara,,2,03325
Chhattisgarh,47,648,Surajpur,7310,1,Bhatgaon,भटगाँव,,00000
Chhattisgarh,48,763,Sarangarh-Bilaigarh,7276,4,Bhatgaon,भटगांव,,00000
Chhattisgarh,49,378,Durg,7329,6,Bhilai-3,भिलाई-3,,00000
Chhattisgarh,50,650,Bemetara,7299,1,Bhimbhauri,भिम्भौरी,,00000
Chhattisgarh,51,636,Bijapur,3376,1,Bhopalpattnam,,0,03376
Chhattisgarh,52,762,Sakti,7400,1,Bhothiya,भोथिया,,00000
Chhattisgarh,53,648,Surajpur,7245,1,Biharpur,बिहारपुर,,00000
Chhattisgarh,54,636,Bijapur,3378,3,Bijapur,,2,03378
Chhattisgarh,55,763,Sarangarh-Bilaigarh,3329,6,Bilaigarh,,6,03329
Chhattisgarh,56,375,Bilaspur,3295,5,Bilaspur,,6,03295
Chhattisgarh,57,375,Bilaspur,3297,7,Bilha,,8,03297
Chhattisgarh,58,382,Kabeerdham,3299,4,Bodla,,0,03299
Chhattisgarh,59,375,Bilaspur,7250,5,Bodri,बोदरी,,00000
Chhattisgarh,60,378,Durg,7330,1,Bori,बोरी,,00000
Chhattisgarh,61,649,Balrampur-Ramanujganj,7340,2,Chalgali,चलगली,,00000
Chhattisgarh,62,379,Janjgir-Champa,3281,3,Champa,,3,03281
Chhattisgarh,63,649,Balrampur-Ramanujganj,7254,1,Chando,CHANDO,,00000
Chhattisgarh,64,762,Sakti,7354,1,Chandrapur,चन्द्रपुर,,00000
Chhattisgarh,65,381,Uttar Bastar Kanker,3348,1,Charama,,1,03348
Chhattisgarh,66,386,Raigarh,7240,1,Chhal,छाल,,00000
Chhattisgarh,67,642,Sukma,3374,4,Chhindgarh,,4,03374
Chhattisgarh,68,637,Narayanpur,7318,4,Chhotedongar,छोटेडोंगर,,00000
Chhattisgarh,69,759,Khairagarh-Chhuikhadan-Gandai,3302,4,Chhuikhadan,,1,03302
Chhattisgarh,70,645,Gariyaband,3336,2,Chhura,छुरा,0,03336
Chhattisgarh,71,388,Rajnandgaon,3306,2,Chhuriya,,0,03306
Chhattisgarh,72,760,Manendragarh-Chirmiri-Bharatpur(M C B),7268,6,Chirmiri,चिरमिरी,,00000
Chhattisgarh,73,762,Sakti,3284,3,Dabhra,,6,03284
Chhattisgarh,74,376,Dakshin Bastar Dantewada,3369,2,Dantewada,,3,03369
Chhattisgarh,75,374,Bastar,3366,1,Darbha,,4,03366
Chhattisgarh,76,650,Bemetara,7357,1,Darhi,दाढ़ी,,00000
Chhattisgarh,77,389,Surguja,7261,1,Darima,दरिमा,,00000
Chhattisgarh,78,383,Korba,7266,1,Darri,दर्री,,00000
Chhattisgarh,79,646,Balod,3322,3,Daundi,Daundi,0,03322
Chhattisgarh,80,646,Balod,3320,8,Daundilohara,Daundilohara,9,03320
Chhattisgarh,81,649,Balrampur-Ramanujganj,7251,3,Daura-Kochali,दौरा-कोचली,,00000
Chhattisgarh,82,645,Gariyaband,3338,3,Devbhog,देवभोग,13,03338
Chhattisgarh,83,650,Bemetara,7298,3,Devkar,देवकर,,00000
Chhattisgarh,84,378,Durg,3316,7,Dhamdha,,5,03316
Chhattisgarh,85,377,Dhamtari,3346,6,Dhamtari,,2,03346
Chhattisgarh,86,643,Kondagaon,7320,2,Dhanora,धनोरा,,00000
Chhattisgarh,87,386,Raigarh,3263,5,Dharamjaigarh,धरमजयगढ़,1,03263
Chhattisgarh,88,387,Raipur,7292,1,Dharsiwa,धरसींवा,,00000
Chhattisgarh,89,383,Korba,7293,1,Dipka,दीपका,,00000
Chhattisgarh,90,388,Rajnandgaon,3307,2,Dongargaon,,5,03307
Chhattisgarh,91,388,Rajnandgaon,3304,8,Dongargarh,,3,03304
Chhattisgarh,92,642,Sukma,7355,3,Dornapal,दोरनापाल,,00000
Chhattisgarh,93,380,Jashpur,3260,1,Duldula,दुलदुला,0,03260
Chhattisgarh,94,378,Durg,3317,5,Durg,,6,03317
Chhattisgarh,95,381,Uttar Bastar Kanker,3350,1,Durgkondal,,0,03350
Chhattisgarh,96,380,Jashpur,3261,2,Farsabahar,फरसाबहार,0,03261
Chhattisgarh,97,645,Gariyaband,7343,1,Fingeshwar,फिंगेश्वर,,00000
Chhattisgarh,98,642,Sukma,7273,1,Gadiras,गादीरास,,00000
Chhattisgarh,99,759,Khairagarh-Chhuikhadan-Gandai,7264,4,Gandai,गंडई,,00000
Chhattisgarh,100,636,Bijapur,7263,2,Gangaloor,गंगालूर,,00000
Chhattisgarh,101,645,Gariyaband,3335,3,Gariyaband,Gariyaband,12,03335
Chhattisgarh,102,386,Raigarh,3265,1,Gharghoda,घरघोड़ा,3,03265
Chhattisgarh,103,388,Rajnandgaon,7352,1,Ghumka,घुमका,,00000
Chhattisgarh,104,376,Dakshin Bastar Dantewada,3370,2,Gidam,,3,03370
Chhattisgarh,105,387,Raipur,7259,2,Gobra Nawapara,गोबरा नवापारा,,00000
Chhattisgarh,106,646,Balod,3319,5,Gunderdehi,GUNDERDEHI,8,03319
Chhattisgarh,107,646,Balod,3323,2,Gurur,GURUR,11,03323
Chhattisgarh,108,383,Korba,7271,3,Hardibazar,हरदीबाजार,,00000
Chhattisgarh,109,762,Sakti,7327,2,Hasoud,हसौद,,00000
Chhattisgarh,110,642,Sukma,7356,1,Jagargunda,जगरगुंडा,,00000
Chhattisgarh,111,374,Bastar,3360,4,Jagdalpur,,4,03360
Chhattisgarh,112,762,Sakti,3286,5,Jaijaipur,,8,03286
Chhattisgarh,113,379,Janjgir-Champa,3277,2,Janjgir,,1,03277
Chhattisgarh,114,647,Mungeli,7311,1,Jarhagaon,जरहागाँव,,00000
Chhattisgarh,115,380,Jashpur,3257,1,Jashpur,जशपुर,2,03257
Chhattisgarh,116,381,Uttar Bastar Kanker,3351,1,Kanker,,3,03351
Chhattisgarh,117,380,Jashpur,3256,1,Kansabel,कांसाबेल,0,03256
Chhattisgarh,118,386,Raigarh,7348,2,Kapu,कापू,,00000
Chhattisgarh,119,374,Bastar,7344,4,Karpawand,करपावंड,,00000
Chhattisgarh,120,383,Korba,3276,5,Kartala,,4,03276
Chhattisgarh,121,644,Balodabazar-Bhatapara,3328,9,Kasdol,,5,03328
Chhattisgarh,122,376,Dakshin Bastar Dantewada,3371,1,Katekalyan,,3,03371
Chhattisgarh,123,383,Korba,3272,5,Katghora,,1,03272
Chhattisgarh,124,382,Kabeerdham,3298,6,Kawardha,,1,03298
Chhattisgarh,125,760,Manendragarh-Chirmiri-Bharatpur(M C B),7269,3,Kelhari,KELHARI,,00000
Chhattisgarh,126,643,Kondagaon,3355,5,Keshkal,Keshkal,1,03355
Chhattisgarh,127,760,Manendragarh-Chirmiri-Bharatpur(M C B),3235,6,Khadganva,,0,03235
Chhattisgarh,128,761,Mohla-Manpur-Ambagarh Chouki,7277,3,Khadgaon,खडगाँव,,00000
Chhattisgarh,129,759,Khairagarh-Chhuikhadan-Gandai,3303,2,Khairagarh,,2,03303
Chhattisgarh,130,387,Raipur,7262,4,Kharora,खरोरा,,00000
Chhattisgarh,131,386,Raigarh,3269,1,Kharsia,खरसिया,5,03269
Chhattisgarh,132,637,Narayanpur,7321,7,Kohkameta,कोहकामेटा,,00000
Chhattisgarh,133,385,Mahasamund,7322,6,Komakhan,कोमाखान,,00000
Chhattisgarh,134,643,Kondagaon,3357,5,Kondagaon,,3,03357
Chhattisgarh,135,642,Sukma,3373,7,Konta,,4,03373
Chhattisgarh,136,383,Korba,3275,3,Korba,,3,03275
Chhattisgarh,137,375,Bilaspur,3291,6,Kota,,3,03291
Chhattisgarh,138,760,Manendragarh-Chirmiri-Bharatpur(M C B),7275,2,Kotadol,KOTADOL,,00000
Chhattisgarh,139,381,Uttar Bastar Kanker,7345,1,Koylibeda,कोयलीबेड़ा,,00000
Chhattisgarh,140,376,Dakshin Bastar Dantewada,3372,2,Kuakonda,,0,03372
Chhattisgarh,141,382,Kabeerdham,7351,1,Kukdur,कुकदुर,,00000
Chhattisgarh,142,377,Dhamtari,7314,10,Kukrel,कुकरेल,,00000
Chhattisgarh,143,388,Rajnandgaon,7350,1,Kumarda,कुमरदा,,00000
Chhattisgarh,144,382,Kabeerdham,7323,4,Kunda,कुंडा,,00000
Chhattisgarh,145,380,Jashpur,3259,1,Kunkuri,कुनकुरी,3,03259
Chhattisgarh,146,377,Dhamtari,3344,3,Kurud,,1,03344
Chhattisgarh,147,649,Balrampur-Ramanujganj,3240,8,Kusmi(Samri),कुसमी(सामरी),4,03240
Chhattisgarh,148,636,Bijapur,7260,4,Kutru,कुटरु,,00000
Chhattisgarh,149,386,Raigarh,3264,2,Lailunga,लैलूंगा,2,03264
Chhattisgarh,150,389,Surguja,3248,2,Lakhanpur,,0,03248
Chhattisgarh,151,388,Rajnandgaon,7301,7,Lal Bahadur Nagar,लाल बहादुर नगर,,00000
Chhattisgarh,152,647,Mungeli,7258,3,Lalpur Thana,लालपुर थाना,,00000
Chhattisgarh,153,648,Surajpur,7236,2,Latori,लटोरी,,00000
Chhattisgarh,154,644,Balodabazar-Bhatapara,7246,4,Lavan,लवन,,00000
Chhattisgarh,155,374,Bastar,3361,1,Lohandiguda,,4,03361
Chhattisgarh,156,647,Mungeli,3290,5,Lormi,,2,03290
Chhattisgarh,157,389,Surguja,3251,1,Lundra,,8,03251
Chhattisgarh,158,377,Dhamtari,3345,6,Magarlod,,0,03345
Chhattisgarh,159,385,Mahasamund,3341,1,Mahasamund,,3,03341
Chhattisgarh,160,389,Surguja,3254,1,Mainpat,,0,03254
Chhattisgarh,161,645,Gariyaband,3337,9,Mainpur,मैनपुर,0,03337
Chhattisgarh,162,643,Kondagaon,3358,2,Makdi,,3,03358
Chhattisgarh,163,762,Sakti,3285,3,Malkharoda,,7,03285
Chhattisgarh,164,387,Raipur,7308,6,Mandir Hasoud,मंदिर हसौद,,00000
Chhattisgarh,165,760,Manendragarh-Chirmiri-Bharatpur(M C B),3234,4,Manendragarh,,4,03234
Chhattisgarh,166,380,Jashpur,3258,1,Manora,मनोरा,0,03258
Chhattisgarh,167,761,Mohla-Manpur-Ambagarh Chouki,3309,8,Manpur,,7,03309
Chhattisgarh,168,643,Kondagaon,7319,3,Mardapal,मर्दापाल,,00000
Chhattisgarh,169,646,Balod,7297,7,Marri Bangla(Deori),मार्री बंगला(देवरी),,00000
Chhattisgarh,170,734,Gaurela-Pendra-Marwahi,3288,3,Marwahi,,0,03288
Chhattisgarh,171,375,Bilaspur,3296,4,Masturi,,7,03296
Chhattisgarh,172,761,Mohla-Manpur-Ambagarh Chouki,3308,2,Mohla,,6,03308
Chhattisgarh,173,386,Raigarh,7300,1,Mukdega,मुकडेगा,,00000
Chhattisgarh,174,647,Mungeli,3292,3,Mungeli,,4,03292
Chhattisgarh,175,377,Dhamtari,3347,6,Nagri,,3,03347
Chhattisgarh,176,650,Bemetara,7248,2,Nandghat,नांदघाट,,00000
Chhattisgarh,177,374,Bastar,7313,3,Nangur,नानगुर,,00000
Chhattisgarh,178,637,Narayanpur,3367,4,Narayanpur,,2,03367
Chhattisgarh,179,381,Uttar Bastar Kanker,3352,2,Narharpur,,4,03352
Chhattisgarh,180,650,Bemetara,3311,4,Nawagarh,,1,03311
Chhattisgarh,181,379,Janjgir-Champa,3280,4,Nawagarh,,2,03280
Chhattisgarh,182,762,Sakti,7267,8,Naya Baradwar,नया बाराद्वार,,00000
Chhattisgarh,183,648,Surajpur,3243,4,Odgi,ओड़गी,0,03243
Chhattisgarh,184,637,Narayanpur,3368,7,Orchha,,2,03368
Chhattisgarh,185,375,Bilaspur,7349,2,Pachpedi,पचपेड़ी,,00000
Chhattisgarh,186,381,Uttar Bastar Kanker,3354,4,Pakhanjur,,6,03354
Chhattisgarh,187,644,Balodabazar-Bhatapara,3327,2,Palari,,4,03327
Chhattisgarh,188,383,Korba,3274,5,Pali,,2,03274
Chhattisgarh,189,379,Janjgir-Champa,3283,1,Pamgarh,,5,03283
Chhattisgarh,190,382,Kabeerdham,3301,6,Pandariya,,2,03301
Chhattisgarh,191,383,Korba,7237,3,Pasan,पसान,,00000
Chhattisgarh,192,378,Durg,3318,4,Patan,,7,03318
Chhattisgarh,193,380,Jashpur,3262,2,Pathalgaon,पत्थलगांव,4,03262
Chhattisgarh,194,647,Mungeli,3293,8,Pathariya,,0,03293
Chhattisgarh,195,384,Korea,7309,1,Patna,पटना,,00000
Chhattisgarh,196,734,Gaurela-Pendra-Marwahi,3289,3,Pendra,,0,03289
Chhattisgarh,197,734,Gaurela-Pendra-Marwahi,3287,3,Pendra Road,पेंड्रारोड,1,03287
Chhattisgarh,198,643,Kondagaon,3359,4,Pharasgaon,Pharasgaon,3,03359
Chhattisgarh,199,382,Kabeerdham,7324,4,Pipariya,पिपरिया,,00000
Chhattisgarh,200,385,Mahasamund,3342,1,Pithora,,0,03342
Chhattisgarh,201,384,Korea,7270,2,Pondi(Bachra),पोंडी(बचरा),,00000
Chhattisgarh,202,383,Korba,3273,4,Poundi-Uproda,,0,03273
Chhattisgarh,203,648,Surajpur,3239,2,Pratappur,प्रतापपुर,3,03239
Chhattisgarh,204,648,Surajpur,3246,2,Premnagar,प्रेमनगर,0,03246
Chhattisgarh,205,386,Raigarh,3268,1,Pusour,पुसौर,0,03268
Chhattisgarh,206,649,Balrampur-Ramanujganj,7257,2,Raghunathnagar,RAGHUNATHNAGAR,,00000
Chhattisgarh,207,386,Raigarh,3267,1,Raigarh,रायगढ़,4,03267
Chhattisgarh,208,387,Raipur,3332,2,Raipur,,9,03332
Chhattisgarh,209,645,Gariyaband,3333,3,Rajim,राजिम,10,03333
Chhattisgarh,210,388,Rajnandgaon,3305,2,Rajnandgaon,,4,03305
Chhattisgarh,211,649,Balrampur-Ramanujganj,3250,2,Rajpur,राजपुर,7,03250
Chhattisgarh,212,649,Balrampur-Ramanujganj,3236,3,Ramanujganj,रामानुजगंज,0,03236
Chhattisgarh,213,648,Surajpur,3245,2,Ramanujnagar,रामानुजनगर,0,03245
Chhattisgarh,214,649,Balrampur-Ramanujganj,7238,1,Ramchandrapur,RAMCHANDRAPUR,,00000
Chhattisgarh,215,375,Bilaspur,7239,5,Ratanpur,रतनपुर,,00000
Chhattisgarh,216,382,Kabeerdham,7272,3,Rengakharkala,रेंगाखारकला,,00000
Chhattisgarh,217,382,Kabeerdham,3300,2,Sahaspur Lohara,,0,03300
Chhattisgarh,218,650,Bemetara,3313,5,Saja,,3,03313
Chhattisgarh,219,734,Gaurela-Pendra-Marwahi,7252,1,Sakola,सकोला,,00000
Chhattisgarh,220,762,Sakti,3282,5,Sakti,,4,03282
Chhattisgarh,221,759,Khairagarh-Chhuikhadan-Gandai,7294,3,Salhewara,साल्हेवारा,,00000
Chhattisgarh,222,649,Balrampur-Ramanujganj,7242,3,Samri,SAMRI,,00000
Chhattisgarh,223,375,Bilaspur,7235,4,Sankari,संकरी,,00000
Chhattisgarh,224,380,Jashpur,7234,2,Sanna,सन्ना,,00000
Chhattisgarh,225,379,Janjgir-Champa,7274,6,Saragaon,सारागाँव,,00000
Chhattisgarh,226,385,Mahasamund,3340,1,Saraipali,,2,03340
Chhattisgarh,227,763,Sarangarh-Bilaigarh,3270,2,Sarangarh,सारंगढ़,6,03270
Chhattisgarh,228,647,Mungeli,7326,6,Sargaon,सरगांव,,00000
Chhattisgarh,229,763,Sarangarh-Bilaigarh,7244,5,Sariya,सरिया,,00000
Chhattisgarh,230,381,Uttar Bastar Kanker,7325,1,Sarona,सरोना,,00000
Chhattisgarh,231,763,Sarangarh-Bilaigarh,7401,1,Sarsiwa,सरसीवा,,00000
Chhattisgarh,232,375,Bilaspur,7247,1,Seepat,सीपत,,00000
Chhattisgarh,233,649,Balrampur-Ramanujganj,3241,2,Shankargarh,शंकरगढ़,0,03241
Chhattisgarh,234,379,Janjgir-Champa,7256,3,Shivrinarayan,शिवरीनारायण,,00000
Chhattisgarh,235,644,Balodabazar-Bhatapara,3324,6,Simga,,1,03324
Chhattisgarh,236,389,Surguja,3252,1,Sitapur,,9,03252
Chhattisgarh,237,644,Balodabazar-Bhatapara,7296,5,Sonakhan,सोनाखान,,00000
Chhattisgarh,238,384,Korea,3233,1,Sonhat,,3,03233
Chhattisgarh,239,644,Balodabazar-Bhatapara,7249,4,Suhela,सुहेला,,00000
Chhattisgarh,240,642,Sukma,3375,4,Sukma,,4,03375
Chhattisgarh,241,648,Surajpur,3242,6,Surajpur,सूरजपुर,5,03242
Chhattisgarh,242,375,Bilaspur,3294,4,Takhatpur,,5,03294
Chhattisgarh,243,386,Raigarh,3266,1,Tamnar,तमनार,0,03266
Chhattisgarh,244,380,Jashpur,7603,1,Tapkara,तपकरा,,00000
Chhattisgarh,245,650,Bemetara,3314,3,Thankhamariya,Thankhamariya,0,03314
Chhattisgarh,246,387,Raipur,3334,5,Tilda,,0,03334
Chhattisgarh,247,374,Bastar,3365,1,Tokapal,,4,03365
Chhattisgarh,248,642,Sukma,7317,2,Tongpal,तोंगपाल,,00000
Chhattisgarh,249,644,Balodabazar-Bhatapara,7295,3,Tundara,टुन्ड्रा,,00000
Chhattisgarh,250,389,Surguja,3249,1,Udaypur,,0,03249
Chhattisgarh,251,636,Bijapur,3377,1,Usur,,1,03377
Chhattisgarh,252,649,Balrampur-Ramanujganj,3238,6,Wadrafnagar,वाड्रफनगर,2,03238
Chhattisgarh,,,,,,,,,
Chhattisgarh,"Sep 5, 2026, 6:28 PM",,,,,,,,
Delhi,,,,,,(In English),(In Local),,
Delhi,1,80,North,7571,2,Adarsh Nagar,Adarsh Nagar,,00000
Delhi,2,670,South East,7573,3,Badarpur,Badarpur,,00000
Delhi,3,80,North,7570,2,Badli,Badli,,00000
Delhi,4,794,Outer North,7582,4,Bawana,Bawana,,00000
Delhi,5,84,South West,7580,5,Bijwasan,Bijwasan,,00000
Delhi,6,80,North,7569,4,Burari,Burari,,00000
Delhi,7,795,Old Delhi,7574,1,Chandni Chowk,Chandni Chowk,,00000
Delhi,8,83,South,7587,6,Chhatarpur,Chhatarpur,,00000
Delhi,9,79,New Delhi,452,3,Delhi Cantonment,,2,00452
Delhi,10,83,South,7588,1,Deoli,Deoli,,00000
Delhi,11,84,South West,7592,1,Dwarka,Dwarka,,00000
Delhi,12,78,East,439,2,Gandhi Nagar,,1,00439
Delhi,13,81,North East,7584,3,Gokalpur,Gokalpur,,00000
Delhi,14,85,West,7590,1,Janakpuri,Janakpuri,,00000
Delhi,15,670,South East,7572,2,Jangpura,Jangpura,,00000
Delhi,16,670,South East,456,6,Kalkaji,,3,00456
Delhi,17,81,North East,6083,7,Karawal Nagar,Karawal Nagar,,00000
Delhi,18,77,Central,447,2,Karol Bagh,,1,00447
Delhi,19,82,North West,7594,3,Kirari,Kirari,,00000
Delhi,20,83,South,7589,2,Malviya Nagar,Malviya Nagar,,00000
Delhi,21,84,South West,7581,3,Matiala,Matiala,,00000
Delhi,22,83,South,6080,3,Mehrauli,,,00000
Delhi,23,796,Central North,432,8,Model Town,,3,00432
Delhi,24,794,Outer North,7583,3,Mundka,Mundka,,00000
Delhi,25,84,South West,451,4,Najafgarh,,1,00451
Delhi,26,82,North West,7595,2,Nangloi Jat,Nangloi Jat,,00000
Delhi,27,794,Outer North,430,10,Narela,,1,00430
Delhi,28,79,New Delhi,7593,1,New Delhi,New Delhi,,00000
Delhi,29,77,Central,448,3,Patel Nagar,,2,00448
Delhi,30,78,East,7585,1,Patparganj,Patparganj,,00000
Delhi,31,85,West,449,1,Rajouri Garden,,3,00449
Delhi,32,82,North West,6077,5,Rohini,,,00000
Delhi,33,795,Old Delhi,7575,1,Sadar Bazar,Sadar Bazar,,00000
Delhi,34,81,North East,437,3,Shahdara,,2,00437
Delhi,35,796,Central North,7578,5,Shakur Basti,Shakur Basti,,00000
Delhi,36,796,Central North,7579,2,Shalimar Bagh,Shalimar Bagh,,00000
Delhi,37,85,West,7591,4,Vikaspuri,Vikaspuri,,00000
Delhi,38,78,East,7586,1,Vishwas Nagar,Vishwas Nagar,,00000
Delhi,39,81,North East,6082,4,Yamuna Vihar,,,00000
Delhi,,,,,,,,,
Delhi,"Sep 5, 2026, 6:29 PM",,,,,,,,
Goa,,,,,,(In English),(In Local),,
Goa,1,551,North Goa,5610,1,Bardez,,2,05610
Goa,2,551,North Goa,5612,2,Bicholim,,4,05612
Goa,3,793,Kushavati,5619,2,Canacona,,5,05619
Goa,4,793,Kushavati,5931,2,Dharbandora,Dharbandoda,,00000
Goa,5,552,South Goa,5615,1,Mormugao,,1,05615
Goa,6,551,North Goa,5609,1,Pernem,,1,05609
Goa,7,552,South Goa,5614,2,Ponda,,6,05614
Goa,8,793,Kushavati,5617,4,Quepem,,3,05617
Goa,9,552,South Goa,5616,1,Salcete,,2,05616
Goa,10,793,Kushavati,5618,5,Sanguem,,4,05618
Goa,11,551,North Goa,5613,1,Satari,,5,05613
Goa,12,551,North Goa,5611,2,Tiswadi,,3,05611
Goa,,,,,,,,,
Goa,"Sep 5, 2026, 6:33 PM",,,,,,,,
Gujrat,,,,,,(In English),(In Local),,
Gujrat,1,449,Kachchh,3728,1,Abdasa,,7,03728
Gujrat,2,459,Surat,7600,1,Abrama,અબ્રામા,,00000
Gujrat,3,459,Surat,6518,1,Adajan,Adajan,,00000
Gujrat,4,444,Dangs,3921,4,Ahwa,,1,03921
Gujrat,5,459,Surat,7552,2,Ambika,અંબિકા,,00000
Gujrat,6,441,Banas Kantha,3736,1,Amirgadh,,5,03736
Gujrat,7,442,Bharuch,3914,1,Amod,,2,03914
Gujrat,8,439,Amreli,3843,1,Amreli,,5,03843
Gujrat,9,439,Amreli,7432,1,Amreli-City,અમરેલી શહેર,,00000
Gujrat,10,440,Anand,6530,1,Anand City,,,00000
Gujrat,11,440,Anand,3864,3,Anand Rural,,4,03864
Gujrat,12,449,Kachchh,3725,1,Anjar,,4,03725
Gujrat,13,440,Anand,3868,1,Anklav,,8,03868
Gujrat,14,442,Bharuch,3918,1,Anklesvar,,6,03918
Gujrat,15,459,Surat,7553,6,Areth,અરેઠ,,00000
Gujrat,16,438,Ahmedabad,6512,1,Asarva,Asarva,,00000
Gujrat,17,439,Amreli,3840,1,Babra,,2,03840
Gujrat,18,439,Amreli,3844,1,Bagasara,,6,03844
Gujrat,19,669,Mahisagar,3871,2,Balasinor,,3,03871
Gujrat,20,453,Navsari,3926,1,Bansda,,5,03926
Gujrat,21,459,Surat,3940,1,Bardoli,,12,03940
Gujrat,22,676,Botad,3786,2,Barwala,,10,03786
Gujrat,23,438,Ahmedabad,3784,1,Bavla,,8,03784
Gujrat,24,672,Arvalli,3772,5,Bayad,,13,03772
Gujrat,25,451,Mahesana,3758,1,Becharaji,,8,03758
Gujrat,26,789,Vav-Tharad,3742,2,Bhabhar,,11,03742
Gujrat,27,449,Kachchh,3724,1,Bhachau,,3,03724
Gujrat,28,674,Devbhumi Dwarka,3820,2,Bhanvad,,9,03820
Gujrat,29,442,Bharuch,3916,1,Bharuch,,4,03916
Gujrat,30,442,Bharuch,7597,1,Bharuch City,ભરૂચ શહેર,,00000
Gujrat,31,443,Bhavnagar,3854,2,Bhavnagar,,5,03854
Gujrat,32,443,Bhavnagar,7444,1,Bhavnagar City,ભાવનગર,,00000
Gujrat,33,448,Junagadh,3828,1,Bhesan,,4,03828
Gujrat,34,672,Arvalli,3764,5,Bhiloda,,5,03764
Gujrat,35,449,Kachchh,3726,1,Bhuj,,5,03726
Gujrat,36,668,Chhotaudepur,6020,1,Bodeli,BODELI,,00000
Gujrat,37,440,Anand,3867,1,Borsad,,7,03867
Gujrat,38,676,Botad,3850,3,Botad,,1,03850
Gujrat,39,676,Botad,7435,1,Botad City,બોટાદ સીટી,,00000
Gujrat,40,455,Patan,3750,1,Chanasma,,8,03750
Gujrat,41,668,Chhotaudepur,3901,2,Chhota Udaipur,,5,03901
Gujrat,42,452,Narmada,7545,5,Chikada,ચીકદા,,00000
Gujrat,43,453,Navsari,3925,2,Chikhli,,4,03925
Gujrat,44,459,Surat,3938,1,Chorasi,,10,03938
Gujrat,45,460,Surendranagar,3794,2,Chotila,,7,03794
Gujrat,46,460,Surendranagar,3796,1,Chuda,,9,03796
Gujrat,47,461,Vadodara,3905,1,Dabhoi,,9,03905
Gujrat,48,441,Banas Kantha,3737,6,Danta,,6,03737
Gujrat,49,441,Banas Kantha,3735,1,Dantiwada,,4,03735
Gujrat,50,460,Surendranagar,3790,1,Dasada,,3,03790
Gujrat,51,438,Ahmedabad,3782,1,Daskroi,,6,03782
Gujrat,52,452,Narmada,3911,6,Dediapada,,3,03911
Gujrat,53,441,Banas Kantha,3740,4,Deesa,,9,03740
Gujrat,54,441,Banas Kantha,7437,1,Deesa City,ડીસા શહેર,,00000
Gujrat,55,446,Gandhinagar,3776,1,Dehgam,,4,03776
Gujrat,56,789,Vav-Tharad,3741,4,Deodar,,10,03741
Gujrat,57,461,Vadodara,6035,1,Desar,DESAR,,00000
Gujrat,58,438,Ahmedabad,3778,1,Detroj-Rampura,,2,03778
Gujrat,59,445,Dahod,3895,1,Devgadbaria,,6,03895
Gujrat,60,438,Ahmedabad,3787,2,Dhandhuka,,11,03787
Gujrat,61,441,Banas Kantha,3734,1,Dhanera,,3,03734
Gujrat,62,445,Dahod,3896,1,Dhanpur,,7,03896
Gujrat,63,672,Arvalli,3770,2,Dhansura,,11,03770
Gujrat,64,462,Valsad,3928,1,Dharampur,,2,03928
Gujrat,65,439,Amreli,3845,1,Dhari,,7,03845
Gujrat,66,789,Vav-Tharad,7544,3,Dharnidhar,ધરણીધર,,00000
Gujrat,67,438,Ahmedabad,6167,1,Dholera,Dholera,,00000
Gujrat,68,438,Ahmedabad,3783,1,Dholka,,7,03783
Gujrat,69,457,Rajkot,3810,1,Dhoraji,,13,03810
Gujrat,70,460,Surendranagar,3789,1,Dhrangadhra,,2,03789
Gujrat,71,447,Jamnagar,3816,1,Dhrol,,5,03816
Gujrat,72,445,Dahod,3893,1,Dohad,,4,03893
Gujrat,73,641,Tapi,6200,1,Dolvan,,,00000
Gujrat,74,450,Kheda,7558,7,Fagvel,ફાગવેલ,,00000
Gujrat,75,445,Dahod,3890,4,Fatepura,,1,03890
Gujrat,76,676,Botad,3852,2,Gadhada,,3,03852
Gujrat,77,450,Kheda,6025,1,Galteshwar,ગલતેશ્વર,,00000
Gujrat,78,453,Navsari,3924,1,Gandevi,,3,03924
Gujrat,79,449,Kachchh,3731,1,Gandhidham,,10,03731
Gujrat,80,446,Gandhinagar,3775,2,Gandhinagar,,3,03775
Gujrat,81,445,Dahod,3894,1,Garbada,,5,03894
Gujrat,82,443,Bhavnagar,3857,2,Gariadhar,,8,03857
Gujrat,83,452,Narmada,6029,1,Garudeshwar,ગરૂડેશ્વર,,00000
Gujrat,84,438,Ahmedabad,6513,1,Ghatlodiya,Ghatlodiya,,00000
Gujrat,85,443,Bhavnagar,3855,1,Ghogha,,6,03855
Gujrat,86,454,Panch Mahals,3887,1,Ghoghamba,,9,03887
Gujrat,87,675,Gir Somnath,6199,3,Gir Gadhda,,,00000
Gujrat,88,669,Mahisagar,7546,9,Godhar,ગોધર,,00000
Gujrat,89,454,Panch Mahals,7598,1,Godharacity,ગોધરા સીટી,,00000
Gujrat,90,454,Panch Mahals,3885,1,Godhra,,7,03885
Gujrat,91,457,Rajkot,3807,2,Gondal,,10,03807
Gujrat,92,457,Rajkot,7439,1,Gondal City,ગોડલ શહેર,,00000
Gujrat,93,445,Dahod,7554,5,Govindguru Limdi,ગોવિંદગુરુ લીમડી,,00000
Gujrat,94,441,Banas Kantha,7555,5,Hadad,હડદ,,00000
Gujrat,95,454,Panch Mahals,3888,1,Halol,,10,03888
Gujrat,96,673,Morbi,3788,2,Halvad,,1,03788
Gujrat,97,442,Bharuch,3919,1,Hansot,,7,03919
Gujrat,98,455,Patan,3748,2,Harij,,6,03748
Gujrat,99,458,Sabar Kantha,3766,2,Himatnagar,,7,03766
Gujrat,100,458,Sabar Kantha,3763,1,Idar,,4,03763
Gujrat,101,439,Amreli,3848,1,Jafrabad,,10,03848
Gujrat,102,453,Navsari,3923,1,Jalalpore,,2,03923
Gujrat,103,454,Panch Mahals,3889,1,Jambughoda,,11,03889
Gujrat,104,442,Bharuch,3913,1,Jambusar,,1,03913
Gujrat,105,447,Jamnagar,3821,1,Jamjodhpur,,10,03821
Gujrat,106,457,Rajkot,3808,1,Jamkandorna,,11,03808
Gujrat,107,447,Jamnagar,6525,1,Jamnagar City,,,00000
Gujrat,108,447,Jamnagar,3814,3,Jamnagar Rural,,3,03814
Gujrat,109,457,Rajkot,3806,2,Jasdan,,9,03806
Gujrat,110,443,Bhavnagar,6203,4,Jesar,,,00000
Gujrat,111,457,Rajkot,3811,2,Jetpur,,14,03811
Gujrat,112,457,Rajkot,7440,1,Jetpur City,જેતપુર શહેર,,00000
Gujrat,113,668,Chhotaudepur,3900,4,Jetpur Pavi,,4,03900
Gujrat,114,442,Bharuch,3917,2,Jhagadia,,5,03917
Gujrat,115,445,Dahod,3891,7,Jhalod,,2,03891
Gujrat,116,447,Jamnagar,3815,1,Jodiya,,4,03815
Gujrat,117,451,Mahesana,6021,1,Jotana,,,00000
Gujrat,118,448,Junagadh,3827,2,Junagadh,,3,03827
Gujrat,119,448,Junagadh,6517,1,Junagadh City,Junagadh City,,00000
Gujrat,120,669,Mahisagar,3880,2,Kadana,,2,03880
Gujrat,121,451,Mahesana,3759,2,Kadi,,9,03759
Gujrat,122,668,Chhotaudepur,7551,1,Kadval,કદવાલ,,00000
Gujrat,123,447,Jamnagar,3817,1,Kalavad,,6,03817
Gujrat,124,454,Panch Mahals,3886,1,Kalol,,1,03886
Gujrat,125,446,Gandhinagar,7438,1,Kalol City,કલોલ શહેર,,00000
Gujrat,126,446,Gandhinagar,3773,5,Kalol Gandhinagar,Kalol Gandhinagar,1,03773
Gujrat,127,674,Devbhumi Dwarka,3819,2,Kalyanpur,,8,03819
Gujrat,128,459,Surat,3936,1,Kamrej,,8,03936
Gujrat,129,441,Banas Kantha,3743,5,Kankrej,,12,03743
Gujrat,130,450,Kheda,3869,6,Kapadvanj,,1,03869
Gujrat,131,462,Valsad,3930,3,Kaprada,,4,03930
Gujrat,132,461,Vadodara,3907,1,Karjan,,11,03907
Gujrat,133,459,Surat,6519,1,Katargam,Katargam,,00000
Gujrat,134,450,Kheda,3872,3,Kathlal,,4,03872
Gujrat,135,668,Chhotaudepur,3902,2,Kavant,,6,03902
Gujrat,136,448,Junagadh,3831,1,Keshod,,7,03831
Gujrat,137,439,Amreli,3847,1,Khambha,,9,03847
Gujrat,138,674,Devbhumi Dwarka,3813,2,Khambhalia,,2,03813
Gujrat,139,440,Anand,3866,1,Khambhat,,6,03866
Gujrat,140,669,Mahisagar,3879,2,Khanpur,,1,03879
Gujrat,141,450,Kheda,3874,1,Kheda,,6,03874
Gujrat,142,458,Sabar Kantha,3760,2,Khedbrahma,,1,03760
Gujrat,143,451,Mahesana,3752,1,Kheralu,,2,03752
Gujrat,144,453,Navsari,6195,1,Khergam,,,00000
Gujrat,145,675,Gir Somnath,3837,3,Kodinar,,13,03837
Gujrat,146,457,Rajkot,3805,1,Kotda Sangani,,8,03805
Gujrat,147,669,Mahisagar,7556,7,Kothmba,કોઠંબા,,00000
Gujrat,148,641,Tapi,6169,1,Kukarmunda,Kukarmunda,,00000
Gujrat,149,439,Amreli,3839,1,Kunkavav Vadia,,1,03839
Gujrat,150,456,Porbandar,3824,1,Kutiyana,,3,03824
Gujrat,151,789,Vav-Tharad,6168,4,Lakhani,Lakhani,,00000
Gujrat,152,449,Kachchh,3722,1,Lakhpat,,1,03722
Gujrat,153,460,Surendranagar,3791,1,Lakhtar,,4,03791
Gujrat,154,447,Jamnagar,3818,1,Lalpur,,7,03818
Gujrat,155,439,Amreli,3841,1,Lathi,,3,03841
Gujrat,156,439,Amreli,3842,1,Lilia,,4,03842
Gujrat,157,460,Surendranagar,3797,1,Limbdi,,10,03797
Gujrat,158,445,Dahod,3892,2,Limkheda,,3,03892
Gujrat,159,457,Rajkot,3804,1,Lodhika,,7,03804
Gujrat,160,669,Mahisagar,3882,8,Lunawada,,4,03882
Gujrat,161,451,Mahesana,3757,3,Mahesana,,7,03757
Gujrat,162,451,Mahesana,7441,1,Mahesana City,મહેસાણા સીટી,,00000
Gujrat,163,450,Kheda,3877,1,Mahudha,,9,03877
Gujrat,164,459,Surat,3941,3,Mahuva,,0015,03941
Gujrat,165,443,Bhavnagar,3860,1,Mahuva,,11,03860
Gujrat,166,459,Surat,3937,6,Majura,Majura,9,03937
Gujrat,167,448,Junagadh,3833,2,Malia Hatina,Maila Hatina,9,03833
Gujrat,168,673,Morbi,3798,2,Maliya,,1,03798
Gujrat,169,672,Arvalli,3771,2,Malpur,,12,03771
Gujrat,170,448,Junagadh,3825,1,Manavadar,,1,03825
Gujrat,171,438,Ahmedabad,3777,1,Mandal,,1,03777
Gujrat,172,449,Kachchh,3729,1,Mandvi,,8,03729
Gujrat,173,459,Surat,3935,8,Mandvi,,0007,03935
Gujrat,174,448,Junagadh,3832,1,Mangrol,,8,03832
Gujrat,175,459,Surat,3933,1,Mangrol,,0002,03933
Gujrat,176,438,Ahmedabad,6515,1,Maninagar,Maninagar,,00000
Gujrat,177,446,Gandhinagar,3774,2,Mansa,,2,03774
Gujrat,178,450,Kheda,3875,2,Matar,,7,03875
Gujrat,179,672,Arvalli,3765,2,Meghraj,,6,03765
Gujrat,180,450,Kheda,3873,1,Mehmedabad,,5,03873
Gujrat,181,448,Junagadh,3830,1,Mendarda,,6,03830
Gujrat,182,672,Arvalli,3769,2,Modasa,,10,03769
Gujrat,183,673,Morbi,7443,1,Morbi City,મોરબી શહેર,,00000
Gujrat,184,673,Morbi,3799,3,Morvi,,2,03799
Gujrat,185,454,Panch Mahals,3884,2,Morwa (Hadaf),,6,03884
Gujrat,186,460,Surendranagar,3793,2,Muli,,6,03793
Gujrat,187,449,Kachchh,3730,1,Mundra,,9,03730
Gujrat,188,450,Kheda,3876,3,Nadiad,,8,03876
Gujrat,189,450,Kheda,6531,1,Nadiad City,,,00000
Gujrat,190,449,Kachchh,3727,1,Nakhatrana,,6,03727
Gujrat,191,462,Valsad,7547,3,Nanapodha,નાનાપોઢા,,00000
Gujrat,192,452,Narmada,3910,2,Nandod,,2,03910
Gujrat,193,668,Chhotaudepur,3903,2,Nasvadi,,7,03903
Gujrat,194,453,Navsari,3922,1,Navsari,,1,03922
Gujrat,195,442,Bharuch,6170,1,Netrang,Netrang,,00000
Gujrat,196,641,Tapi,3942,2,Nizar,,4,03942
Gujrat,197,441,Banas Kantha,7557,5,Ogad,ઓગડ,,00000
Gujrat,198,674,Devbhumi Dwarka,3812,2,Okhamandal,,1,03812
Gujrat,199,459,Surat,3932,1,Olpad,,1,03932
Gujrat,200,457,Rajkot,3802,1,Paddhari,,5,03802
Gujrat,201,461,Vadodara,3906,1,Padra,,10,03906
Gujrat,202,441,Banas Kantha,3739,2,Palanpur,,8,03739
Gujrat,203,441,Banas Kantha,7436,1,Palanpur City,પાલનપુર શહેર,,00000
Gujrat,204,443,Bhavnagar,3858,2,Palitana,,9,03858
Gujrat,205,459,Surat,3939,1,Palsana,,11,03939
Gujrat,206,462,Valsad,7601,1,Pardi,પારડી,,00000
Gujrat,207,455,Patan,3747,3,Patan,,5,03747
Gujrat,208,455,Patan,7433,1,Patan City,પાટણ સીટી,,00000
Gujrat,209,675,Gir Somnath,3835,3,Patan-Veraval,,11,03835
Gujrat,210,440,Anand,3865,1,Petlad,,5,03865
Gujrat,211,456,Porbandar,7445,1,Porabandar City,પોરબંદર શહેર,,00000
Gujrat,212,456,Porbandar,3822,2,Porbandar,,1,03822
Gujrat,213,458,Sabar Kantha,6088,1,Poshina,,,00000
Gujrat,214,458,Sabar Kantha,3767,2,Prantij,,8,03767
Gujrat,215,459,Surat,6521,1,Puna,Puna,,00000
Gujrat,216,789,Vav-Tharad,7543,3,Raah,રાહ,,00000
Gujrat,217,455,Patan,3745,1,Radhanpur,,2,03745
Gujrat,218,457,Rajkot,3803,4,Rajkot,,6,03803
Gujrat,219,457,Rajkot,6520,1,Rajkot East,,,00000
Gujrat,220,457,Rajkot,6524,1,Rajkot South,,,00000
Gujrat,221,457,Rajkot,6523,1,Rajkot West,,,00000
Gujrat,222,439,Amreli,3849,1,Rajula,,11,03849
Gujrat,223,456,Porbandar,3823,1,Ranavav,,2,03823
Gujrat,224,676,Botad,3785,2,Ranpur,,9,03785
Gujrat,225,449,Kachchh,3723,1,Rapar,,2,03723
Gujrat,226,438,Ahmedabad,3781,7,Sabarmati,Sabarmati,5,03781
Gujrat,227,452,Narmada,3912,1,Sagbara,,4,03912
Gujrat,228,455,Patan,3749,4,Sami,,7,03749
Gujrat,229,438,Ahmedabad,3780,1,Sanand,,4,03780
Gujrat,230,445,Dahod,6204,1,Sanjeli,,,00000
Gujrat,231,668,Chhotaudepur,3904,3,Sankheda,,8,03904
Gujrat,232,455,Patan,3744,2,Santalpur,,1,03744
Gujrat,233,669,Mahisagar,3881,8,Santrampur,,3,03881
Gujrat,234,455,Patan,6196,1,Saraswati,,,00000
Gujrat,235,672,Arvalli,7559,3,Sathamba,સાઠંબા,,00000
Gujrat,236,451,Mahesana,3751,1,Satlasana,,1,03751
Gujrat,237,439,Amreli,3846,3,Savar Kundla,,8,03846
Gujrat,238,461,Vadodara,3897,2,Savli,,1,03897
Gujrat,239,460,Surendranagar,3795,1,Sayla,,8,03795
Gujrat,240,672,Arvalli,7548,3,Shamlaji,શામળાજી,,00000
Gujrat,241,455,Patan,6197,1,Shankheshvar,,,00000
Gujrat,242,454,Panch Mahals,3883,4,Shehera,,5,03883
Gujrat,243,455,Patan,3746,1,Sidhpur,,4,03746
Gujrat,244,443,Bhavnagar,3856,1,Sihor,,7,03856
Gujrat,245,445,Dahod,6480,1,Singvad,Singvad,,00000
Gujrat,246,461,Vadodara,3908,1,Sinor,,12,03908
Gujrat,247,440,Anand,3862,1,Sojitra,,2,03862
Gujrat,248,641,Tapi,3944,5,Songadh,,6,03944
Gujrat,249,444,Dangs,6024,1,Subir,સુબિર,,00000
Gujrat,250,789,Vav-Tharad,6166,2,Suigam,,,00000
Gujrat,251,445,Dahod,7549,3,Sukhsar,સુખસર,,00000
Gujrat,252,460,Surendranagar,7442,1,Surendranagar City,સુરેન્દ્રનગર શહેર,,00000
Gujrat,253,675,Gir Somnath,3836,2,Sutrapada,,12,03836
Gujrat,254,443,Bhavnagar,3859,1,Talaja,,10,03859
Gujrat,255,675,Gir Somnath,3834,2,Talala,,10,03834
Gujrat,256,458,Sabar Kantha,3768,1,Talod,,9,03768
Gujrat,257,673,Morbi,3800,2,Tankara,,3,03800
Gujrat,258,440,Anand,3861,1,Tarapur,,1,03861
Gujrat,259,460,Surendranagar,6037,1,Thangadh,,,00000
Gujrat,260,789,Vav-Tharad,3733,5,Tharad,,2,03733
Gujrat,261,450,Kheda,3878,3,Thasra,,10,03878
Gujrat,262,452,Narmada,3909,1,Tilakwada,,1,03909
Gujrat,263,641,Tapi,3943,1,Uchchhal,,5,03943
Gujrat,264,459,Surat,6522,1,Udhna,Udhna,,00000
Gujrat,265,641,Tapi,7550,4,Ukai,ઊકાઇ,,00000
Gujrat,266,459,Surat,3934,1,Umarpada,,3,03934
Gujrat,267,462,Valsad,3931,1,Umbergaon,,5,03931
Gujrat,268,443,Bhavnagar,3853,1,Umrala,,4,03853
Gujrat,269,440,Anand,3863,1,Umreth,,3,03863
Gujrat,270,675,Gir Somnath,3838,4,Una,,14,03838
Gujrat,271,451,Mahesana,3753,1,Unjha,,3,03753
Gujrat,272,457,Rajkot,3809,1,Upleta,,12,03809
Gujrat,273,458,Sabar Kantha,3762,1,Vadali,,3,03762
Gujrat,274,441,Banas Kantha,3738,1,Vadgam,,7,03738
Gujrat,275,451,Mahesana,3755,1,Vadnagar,,5,03755
Gujrat,276,461,Vadodara,6529,1,Vadodara East,,,00000
Gujrat,277,461,Vadodara,6527,1,Vadodara North,,,00000
Gujrat,278,461,Vadodara,3898,6,Vadodara Rural,,2,03898
Gujrat,279,461,Vadodara,6526,1,Vadodara South,,,00000
Gujrat,280,461,Vadodara,6528,1,Vadodara West,,,00000
Gujrat,281,461,Vadodara,3899,1,Vaghodia,,3,03899
Gujrat,282,442,Bharuch,3915,1,Vagra,,3,03915
Gujrat,283,442,Bharuch,3920,2,Valia,,8,03920
Gujrat,284,443,Bhavnagar,3851,1,Vallabhipur,,2,03851
Gujrat,285,641,Tapi,3946,1,Valod,,14,03946
Gujrat,286,462,Valsad,3927,1,Valsad,,1,03927
Gujrat,287,462,Valsad,7599,1,Valsad City,વલસાડ સીટી,,00000
Gujrat,288,448,Junagadh,3826,1,Vanthali,,2,03826
Gujrat,289,462,Valsad,6031,2,Vapi,VAPI,,00000
Gujrat,290,462,Valsad,7596,1,Vapi City,વાપી શહેર,,00000
Gujrat,291,450,Kheda,6034,1,Vaso,વસો,,00000
Gujrat,292,438,Ahmedabad,6516,1,Vatva,Vatva,,00000
Gujrat,293,789,Vav-Tharad,3732,6,Vav,,1,03732
Gujrat,294,438,Ahmedabad,6514,1,Vejalpur,Vejalpur,,00000
Gujrat,295,675,Gir Somnath,7446,1,Veraval City,વેરાવળ શહેર,,00000
Gujrat,296,451,Mahesana,3756,1,Vijapur,,6,03756
Gujrat,297,458,Sabar Kantha,3761,1,Vijaynagar,,2,03761
Gujrat,298,457,Rajkot,6198,1,Vinchchiya,,,00000
Gujrat,299,438,Ahmedabad,3779,1,Viramgam,,3,03779
Gujrat,300,669,Mahisagar,3870,2,Virpur,,2,03870
Gujrat,301,448,Junagadh,3829,1,Visavadar,,5,03829
Gujrat,302,451,Mahesana,3754,1,Visnagar,,4,03754
Gujrat,303,641,Tapi,3945,2,Vyara,,13,03945
Gujrat,304,460,Surendranagar,3792,2,Wadhwan,,5,03792
Gujrat,305,444,Dangs,6023,1,Waghai,વઘઈ,,00000
Gujrat,306,673,Morbi,3801,2,Wankaner,,4,03801
Gujrat,,,,,,,,,
Gujrat,"Sep 5, 2026, 6:35 PM",,,,,,,,
Haryana,,,,,,(In English),(In Local),,
Haryana,1,63,Hisar,393,2,Adampur,,1,00393
Haryana,2,65,Jind,6409,2,Alewa,अलेवा,,00000
Haryana,3,58,Ambala,359,5,Ambala,,2,00359
Haryana,4,58,Ambala,6406,1,Ambala Cantonment,अम्बाला छावनी,,00000
Haryana,5,67,Karnal,373,4,Assandh,,4,00373
Haryana,6,69,Mahendragarh,6457,1,Ateli,अटेली,,00000
Haryana,7,68,Kurukshetra,6454,1,Babain St,बबैन,,00000
Haryana,8,701,Charkhi Dadri,403,2,Badhra,,6,00403
Haryana,9,60,Faridabad,6407,2,Badkhal,बड़खल,,00000
Haryana,10,64,Jhajjar,6444,1,Badli,बादली,,00000
Haryana,11,62,Gurugram,6421,1,Badshahpur St,बादशाहपुर,,00000
Haryana,12,64,Jhajjar,408,3,Bahadurgarh,,2,00408
Haryana,13,59,Bhiwani,6432,1,Bahal St,बहल,,00000
Haryana,14,619,Palwal,6479,1,Bahin St,बहिन,,00000
Haryana,15,60,Faridabad,426,6,Ballabgarh,,2,00426
Haryana,16,67,Karnal,6452,1,Ballah St,बल्लाह,,00000
Haryana,17,63,Hisar,6442,1,Balsamand St,बालसमंद,,00000
Haryana,18,71,Panipat,6462,1,Bapoli,बपोली,,00000
Haryana,19,58,Ambala,360,1,Barara,,3,00360
Haryana,20,63,Hisar,6440,2,Barwala,बरवाला,,00000
Haryana,21,70,Panchkula,6460,1,Barwala St,बरवाला,,00000
Haryana,22,792,Hansi,6408,3,Bass,बास,,00000
Haryana,23,72,Rewari,415,5,Bawal,,3,00415
Haryana,24,59,Bhiwani,397,1,Bawani Khera,,1,00397
Haryana,25,64,Jhajjar,407,3,Beri,,1,00407
Haryana,26,61,Fatehabad,6436,1,Bhattukalan St,भट्टूकलां,,00000
Haryana,27,59,Bhiwani,398,2,Bhiwani,,2,00398
Haryana,28,61,Fatehabad,6437,1,Bhuna St,भुना,,00000
Haryana,29,76,Yamunanagar,362,4,Bilaspur,,1,00362
Haryana,30,701,Charkhi Dadri,6433,1,Bondkalan St,बोंदकला,,00000
Haryana,31,76,Yamunanagar,363,6,Chhachhrauli,,2,00363
Haryana,32,74,Sirsa,389,5,Dabwali,,1,00389
Haryana,33,701,Charkhi Dadri,402,3,Dadri,,6,00402
Haryana,34,72,Rewari,6464,1,Dahina St,दहिना,,00000
Haryana,35,60,Faridabad,6415,1,Dayalpur St,दयालपुर,,00000
Haryana,36,66,Kaithal,6448,1,Dhand St,ढांड,,00000
Haryana,37,72,Rewari,6463,1,Dharuhera St,धारूहेड़ा,,00000
Haryana,38,60,Faridabad,6414,1,Dhauj St,धौज,,00000
Haryana,39,74,Sirsa,392,4,Ellenabad,,4,00392
Haryana,40,60,Faridabad,425,5,Faridabad,,1,00425
Haryana,41,62,Gurugram,418,1,Farrukhnagar,,2,00418
Haryana,42,61,Fatehabad,388,5,Fatehabad,,3,00388
Haryana,43,66,Kaithal,369,4,Fatehpur Pundri,,2,00369
Haryana,44,604,Nuh,423,2,Ferozepur Jhirka,,6,00423
Haryana,45,75,Sonipat,379,3,Ganaur,,2,00379
Haryana,46,60,Faridabad,6416,1,Gaunchi St,गौन्च्छी,,00000
Haryana,47,67,Karnal,374,4,Gharaunda,,5,00374
Haryana,48,75,Sonipat,378,3,Gohana,,1,00378
Haryana,49,74,Sirsa,6471,1,Goriwala St,गोरीवाला,,00000
Haryana,50,66,Kaithal,367,4,Guhla,,1,00367
Haryana,51,62,Gurugram,417,5,Gurgaon,,2,00417
Haryana,52,792,Hansi,396,3,Hansi,,4,00396
Haryana,53,62,Gurugram,6423,1,Harsaru St,हरसरू,,00000
Haryana,54,619,Palwal,6478,1,Hassanpur St,हसनपुर,,00000
Haryana,55,619,Palwal,428,3,Hathin,,4,00428
Haryana,56,63,Hisar,394,4,Hisar,,2,00394
Haryana,57,619,Palwal,429,3,Hodal,,5,00429
Haryana,58,604,Nuh,7172,1,Indri,ईण्डरी,,00000
Haryana,59,67,Karnal,371,4,Indri,,2,00371
Haryana,60,68,Kurukshetra,6453,1,Ismailabad St,इस्माईलाबाद,,00000
Haryana,61,71,Panipat,376,2,Israna,,2,00376
Haryana,62,76,Yamunanagar,361,5,Jagadhri,,1,00361
Haryana,63,61,Fatehabad,6438,1,Jakhal St,जाखल,,00000
Haryana,64,64,Jhajjar,409,4,Jhajjar,,3,00409
Haryana,65,65,Jind,383,4,Jind,,2,00383
Haryana,66,65,Jind,384,3,Julana,,3,00384
Haryana,67,62,Gurugram,6422,1,Kadipur St,कादीपुर,,00000
Haryana,68,66,Kaithal,368,6,Kaithal,,2,00368
Haryana,69,73,Rohtak,6467,1,Kalanaur,कलानौर,,00000
Haryana,70,74,Sirsa,6469,3,Kalanwali,कालांवाली,,00000
Haryana,71,66,Kaithal,6446,3,Kalayat,कलायत,,00000
Haryana,72,70,Panchkula,356,3,Kalka,,1,00356
Haryana,73,69,Mahendragarh,6458,1,Kanina,कनिना,,00000
Haryana,74,67,Karnal,372,4,Karnal,,3,00372
Haryana,75,75,Sonipat,6472,1,Khanpur St,खानपुर,,00000
Haryana,76,75,Sonipat,381,3,Kharkhoda,,4,00381
Haryana,77,792,Hansi,6419,2,Kheri Jalab St,खेड़ी जालब,,00000
Haryana,78,72,Rewari,413,5,Kosli,,1,00413
Haryana,79,61,Fatehabad,6439,1,Kulan St,कुलाँ,,00000
Haryana,80,68,Kurukshetra,6410,3,Ladwa,लाडवा,,00000
Haryana,81,73,Rohtak,6468,1,Lakhan Majra St,लाखन माजरा,,00000
Haryana,82,59,Bhiwani,401,1,Loharu,,5,00401
Haryana,83,73,Rohtak,404,3,Maham,,1,00404
Haryana,84,69,Mahendragarh,411,6,Mahendragarh,,1,00411
Haryana,85,62,Gurugram,419,1,Manesar,,2,00419
Haryana,86,72,Rewari,6466,1,Manethi St,मनेठी,,00000
Haryana,87,64,Jhajjar,410,4,Matenhail,,3,00410
Haryana,88,71,Panipat,6412,2,Matlauda,मतलौडा,,00000
Haryana,89,60,Faridabad,6435,1,Mohna St,मोहना,,00000
Haryana,90,70,Panchkula,6461,1,Morni St,मोरनी,,00000
Haryana,91,58,Ambala,6430,1,Mulana St,मुलाना,,00000
Haryana,92,604,Nuh,6477,1,Nagina St,नगीना,,00000
Haryana,93,72,Rewari,6465,1,Nahar St,नाहर,,00000
Haryana,94,69,Mahendragarh,6456,1,Nangal Chawdhary,नांगल चौधरी,,00000
Haryana,95,58,Ambala,358,1,Naraingarh,,1,00358
Haryana,96,69,Mahendragarh,412,5,Narnaul,,2,00412
Haryana,97,792,Hansi,395,4,Narnaund,,3,00395
Haryana,98,65,Jind,382,4,Narwana,,1,00382
Haryana,99,74,Sirsa,6470,1,Nathusari Chopta,नाथूसरी चौपटा,,00000
Haryana,100,67,Karnal,6451,1,Nigdu St,निगडू,,00000
Haryana,101,67,Karnal,370,4,Nilokheri,,1,00370
Haryana,102,67,Karnal,6450,1,Nising St,निसिंग,,00000
Haryana,103,604,Nuh,422,3,Nuh,,5,00422
Haryana,104,72,Rewari,6418,5,Palhawas St,पाल्हावास,,00000
Haryana,105,619,Palwal,427,3,Palwal,,3,00427
Haryana,106,70,Panchkula,357,4,Panchkula,,2,00357
Haryana,107,71,Panipat,375,3,Panipat,,1,00375
Haryana,108,62,Gurugram,416,1,Pataudi,,1,00416
Haryana,109,68,Kurukshetra,365,3,Pehowa,,2,00365
Haryana,110,65,Jind,6445,1,Pillukhera St,पिल्लूखेड़ा,,00000
Haryana,111,76,Yamunanagar,6417,5,Pratap Nagar St,प्रताप नगर,,00000
Haryana,112,604,Nuh,424,2,Punahana,,7,00424
Haryana,113,76,Yamunanagar,6474,1,Radaur,रादौर,,00000
Haryana,114,70,Panchkula,6411,3,Raipur Rani,रायपुर रानी,,00000
Haryana,115,75,Sonipat,6473,1,Rai St,राई,,00000
Haryana,116,66,Kaithal,6447,1,Rajaund St,राजौंद,,00000
Haryana,117,74,Sirsa,391,4,Rania,,3,00391
Haryana,118,61,Fatehabad,386,5,Ratia,,1,00386
Haryana,119,72,Rewari,414,6,Rewari,,2,00414
Haryana,120,73,Rohtak,405,3,Rohtak,,2,00405
Haryana,121,76,Yamunanagar,6475,1,Sadhaura St,सधौरा,,00000
Haryana,122,65,Jind,385,2,Safidon,,4,00385
Haryana,123,58,Ambala,6429,1,Saha St,साहा,,00000
Haryana,124,64,Jhajjar,6443,1,Salhawas St,साल्हावास,,00000
Haryana,125,71,Panipat,377,2,Samalkha,,3,00377
Haryana,126,73,Rohtak,406,3,Sampla,,2,00406
Haryana,127,76,Yamunanagar,6476,1,Saraswati Nagar St,सरस्वती नगर,,00000
Haryana,128,69,Mahendragarh,6459,2,Satnali St,सतनाली,,00000
Haryana,129,68,Kurukshetra,364,4,Shahbad,,1,00364
Haryana,130,58,Ambala,6431,1,Shahzadpur St,शहजादपुर,,00000
Haryana,131,74,Sirsa,390,5,Sirsa,,2,00390
Haryana,132,59,Bhiwani,400,2,Siwani,,4,00400
Haryana,133,66,Kaithal,6449,1,Siwan St,सिवान,,00000
Haryana,134,62,Gurugram,420,1,Sohna,,3,00420
Haryana,135,75,Sonipat,380,3,Sonipat,,3,00380
Haryana,136,604,Nuh,421,2,Taoru,,4,00421
Haryana,137,68,Kurukshetra,366,4,Thanesar,,3,00366
Haryana,138,60,Faridabad,6434,1,Tigaon St,तिगांव,,00000
Haryana,139,61,Fatehabad,387,5,Tohana,,2,00387
Haryana,140,59,Bhiwani,399,1,Tosham,,3,00399
Haryana,141,65,Jind,6413,2,Uchana,उचाना,,00000
Haryana,142,63,Hisar,6441,1,Uklana St,उकलाना,,00000
Haryana,143,62,Gurugram,6420,1,Wazirabad St,वज़ीराबाद,,00000
Haryana,,,,,,,,,
Haryana,"Sep 5, 2026, 6:35 PM",,,,,,,,
Himachal Pradesh,,,,,,(In English),(In Local),,
Himachal Pradesh,1,18,Kangra,6900,6,Alampur,,,00000
Himachal Pradesh,2,26,Una,148,13,Amb,,2,00148
Himachal Pradesh,3,20,Kullu,121,3,Ani,,5,00121
Himachal Pradesh,4,25,Solan,158,14,Arki,,1,00158
Himachal Pradesh,5,22,Mandi,134,7,Aut,,11,00134
Himachal Pradesh,6,25,Solan,162,4,Baddi,,0,00162
Himachal Pradesh,7,22,Mandi,186,6,Bagachnogi,बागाचनोगी,10,00186
Himachal Pradesh,8,22,Mandi,7174,14,Bagshad,Bagshad,,00000
Himachal Pradesh,9,18,Kangra,112,20,Baijnath,,18,00112
Himachal Pradesh,10,22,Mandi,131,9,Baldwara,,8,00131
Himachal Pradesh,11,22,Mandi,6947,14,Balh,,,00000
Himachal Pradesh,12,22,Mandi,135,13,Bali Chowki,,12,00135
Himachal Pradesh,13,26,Una,149,21,Bangana,,3,00149
Himachal Pradesh,14,20,Kullu,120,4,Banjar,,4,00120
Himachal Pradesh,15,18,Kangra,102,15,Baroh,,9,00102
Himachal Pradesh,16,17,Hamirpur,144,7,Barsar,,4,00144
Himachal Pradesh,17,22,Mandi,130,11,Bhadrota,,0,00130
Himachal Pradesh,18,16,Chamba,86,6,Bhalai,,4,00086
Himachal Pradesh,19,15,Bilaspur,153,2,Bharari,,0,00153
Himachal Pradesh,20,16,Chamba,92,6,Bharmour,,10,00092
Himachal Pradesh,21,18,Kangra,7414,7,Bharoli,Bharoli,,00000
Himachal Pradesh,22,26,Una,147,9,Bharwain,,1,00147
Himachal Pradesh,23,16,Chamba,88,8,Bhattiyat,,6,00088
Himachal Pradesh,24,18,Kangra,6939,32,Bhawarna,,,00000
Himachal Pradesh,25,17,Hamirpur,146,10,Bhoranj,,6,00146
Himachal Pradesh,26,17,Hamirpur,6885,6,Bhota,,,00000
Himachal Pradesh,27,20,Kullu,6887,5,Bhuntar,,,00000
Himachal Pradesh,28,15,Bilaspur,156,20,Bilaspur Sadar,,4,00156
Himachal Pradesh,29,26,Una,6892,10,Birhu Kalan,,,00000
Himachal Pradesh,30,18,Kangra,7560,1,Chachian,चचियां,,00000
Himachal Pradesh,31,22,Mandi,137,8,Chachyot,,14,00137
Himachal Pradesh,32,18,Kangra,6897,9,Chadiyar,,,00000
Himachal Pradesh,33,16,Chamba,90,12,Chamba,,8,00090
Himachal Pradesh,34,23,Shimla,185,1,Chaupal,,9,00185
Himachal Pradesh,35,22,Mandi,6950,3,Chhatri,,,00000
Himachal Pradesh,36,23,Shimla,192,7,Chirgaon,,16,00192
Himachal Pradesh,37,16,Chamba,84,6,Churah,,2,00084
Himachal Pradesh,38,24,Sirmaur,171,6,Dadahu,,5,00171
Himachal Pradesh,39,18,Kangra,6918,9,Dadasiba,,,00000
Himachal Pradesh,40,16,Chamba,87,6,Dalhousie,,5,00087
Himachal Pradesh,41,18,Kangra,6901,8,Dareeni,,,00000
Himachal Pradesh,42,25,Solan,159,9,Darlaghat,,0,00159
Himachal Pradesh,43,23,Shimla,6958,5,Deha,,,00000
Himachal Pradesh,44,22,Mandi,6949,6,Dehar,,,00000
Himachal Pradesh,45,18,Kangra,103,29,Dehra Gopipur,देहरा गोपीपुर,10,00103
Himachal Pradesh,46,22,Mandi,7175,2,Dhalwan,Dhalwan,,00000
Himachal Pradesh,47,23,Shimla,6964,22,Dhami,,,00000
Himachal Pradesh,48,23,Shimla,7577,2,Dhamwari,धमवाड़ी,,00000
Himachal Pradesh,49,22,Mandi,127,16,Dharmpur,,5,00127
Himachal Pradesh,50,18,Kangra,99,16,Dharmsala,,7,00099
Himachal Pradesh,51,16,Chamba,6944,10,Dharwala,,,00000
Himachal Pradesh,52,17,Hamirpur,145,5,Dhatwal,,5,00145
Himachal Pradesh,53,18,Kangra,109,14,Dhira,,15,00109
Himachal Pradesh,54,23,Shimla,193,1,Dodra Kwar,,17,00193
Himachal Pradesh,55,26,Una,6891,4,Dulahar,,,00000
Himachal Pradesh,56,18,Kangra,95,34,Fatehpur,,3,00095
Himachal Pradesh,57,26,Una,6893,3,Gagret,,,00000
Himachal Pradesh,58,17,Hamirpur,142,7,Galore,,0,00142
Himachal Pradesh,59,18,Kangra,6921,14,Gangath,,,00000
Himachal Pradesh,60,26,Una,6888,6,Ghanari,,,00000
Himachal Pradesh,61,15,Bilaspur,152,8,Ghumarwin,,1,00152
Himachal Pradesh,62,17,Hamirpur,143,14,Hamirpur,,3,00143
Himachal Pradesh,63,19,Kinnaur,194,2,Hangrang,,1,00194
Himachal Pradesh,64,18,Kangra,97,15,Harchakian,,5,00097
Himachal Pradesh,65,18,Kangra,6920,12,Haripur,,,00000
Himachal Pradesh,66,24,Sirmaur,6953,6,Haripurdhar,,,00000
Himachal Pradesh,67,26,Una,151,9,Haroli,,5,00151
Himachal Pradesh,68,16,Chamba,91,5,Holi,,9,00091
Himachal Pradesh,69,18,Kangra,94,20,Indora,,2,00094
Himachal Pradesh,70,26,Una,6889,3,Ispur,,,00000
Himachal Pradesh,71,17,Hamirpur,7413,2,Jahu,Jahu,,00000
Himachal Pradesh,72,18,Kangra,110,20,Jaisinghpur,,0,00110
Himachal Pradesh,73,23,Shimla,6961,7,Jalog,,,00000
Himachal Pradesh,74,23,Shimla,6957,5,Jangla,,,00000
Himachal Pradesh,75,20,Kullu,7283,2,Jari,,,00000
Himachal Pradesh,76,18,Kangra,105,21,Jaswan,,11,00105
Himachal Pradesh,77,18,Kangra,104,28,Jawalamukhi,,0,00104
Himachal Pradesh,78,18,Kangra,96,26,Jawali,,4,00096
Himachal Pradesh,79,15,Bilaspur,154,13,Jhanduta,,2,00154
Himachal Pradesh,80,22,Mandi,124,11,Jogindarnagar,,2,00124
Himachal Pradesh,81,26,Una,6890,5,Jol,,,00000
Himachal Pradesh,82,23,Shimla,188,5,Jubbal,,12,00188
Himachal Pradesh,83,23,Shimla,183,1,Junga,,7,00183
Himachal Pradesh,84,16,Chamba,6943,7,Kakira,,,00000
Himachal Pradesh,85,23,Shimla,7284,3,Kalbog,,,00000
Himachal Pradesh,86,15,Bilaspur,6938,12,Kalol,,,00000
Himachal Pradesh,87,19,Kinnaur,197,2,Kalpa,,4,00197
Himachal Pradesh,88,24,Sirmaur,174,6,Kamrau,,8,00174
Himachal Pradesh,89,25,Solan,166,10,Kandaghat,,7,00166
Himachal Pradesh,90,17,Hamirpur,6884,10,Kangoo,,,00000
Himachal Pradesh,91,18,Kangra,100,15,Kangra,,8,00100
Himachal Pradesh,92,22,Mandi,139,33,Karsog,,16,00139
Himachal Pradesh,93,25,Solan,164,6,Kasauli,,5,00164
Himachal Pradesh,94,22,Mandi,6945,8,Katoula,,,00000
Himachal Pradesh,95,18,Kangra,107,25,Khundian,,13,00107
Himachal Pradesh,96,23,Shimla,6956,7,Kotgarh,,,00000
Himachal Pradesh,97,23,Shimla,189,4,Kotkhai,,13,00189
Himachal Pradesh,98,18,Kangra,6896,10,Kotla,,,00000
Himachal Pradesh,99,22,Mandi,128,7,Kotli,,6,00128
Himachal Pradesh,100,25,Solan,163,3,Krishangarh,,4,00163
Himachal Pradesh,101,20,Kullu,118,5,Kullu,,2,00118
Himachal Pradesh,102,23,Shimla,179,9,Kumarsain,,3,00179
Himachal Pradesh,103,25,Solan,7056,5,Kunihar,,,00000
Himachal Pradesh,104,23,Shimla,6962,2,Kupvi,,,00000
Himachal Pradesh,105,22,Mandi,125,7,Lad Bharol,,3,00125
Himachal Pradesh,106,18,Kangra,6902,6,Lagru,,,00000
Himachal Pradesh,107,21,Lahaul And Spiti,115,1,Lahul,,2,00115
Himachal Pradesh,108,17,Hamirpur,7285,3,Lambloo,,,00000
Himachal Pradesh,109,25,Solan,7450,2,Loharghat,लोहारघाट,,00000
Himachal Pradesh,110,18,Kangra,6919,21,Majheen,,,00000
Himachal Pradesh,111,24,Sirmaur,7121,1,Majra,,,00000
Himachal Pradesh,112,22,Mandi,6969,4,Makridi,,,00000
Himachal Pradesh,113,25,Solan,6967,9,Mamlig,,,00000
Himachal Pradesh,114,20,Kullu,117,3,Manali,,1,00117
Himachal Pradesh,115,22,Mandi,6970,5,Mandap,,,00000
Himachal Pradesh,116,22,Mandi,133,18,Mandi,,10,00133
Himachal Pradesh,117,26,Una,6894,3,Mehatpur,,,00000
Himachal Pradesh,118,19,Kinnaur,196,2,Morang,,3,00196
Himachal Pradesh,119,18,Kangra,113,3,Multhan,,19,00113
Himachal Pradesh,120,17,Hamirpur,141,12,Nadaun,,2,00141
Himachal Pradesh,121,18,Kangra,101,16,Nagrota Bagwan,,0,00101
Himachal Pradesh,122,18,Kangra,6895,7,Nagrota Surian,,,00000
Himachal Pradesh,123,24,Sirmaur,172,3,Nahan,,6,00172
Himachal Pradesh,124,15,Bilaspur,155,2,Naina Devi,,3,00155
Himachal Pradesh,125,25,Solan,161,13,Nalagarh,,3,00161
Himachal Pradesh,126,15,Bilaspur,157,21,Namhol,नम्होल,0,00157
Himachal Pradesh,127,23,Shimla,178,2,Nankhari,,2,00178
Himachal Pradesh,128,24,Sirmaur,6954,3,Narag,,,00000
Himachal Pradesh,129,23,Shimla,187,3,Nerwa,,11,00187
Himachal Pradesh,130,19,Kinnaur,198,6,Nichar,,5,00198
Himachal Pradesh,131,22,Mandi,138,14,Nihri,,15,00138
Himachal Pradesh,132,20,Kullu,122,6,Nirmand,,6,00122
Himachal Pradesh,133,20,Kullu,6886,3,Nither,,,00000
Himachal Pradesh,134,24,Sirmaur,168,6,Nohra,,2,00168
Himachal Pradesh,135,18,Kangra,93,40,Nurpur,,1,00093
Himachal Pradesh,136,24,Sirmaur,169,5,Pachhad,,3,00169
Himachal Pradesh,137,22,Mandi,123,9,Padhar,,1,00123
Himachal Pradesh,138,24,Sirmaur,6955,2,Pajhota,,,00000
Himachal Pradesh,139,18,Kangra,111,50,Palampur,,17,00111
Himachal Pradesh,140,18,Kangra,6899,9,Panchrukhi,,,00000
Himachal Pradesh,141,16,Chamba,83,6,Pangi,,1,00083
Himachal Pradesh,142,22,Mandi,6951,15,Pangna,,,00000
Himachal Pradesh,143,25,Solan,6940,12,Panjehra,,,00000
Himachal Pradesh,144,24,Sirmaur,173,7,Paonta Sahib,,7,00173
Himachal Pradesh,145,25,Solan,7126,4,Parwanoo,परवाणू,,00000
Himachal Pradesh,146,19,Kinnaur,195,2,Poo,,2,00195
Himachal Pradesh,147,18,Kangra,6905,10,Pragpur,,,00000
Himachal Pradesh,148,16,Chamba,6942,5,Pukhri,,,00000
Himachal Pradesh,149,18,Kangra,7288,3,Raja Ka Talab,,,00000
Himachal Pradesh,150,24,Sirmaur,167,5,Rajgarh,,1,00167
Himachal Pradesh,151,18,Kangra,106,17,Rakkar,,12,00106
Himachal Pradesh,152,23,Shimla,177,11,Rampur,,1,00177
Himachal Pradesh,153,25,Solan,160,4,Ramshahr,,2,00160
Himachal Pradesh,154,24,Sirmaur,170,9,Renuka,,4,00170
Himachal Pradesh,155,22,Mandi,6952,8,Rewalsar,,,00000
Himachal Pradesh,156,18,Kangra,7287,3,Rey,,,00000
Himachal Pradesh,157,23,Shimla,191,1,Rohru,,15,00191
Himachal Pradesh,158,24,Sirmaur,176,3,Ronhat,,10,00176
Himachal Pradesh,159,16,Chamba,7561,2,Saach,साच,,00000
Himachal Pradesh,160,18,Kangra,7291,5,Sadwan,,,00000
Himachal Pradesh,161,16,Chamba,7451,1,Saho,साहो,,00000
Himachal Pradesh,162,20,Kullu,119,4,Sainj,,3,00119
Himachal Pradesh,163,16,Chamba,85,8,Saluni,,3,00085
Himachal Pradesh,164,22,Mandi,126,9,Sandhol,,4,00126
Himachal Pradesh,165,19,Kinnaur,199,2,Sangla,,6,00199
Himachal Pradesh,166,23,Shimla,6959,3,Sarahan,,,00000
Himachal Pradesh,167,23,Shimla,6960,4,Sarawati Nagar,,,00000
Himachal Pradesh,168,22,Mandi,129,12,Sarkaghat,,7,00129
Himachal Pradesh,169,18,Kangra,98,17,Shahpur,,6,00098
Himachal Pradesh,170,24,Sirmaur,175,6,Shillai,,9,00175
Himachal Pradesh,171,23,Shimla,181,13,Shimla ( Rural ),,0,00181
Himachal Pradesh,172,23,Shimla,182,1,Shimla (Urban),,0,00182
Himachal Pradesh,173,16,Chamba,89,5,Sihunta,,7,00089
Himachal Pradesh,174,25,Solan,165,3,Solan,,6,00165
Himachal Pradesh,175,21,Lahaul And Spiti,116,1,Spiti,,3,00116
Himachal Pradesh,176,18,Kangra,7048,19,Sulah,,,00000
Himachal Pradesh,177,22,Mandi,132,10,Sundarnagar,,9,00132
Himachal Pradesh,178,23,Shimla,180,18,Sunni,,4,00180
Himachal Pradesh,179,23,Shimla,6963,7,Taklech,,,00000
Himachal Pradesh,180,19,Kinnaur,6941,6,Tapri,,,00000
Himachal Pradesh,181,17,Hamirpur,6883,12,Tauni Devi Bamson,,,00000
Himachal Pradesh,182,16,Chamba,7286,3,Telka,,,00000
Himachal Pradesh,183,22,Mandi,7184,7,Thachi,Thachi,,00000
Himachal Pradesh,184,18,Kangra,7289,2,Thakurdwara,,,00000
Himachal Pradesh,185,23,Shimla,184,6,Theog,,8,00184
Himachal Pradesh,186,22,Mandi,136,12,Thunag,,13,00136
Himachal Pradesh,187,18,Kangra,108,15,Thural,,14,00108
Himachal Pradesh,188,22,Mandi,6946,11,Tihra,,,00000
Himachal Pradesh,189,23,Shimla,190,1,Tikar,,14,00190
Himachal Pradesh,190,22,Mandi,6948,4,Tikken,,,00000
Himachal Pradesh,191,17,Hamirpur,140,7,Tira Sujanpur,,1,00140
Himachal Pradesh,192,21,Lahaul And Spiti,114,1,Udaipur,,1,00114
Himachal Pradesh,193,26,Una,150,11,Una,,4,00150
Himachal Pradesh,,,,,,,,,
Himachal Pradesh,"Sep 5, 2026, 6:36 PM",,,,,,,,
Jammu and Kashmir,,,,,,(In English),(In Local),,
Jammu and Kashmir,1,623,Bandipora,6810,3,Ajas,Ajas,,00000
Jammu and Kashmir,2,5,Jammu,78,11,Akhnoor,,1,00078
Jammu and Kashmir,3,623,Bandipora,6809,4,Aloosa,Aloosa,,00000
Jammu and Kashmir,4,1,Anantnag,55,15,Anantnag,,3,00055
Jammu and Kashmir,5,1,Anantnag,6822,8,Anantnag East (Mattan),Anantnag East (Mattan),,00000
Jammu and Kashmir,6,11,Pulwama,6795,7,Aripal,Aripal,,00000
Jammu and Kashmir,7,627,Reasi,6740,2,Arnas,Arnas,,00000
Jammu and Kashmir,8,5,Jammu,6717,2,Arnia,Arnia,,00000
Jammu and Kashmir,9,4,Doda,6752,4,Assar,Assar,,00000
Jammu and Kashmir,10,620,Kishtwar,71,5,Atholi (Paddar),,4,00071
Jammu and Kashmir,11,11,Pulwama,49,9,Awantipora,,1,00049
Jammu and Kashmir,12,5,Jammu,6707,5,Bahu,Bahu,,00000
Jammu and Kashmir,13,10,Poonch,6778,1,Balakote,Balakote,,00000
Jammu and Kashmir,14,623,Bandipora,41,5,Bandipora,,2,00041
Jammu and Kashmir,15,7,Kathua,29,1,Bani,,2,00029
Jammu and Kashmir,16,621,Ramban,66,9,Banihal,,1,00066
Jammu and Kashmir,17,3,Baramulla,35,14,Baramulla,,6,00035
Jammu and Kashmir,18,625,Shopian,6798,4,Barbugh Imam Sahib,Barbugh Imam Sahib,,00000
Jammu and Kashmir,19,624,Samba,6720,2,Bari Brahamana,Bari Brahamana,,00000
Jammu and Kashmir,20,14,Udhampur,6736,1,Basantgarh,Basantgarh,,00000
Jammu and Kashmir,21,7,Kathua,28,4,Basohli,,2,00028
Jammu and Kashmir,22,621,Ramban,6761,1,Batote,Batote,,00000
Jammu and Kashmir,23,2,Budgam,5,4,Beerwah,,1,00005
Jammu and Kashmir,24,12,Rajouri,6776,2,Beri Pattan,Beri Pattan,,00000
Jammu and Kashmir,25,4,Doda,65,4,Bhaderwah,,7,00065
Jammu and Kashmir,26,4,Doda,6747,2,Bhagwa,Bhagwa,,00000
Jammu and Kashmir,27,4,Doda,6753,4,Bhalessa (Gandoh),Bhalessa (Gandoh),,00000
Jammu and Kashmir,28,4,Doda,6755,3,Bhalla,Bhalla,,00000
Jammu and Kashmir,29,5,Jammu,6709,1,Bhalwal,Bhalwal,,00000
Jammu and Kashmir,30,4,Doda,6746,2,Bharath Bagla,Bharath Bagla,,00000
Jammu and Kashmir,31,4,Doda,7203,1,Bhella,,,00000
Jammu and Kashmir,32,627,Reasi,6744,2,Bhomag,Bhomag,,00000
Jammu and Kashmir,33,1,Anantnag,54,10,Bijbehara,,2,00054
Jammu and Kashmir,34,7,Kathua,27,5,Billawar,,1,00027
Jammu and Kashmir,35,5,Jammu,81,7,Bishnah,,4,00081
Jammu and Kashmir,36,2,Budgam,6815,1,Bk Pora,BK Pora,,00000
Jammu and Kashmir,37,3,Baramulla,38,14,Boniyar,,7,00038
Jammu and Kashmir,38,2,Budgam,7,4,Budgam,,2,00007
Jammu and Kashmir,39,620,Kishtwar,6770,2,Bunjwah,Bunjwah,,00000
Jammu and Kashmir,40,2,Budgam,8,5,Chadoora,,3,00008
Jammu and Kashmir,41,13,Srinagar,6802,3,Channapora/Natipora,Channapora/Natipora,,00000
Jammu and Kashmir,42,2,Budgam,9,4,Charar- E- Shrief,,3,00009
Jammu and Kashmir,43,627,Reasi,6738,2,Chassana,Chassana,,00000
Jammu and Kashmir,44,14,Udhampur,73,3,Chenani,,4,00073
Jammu and Kashmir,45,620,Kishtwar,70,4,Chhatroo,,4,00070
Jammu and Kashmir,46,4,Doda,6754,3,Chilly Pingal,Chilly Pingal,,00000
Jammu and Kashmir,47,4,Doda,6758,1,Chiralla,Chiralla,,00000
Jammu and Kashmir,48,625,Shopian,6799,2,Chitragam,Chitragam,,00000
Jammu and Kashmir,49,5,Jammu,6703,1,Chowki Choura,Chowki Choura,,00000
Jammu and Kashmir,50,620,Kishtwar,6765,1,Dachhan,Dachhan,,00000
Jammu and Kashmir,51,3,Baramulla,6827,5,Dangarpora,,,00000
Jammu and Kashmir,52,5,Jammu,6712,1,Dansal,Dansal,,00000
Jammu and Kashmir,53,12,Rajouri,21,2,Darhal,,1,00021
Jammu and Kashmir,54,622,Kulgam,60,13,Devsar,,4,00060
Jammu and Kashmir,55,622,Kulgam,61,4,D H Pora,,4,00061
Jammu and Kashmir,56,7,Kathua,6726,1,Dinga Amb,Dinga Amb,,00000
Jammu and Kashmir,57,4,Doda,62,12,Doda,,3,00062
Jammu and Kashmir,58,3,Baramulla,6824,5,Dongiwacha,Dongiwacha,,00000
Jammu and Kashmir,59,1,Anantnag,58,11,Dooru,,5,00058
Jammu and Kashmir,60,620,Kishtwar,6769,3,Drabshala,Drabshala,,00000
Jammu and Kashmir,61,8,Kupwara,6786,3,Dragmulla,Dragmulla,,00000
Jammu and Kashmir,62,13,Srinagar,6803,1,Eidgah,Eidgah,,00000
Jammu and Kashmir,63,622,Kulgam,6780,4,Frisal,Frisal,,00000
Jammu and Kashmir,64,626,Ganderbal,47,5,Ganderbal,,2,00047
Jammu and Kashmir,65,624,Samba,6721,1,Ghagwal,Ghagwal,,00000
Jammu and Kashmir,66,621,Ramban,6763,1,Gool,Gool,,00000
Jammu and Kashmir,67,626,Ganderbal,6806,3,Gund,Gund,,00000
Jammu and Kashmir,68,4,Doda,6749,4,Gundna,Gundna,,00000
Jammu and Kashmir,69,623,Bandipora,40,5,Gurez,,1,00040
Jammu and Kashmir,70,623,Bandipora,6811,3,Hajin,Hajin,,00000
Jammu and Kashmir,71,8,Kupwara,2,21,Handwara,,2,00002
Jammu and Kashmir,72,625,Shopian,6800,2,Harmain,Harmain,,00000
Jammu and Kashmir,73,10,Poonch,16,1,Haveli,,1,00016
Jammu and Kashmir,74,7,Kathua,31,8,Hiranagar,,4,00031
Jammu and Kashmir,75,5,Jammu,79,39,Jammu,,2,00079
Jammu and Kashmir,76,5,Jammu,6708,4,Jammu North,Jammu North,,00000
Jammu and Kashmir,77,5,Jammu,6706,3,Jammu South,Jammu South,,00000
Jammu and Kashmir,78,5,Jammu,6718,5,Jammu West,Jammu West,,00000
Jammu and Kashmir,79,5,Jammu,6701,3,Jourian,Jourian,,00000
Jammu and Kashmir,80,4,Doda,6756,1,Kahara,Kahara,,00000
Jammu and Kashmir,81,11,Pulwama,6793,4,Kakapora,Kakapora,,00000
Jammu and Kashmir,82,12,Rajouri,24,3,Kalakote,,4,00024
Jammu and Kashmir,83,626,Ganderbal,46,4,Kangan,,1,00046
Jammu and Kashmir,84,8,Kupwara,3,12,Karnah,,3,00003
Jammu and Kashmir,85,4,Doda,6748,2,Kashtigarh,Kashtigarh,,00000
Jammu and Kashmir,86,7,Kathua,30,2,Kathua,,3,00030
Jammu and Kashmir,87,627,Reasi,6741,2,Katra,Katra,,00000
Jammu and Kashmir,88,3,Baramulla,6829,4,Kawarhama,Kawarhama,,00000
Jammu and Kashmir,89,625,Shopian,6092,7,Keegam,Keegam,,00000
Jammu and Kashmir,90,625,Shopian,6091,6,Keller,Keller,,00000
Jammu and Kashmir,91,8,Kupwara,6782,2,Keran,Keran,,00000
Jammu and Kashmir,92,2,Budgam,4,4,Khag,,8,00004
Jammu and Kashmir,93,2,Budgam,6,4,Khansahib,,1,00006
Jammu and Kashmir,94,13,Srinagar,6801,1,Khanyar,Khanyar,,00000
Jammu and Kashmir,95,5,Jammu,6704,3,Kharah Balli,Kharah Balli,,00000
Jammu and Kashmir,96,621,Ramban,6759,2,Khari,Khari,,00000
Jammu and Kashmir,97,12,Rajouri,6771,3,Khawas,Khawas,,00000
Jammu and Kashmir,98,3,Baramulla,6828,2,Khoie,Khoie,,00000
Jammu and Kashmir,99,5,Jammu,6714,1,Khour,Khour,,00000
Jammu and Kashmir,100,620,Kishtwar,68,8,Kishtwar,,4,00068
Jammu and Kashmir,101,1,Anantnag,57,8,Kokernag,,3,00057
Jammu and Kashmir,102,12,Rajouri,6851,3,Koteranka,,,00000
Jammu and Kashmir,103,8,Kupwara,6783,1,Kralpora,Kralpora,,00000
Jammu and Kashmir,104,3,Baramulla,36,14,Kreeri,,6,00036
Jammu and Kashmir,105,622,Kulgam,59,22,Kulgam,,4,00059
Jammu and Kashmir,106,3,Baramulla,6830,9,Kunzer,Kunzer,,00000
Jammu and Kashmir,107,8,Kupwara,1,19,Kupwara,,1,00001
Jammu and Kashmir,108,8,Kupwara,6792,1,Lalpora,Lalpora,,00000
Jammu and Kashmir,109,8,Kupwara,6789,5,Langate,Langate,,00000
Jammu and Kashmir,110,626,Ganderbal,45,6,Lar,,3,00045
Jammu and Kashmir,111,1,Anantnag,6820,3,Larnoo,Larnoo,,00000
Jammu and Kashmir,112,12,Rajouri,6774,1,Laroka,Laroka,,00000
Jammu and Kashmir,113,14,Udhampur,6737,2,Latti,Latti,,00000
Jammu and Kashmir,114,7,Kathua,6729,2,Lohai Malhar,Lohai Malhar,,00000
Jammu and Kashmir,115,8,Kupwara,6791,2,Lolab (Sogam),Lolab (Sogam),,00000
Jammu and Kashmir,116,620,Kishtwar,6767,1,Machail,Machail,,00000
Jammu and Kashmir,117,8,Kupwara,6785,2,Machil,Machil,,00000
Jammu and Kashmir,118,2,Budgam,6814,2,Magam,Magam,,00000
Jammu and Kashmir,119,7,Kathua,6725,2,Mahanpur,Mahanpur,,00000
Jammu and Kashmir,120,627,Reasi,6850,1,Mahore,,,00000
Jammu and Kashmir,121,5,Jammu,6702,1,Maira Mandrian,Maira Mandrian,,00000
Jammu and Kashmir,122,14,Udhampur,75,2,Majalta,,5,00075
Jammu and Kashmir,123,5,Jammu,6713,4,Mandal,Mandal,,00000
Jammu and Kashmir,124,10,Poonch,17,1,Mandi,,1,00017
Jammu and Kashmir,125,12,Rajouri,6772,1,Manjakote,Manjakote,,00000
Jammu and Kashmir,126,10,Poonch,6779,2,Mankote,Mankote,,00000
Jammu and Kashmir,127,5,Jammu,6715,12,Marh,Marh,,00000
Jammu and Kashmir,128,7,Kathua,6731,4,Marheen,Marheen,,00000
Jammu and Kashmir,129,4,Doda,6751,1,Marmat,Marmat,,00000
Jammu and Kashmir,130,620,Kishtwar,69,4,Marwah,,4,00069
Jammu and Kashmir,131,10,Poonch,18,4,Mendhar,,2,00018
Jammu and Kashmir,132,4,Doda,6750,3,Mohalla,Mohalla,,00000
Jammu and Kashmir,133,14,Udhampur,6734,1,Moungri,Moungri,,00000
Jammu and Kashmir,134,620,Kishtwar,6764,2,Mugal Maidan,Mugal Maidan,,00000
Jammu and Kashmir,135,7,Kathua,6727,3,Nagri Parole,Nagri Parole,,00000
Jammu and Kashmir,136,5,Jammu,6711,2,Nagrota,Nagrota,,00000
Jammu and Kashmir,137,620,Kishtwar,6768,1,Nagseni,Nagseni,,00000
Jammu and Kashmir,138,2,Budgam,6813,4,Narbal,Narbal,,00000
Jammu and Kashmir,139,3,Baramulla,7202,2,Narwav,Narwav,,00000
Jammu and Kashmir,140,12,Rajouri,25,8,Nowshera,,5,00025
Jammu and Kashmir,141,1,Anantnag,53,9,Pahalgam,,1,00053
Jammu and Kashmir,142,622,Kulgam,6194,4,Pahloo,,,00000
Jammu and Kashmir,143,11,Pulwama,48,7,Pampore,,1,00048
Jammu and Kashmir,144,14,Udhampur,6735,1,Panchari,Panchari,,00000
Jammu and Kashmir,145,13,Srinagar,6804,2,Pantha Chowk,Pantha Chowk,,00000
Jammu and Kashmir,146,5,Jammu,6705,1,Pargwal,Pargwal,,00000
Jammu and Kashmir,147,3,Baramulla,34,14,Pattan,,5,00034
Jammu and Kashmir,148,4,Doda,6757,1,Phigsoo,Phigsoo,,00000
Jammu and Kashmir,149,621,Ramban,6760,3,Pogal Paristan,Pogal Paristan,,00000
Jammu and Kashmir,150,627,Reasi,6742,4,Pouni,Pouni,,00000
Jammu and Kashmir,151,11,Pulwama,51,12,Pulwama,,3,00051
Jammu and Kashmir,152,8,Kupwara,7205,1,Qalamabad,Qalamabad,,00000
Jammu and Kashmir,153,8,Kupwara,6788,4,Qaziabad (Kralgund),Qaziabad (Kralgund),,00000
Jammu and Kashmir,154,1,Anantnag,6817,8,Qazigund,Qazigund,,00000
Jammu and Kashmir,155,12,Rajouri,6773,1,Qila Darhal,Qila Darhal,,00000
Jammu and Kashmir,156,622,Kulgam,6193,8,Qoimoh,Qoimoh,,00000
Jammu and Kashmir,157,3,Baramulla,33,15,Rafiabad,,4,00033
Jammu and Kashmir,158,621,Ramban,6762,3,Rajgarh,Rajgarh,,00000
Jammu and Kashmir,159,12,Rajouri,22,6,Rajouri,,2,00022
Jammu and Kashmir,160,11,Pulwama,6796,6,Rajpora,Rajpora,,00000
Jammu and Kashmir,161,624,Samba,6719,1,Rajpura,Rajpura,,00000
Jammu and Kashmir,162,621,Ramban,67,6,Ramban,,0,00067
Jammu and Kashmir,163,624,Samba,6724,3,Ramgarh,Ram Garh,,00000
Jammu and Kashmir,164,8,Kupwara,6787,4,Ramhal (Tarathpora),Ramhal (Tarathpora),,00000
Jammu and Kashmir,165,7,Kathua,6728,2,Ramkote,,,00000
Jammu and Kashmir,166,14,Udhampur,74,3,Ramnagar,,5,00074
Jammu and Kashmir,167,621,Ramban,7201,1,Ramsoo,,,00000
Jammu and Kashmir,168,627,Reasi,77,12,Reasi,,2,00077
Jammu and Kashmir,169,5,Jammu,80,4,R. S. Pura,R. S. Pura,2,00080
Jammu and Kashmir,170,1,Anantnag,6818,6,Sallar,Sallar,,00000
Jammu and Kashmir,171,624,Samba,82,11,Samba,,5,00082
Jammu and Kashmir,172,1,Anantnag,6816,7,Shahbad Bala,Shahbad Bala,,00000
Jammu and Kashmir,173,11,Pulwama,6794,4,Shahoora (Litter),Shahoora (Litter),,00000
Jammu and Kashmir,174,1,Anantnag,56,8,Shangus,,3,00056
Jammu and Kashmir,175,625,Shopian,52,12,Shopian,,4,00052
Jammu and Kashmir,176,3,Baramulla,7204,1,Singhpora,Singhpora,,00000
Jammu and Kashmir,177,12,Rajouri,6777,1,Siot,Siot,,00000
Jammu and Kashmir,178,623,Bandipora,42,6,Sonawari,,3,00042
Jammu and Kashmir,179,3,Baramulla,32,13,Sopore,,4,00032
Jammu and Kashmir,180,1,Anantnag,6819,4,Srigufwara,Srigufwara,,00000
Jammu and Kashmir,181,13,Srinagar,6805,1,Srinagar Central,Srinagar Central,,00000
Jammu and Kashmir,182,13,Srinagar,43,7,Srinagar North,Srinagar North,3,00043
Jammu and Kashmir,183,13,Srinagar,44,8,Srinagar South,Srinagar South,5,00044
Jammu and Kashmir,184,5,Jammu,6716,1,Suchetgarh,Suchetgarh,,00000
Jammu and Kashmir,185,12,Rajouri,26,7,Sunderbani,Sunderbani,6,00026
Jammu and Kashmir,186,10,Poonch,19,1,Surankote,,3,00019
Jammu and Kashmir,187,3,Baramulla,39,17,Tangmarg,,8,00039
Jammu and Kashmir,188,12,Rajouri,6775,2,Taryath,Taryath,,00000
Jammu and Kashmir,189,627,Reasi,6745,2,Thakrakote,Thakrakote,,00000
Jammu and Kashmir,190,12,Rajouri,20,3,Thana Mandi,,1,00020
Jammu and Kashmir,191,4,Doda,63,5,Thathri,,5,00063
Jammu and Kashmir,192,627,Reasi,6739,2,Thuroo,Thuroo,,00000
Jammu and Kashmir,193,11,Pulwama,50,12,Tral,,2,00050
Jammu and Kashmir,194,8,Kupwara,6784,4,Trehgam,Trehgam,,00000
Jammu and Kashmir,195,623,Bandipora,6812,1,Tulail,Tulail,,00000
Jammu and Kashmir,196,626,Ganderbal,6807,3,Tullamulla Khirbhawani,Tullamulla Khirbhawani,,00000
Jammu and Kashmir,197,14,Udhampur,72,3,Udhampur,,3,00072
Jammu and Kashmir,198,3,Baramulla,37,15,Uri,,7,00037
Jammu and Kashmir,199,624,Samba,6722,2,Vijaypur,Vijaypur,,00000
Jammu and Kashmir,200,8,Kupwara,7206,1,Villgam,Villgam,,00000
Jammu and Kashmir,201,3,Baramulla,6823,5,Wagoora,Wagoora,,00000
Jammu and Kashmir,202,626,Ganderbal,6808,3,Wakoora,Wakoora,,00000
Jammu and Kashmir,203,620,Kishtwar,6766,1,Warwan,Warwan,,00000
Jammu and Kashmir,204,3,Baramulla,6825,1,Watergam,Watergam,,00000
Jammu and Kashmir,205,622,Kulgam,6781,3,Yaripora,Yaripora,,00000
Jammu and Kashmir,206,8,Kupwara,6790,2,Zachaldara,Zachaldara,,00000
Jammu and Kashmir,207,625,Shopian,6797,2,Zainapora,Zainapora,,00000
Jammu and Kashmir,208,3,Baramulla,6826,2,Zaingeer,Zaingeer,,00000
Jammu and Kashmir,,,,,,,,,
Jammu and Kashmir,"Sep 5, 2026, 6:37 PM",,,,,,,,
Jharkhand,,,,,,(In English),(In Local),,
Jharkhand,1,341,Saraikela Kharsawan,2752,1,Adityapur(Gamharia),,0009,02752
Jharkhand,2,331,Gumla,2715,1,Albert Ekka(Jari),,0,02715
Jharkhand,3,337,Pakur,2574,1,Amrapara,,2,02574
Jharkhand,4,343,West Singhbhum,2734,2,Anandpur,आनंदपुर,0,02734
Jharkhand,5,339,Ranchi,2686,1,Angara,,4,02686
Jharkhand,6,325,Dhanbad,2582,1,Baghmara-Cum-Katras,बाघमारा,3,02582
Jharkhand,7,329,Giridih,2541,1,Bagodar,बगोदर,10,02541
Jharkhand,8,327,East Singhbum,2614,1,Baharagora,,9,02614
Jharkhand,9,325,Dhanbad,2586,1,Baliapur,बलियापुर,7,02586
Jharkhand,10,335,Latehar,2640,1,Balumath,बालूमाथ,18,02640
Jharkhand,11,343,West Singhbhum,2730,1,Bandgaon,बन्दगाँव,2,02730
Jharkhand,12,342,Simdega,2727,1,Bano,,18,02727
Jharkhand,13,342,Simdega,2726,1,Bansjor,,0,02726
Jharkhand,14,328,Garhwa,2500,1,Bardiha,बरडीहा,0,02500
Jharkhand,15,328,Garhwa,6329,1,Bargarh,,,00000
Jharkhand,16,340,Sahebganj,2567,1,Barhait,,4,02567
Jharkhand,17,340,Sahebganj,2572,1,Barharwa,,9,02572
Jharkhand,18,332,Hazaribagh,2645,1,Barhi,,2,02645
Jharkhand,19,335,Latehar,2641,1,Bariyatu,बारियातु,0,02641
Jharkhand,20,332,Hazaribagh,2657,1,Barkagaon,,10,02657
Jharkhand,21,332,Hazaribagh,2650,1,Barkatha,,5,02650
Jharkhand,22,335,Latehar,2636,1,Barwadih,बरवाडीह,14,02636
Jharkhand,23,330,Godda,2560,1,Bashant Rai*,,0,02560
Jharkhand,24,331,Gumla,2711,1,Basia,,6,02711
Jharkhand,25,329,Giridih,2537,1,Bengabad,बेंगाबाद,6,02537
Jharkhand,26,322,Bokaro,2590,1,Bermo,,2,02590
Jharkhand,27,339,Ranchi,2695,1,Bero,,11,02695
Jharkhand,28,328,Garhwa,2513,2,Bhandaria,भंडरिया,14,02513
Jharkhand,29,336,Lohardaga,2603,1,Bhandra,,5,02603
Jharkhand,30,331,Gumla,2709,2,Bharno,BHARNO,4,02709
Jharkhand,31,328,Garhwa,2496,1,Bhawnathpur,भवनाथपुर,2,02496
Jharkhand,32,329,Giridih,2540,1,Birni,बिरनी,9,02540
Jharkhand,33,338,Palamu,2624,1,Bishrampur,,5,02624
Jharkhand,34,332,Hazaribagh,2652,1,Bishungarh,,6,02652
Jharkhand,35,331,Gumla,2706,1,Bishunpur,,1,02706
Jharkhand,36,328,Garhwa,2502,1,Bishunpura,बिशुनपुरा,0,02502
Jharkhand,37,330,Godda,2557,1,Boarijor,,3,02557
Jharkhand,38,342,Simdega,2722,1,Bolba,,14,02722
Jharkhand,39,327,East Singhbum,2605,1,Boram,,0,02605
Jharkhand,40,340,Sahebganj,2566,1,Borio,,3,02566
Jharkhand,41,339,Ranchi,2698,1,Bundu,बुंडू,18,02698
Jharkhand,42,339,Ranchi,2682,1,Burmu,,1,02682
Jharkhand,43,343,West Singhbhum,2739,3,Chaibasa,चाईबासा,17,02739
Jharkhand,44,331,Gumla,2713,1,Chainpur,,13,02713
Jharkhand,45,338,Palamu,2634,2,Chainpur,,13,02634
Jharkhand,46,343,West Singhbhum,2731,1,Chakradharpur,चक्रधरपुर,3,02731
Jharkhand,47,327,East Singhbum,2613,1,Chakulia,,8,02613
Jharkhand,48,332,Hazaribagh,2651,1,Chalkusa,,0,02651
Jharkhand,49,322,Bokaro,2596,1,Chandankiyari,,8,02596
Jharkhand,50,341,Saraikela Kharsawan,2748,1,Chandil,,6,02748
Jharkhand,51,322,Bokaro,2589,1,Chandrapura,,0,02589
Jharkhand,52,335,Latehar,2643,1,Chandwa,चंदवा,19,02643
Jharkhand,53,334,Koderma,2530,1,Chandwara,चंदवारा,0,02530
Jharkhand,54,339,Ranchi,2694,1,Chanho,,10,02694
Jharkhand,55,322,Bokaro,2595,1,Chas,,7,02595
Jharkhand,56,323,Chatra,2518,1,Chatra,चतरा,5,02518
Jharkhand,57,332,Hazaribagh,2644,1,Chauparan,,1,02644
Jharkhand,58,338,Palamu,2620,1,Chhatarpur,,3,02620
Jharkhand,59,328,Garhwa,2507,1,Chinia,चिनिया,9,02507
Jharkhand,60,607,Ramgarh,2664,1,Chitarpur,,0,02664
Jharkhand,61,332,Hazaribagh,2658,1,Churchu,,12,02658
Jharkhand,62,332,Hazaribagh,2659,1,Dadi,,0,02659
Jharkhand,63,328,Garhwa,2510,1,Danda,डंडा,0,02510
Jharkhand,64,328,Garhwa,2506,1,Dandai,दंडई,8,02506
Jharkhand,65,332,Hazaribagh,2649,1,Daru,,0,02649
Jharkhand,66,324,Deoghar,2545,1,Deoghar,देवघर,1,02545
Jharkhand,67,329,Giridih,2534,1,Deori,देवरी,3,02534
Jharkhand,68,324,Deoghar,2549,1,Devipur,देवीपुर,4,02549
Jharkhand,69,327,East Singhbum,2611,1,Dhalbhumgarh,,7,02611
Jharkhand,70,325,Dhanbad,2584,1,Dhanbad-Cum-Kenduadih-Cum-Jagata,धनबाद,5,02584
Jharkhand,71,329,Giridih,2535,1,Dhanwar,धनवार,4,02535
Jharkhand,72,328,Garhwa,2504,1,Dhurki,धुरकी,7,02504
Jharkhand,73,334,Koderma,2528,1,Domchanch,डोमचांच,0,02528
Jharkhand,74,607,Ramgarh,2663,1,Dulmi,,0,02663
Jharkhand,75,327,East Singhbum,2610,1,Dumaria,,6,02610
Jharkhand,76,326,Dumka,2673,1,Dumka,,8,02673
Jharkhand,77,331,Gumla,2714,1,Dumri,,11,02714
Jharkhand,78,329,Giridih,2543,1,Dumri,डुमरी,11,02543
Jharkhand,79,325,Dhanbad,6201,1,Egarkund,एगारकुंड,,00000
Jharkhand,80,606,Khunti,2705,1,Erki(Tamar Ii),,0,02705
Jharkhand,81,333,Jamtara,2680,2,Fatehpur,फतेहपुर,0,02680
Jharkhand,82,329,Giridih,2538,2,Gandey,गाण्डेय,7,02538
Jharkhand,83,328,Garhwa,2509,1,Garhwa,गढ़वा,11,02509
Jharkhand,84,335,Latehar,2638,1,Garu,गारू,16,02638
Jharkhand,85,329,Giridih,2532,1,Gawan,गावां,1,02532
Jharkhand,86,331,Gumla,2707,1,Ghaghra,,2,02707
Jharkhand,87,327,East Singhbum,2607,1,Ghatshila,,3,02607
Jharkhand,88,323,Chatra,2522,1,Gidhaur,गिद्धौर,7,02522
Jharkhand,89,329,Giridih,2539,1,Giridih,गिरिडीह,8,02539
Jharkhand,90,325,Dhanbad,2583,1,Gobindpur,गोविंदपुर,4,02583
Jharkhand,91,341,Saraikela Kharsawan,2754,1,Gobindpur(Rajnagar),,0,02754
Jharkhand,92,330,Godda,2561,1,Godda,,6,02561
Jharkhand,93,343,West Singhbhum,2733,4,Goilkera,गोईलकेरा,13,02733
Jharkhand,94,607,Ramgarh,2665,1,Gola,,15,02665
Jharkhand,95,327,East Singhbum,2606,1,Golmuri-Cum-Jugsalai,,2,02606
Jharkhand,96,322,Bokaro,2591,2,Gomia,गोमिया,3,02591
Jharkhand,97,326,Dumka,2669,1,Gopikandar,,4,02669
Jharkhand,98,343,West Singhbhum,2729,5,Gudri,गुदड़ी,0,02729
Jharkhand,99,331,Gumla,2712,1,Gumla,,7,02712
Jharkhand,100,327,East Singhbum,2612,1,Gurbandha,,0,02612
Jharkhand,101,338,Palamu,2616,1,Haidernagar,,0,02616
Jharkhand,102,338,Palamu,2618,1,Hariharganj,,2,02618
Jharkhand,103,343,West Singhbhum,2738,1,Hat Gamharia,हाटगम्हरिया,0,02738
Jharkhand,104,332,Hazaribagh,2653,1,Hazaribag,,7,02653
Jharkhand,105,335,Latehar,2642,1,Herhanj,हेरहंज,0,02642
Jharkhand,106,337,Pakur,2575,1,Hiranpur,,3,02575
Jharkhand,107,338,Palamu,2615,1,Hussainabad,,1,02615
Jharkhand,108,341,Saraikela Kharsawan,2749,1,Ichagarh,,7,02749
Jharkhand,109,332,Hazaribagh,2647,1,Ichak,,4,02647
Jharkhand,110,323,Chatra,2520,1,Itkhori,ईटखोरी,6,02520
Jharkhand,111,339,Ranchi,2696,1,Itki,,0,02696
Jharkhand,112,343,West Singhbhum,2743,1,Jagannathpur,जगन्नाथपुर,21,02743
Jharkhand,113,334,Koderma,2529,1,Jainagar,जयनगर,3,02529
Jharkhand,114,342,Simdega,2725,1,Jaldega,,17,02725
Jharkhand,115,326,Dumka,2674,1,Jama,,9,02674
Jharkhand,116,333,Jamtara,2678,2,Jamtara,जामताड़ा,12,02678
Jharkhand,117,329,Giridih,2536,1,Jamua,जमुआ,5,02536
Jharkhand,118,322,Bokaro,2594,1,Jaridih,,6,02594
Jharkhand,119,326,Dumka,2667,1,Jarmundi,,2,02667
Jharkhand,120,325,Dhanbad,2585,1,Jharia-Cum-Jorapokhar-Cum-Sindri,झरिया,0,02585
Jharkhand,121,343,West Singhbhum,2742,1,Jhinkpani,झींकपानी,20,02742
Jharkhand,122,336,Lohardaga,2600,1,Kairo,,0,02600
Jharkhand,123,331,Gumla,2710,1,Kamdara,,5,02710
Jharkhand,124,328,Garhwa,2498,1,Kandi,कांडी,3,02498
Jharkhand,125,323,Chatra,2519,1,Kanha Chatti,कान्हाचट्टी,0,02519
Jharkhand,126,339,Ranchi,2684,1,Kanke,,2,02684
Jharkhand,127,325,Dhanbad,6202,1,Kariasol,करियासोल,,00000
Jharkhand,128,333,Jamtara,2677,1,Karma Tanr Vidyasagar*,करमाटांड विद्यासागर,0,02677
Jharkhand,129,324,Deoghar,2552,1,Karon,करौं,6,02552
Jharkhand,130,606,Khunti,2700,1,Karra,,13,02700
Jharkhand,131,322,Bokaro,2593,1,Kasmar,,5,02593
Jharkhand,132,332,Hazaribagh,2655,1,Katamdag,,0,02655
Jharkhand,133,326,Dumka,2670,1,Kathikund,,5,02670
Jharkhand,134,332,Hazaribagh,2654,1,Katkamsandi,,8,02654
Jharkhand,135,332,Hazaribagh,2656,1,Keredari,,9,02656
Jharkhand,136,342,Simdega,2721,1,Kersai,,0,02721
Jharkhand,137,328,Garhwa,2497,1,Ketar*,केतार,0,02497
Jharkhand,138,328,Garhwa,2495,1,Kharaundhi,खरौंधी,1,02495
Jharkhand,139,341,Saraikela Kharsawan,2747,1,Kharsawan,,5,02747
Jharkhand,140,339,Ranchi,2683,1,Khelari,,0,02683
Jharkhand,141,606,Khunti,2704,1,Khunti,,17,02704
Jharkhand,142,343,West Singhbhum,2732,3,Khuntpani,खुंटपानी,12,02732
Jharkhand,143,336,Lohardaga,2597,1,Kisko,,1,02597
Jharkhand,144,334,Koderma,2527,2,Koderma,कोडरमा,2,02527
Jharkhand,145,342,Simdega,2724,1,Kolebira,,16,02724
Jharkhand,146,341,Saraikela Kharsawan,2746,1,Kuchai,,4,02746
Jharkhand,147,341,Saraikela Kharsawan,2750,1,Kukru,,0,02750
Jharkhand,148,343,West Singhbhum,2744,1,Kumardungi,कुमारडूगी,22,02744
Jharkhand,149,323,Chatra,2516,1,Kunda,कुंदा,3,02516
Jharkhand,150,333,Jamtara,2681,1,Kundhit,कुंडहित,14,02681
Jharkhand,151,342,Simdega,2720,1,Kurdeg,,13,02720
Jharkhand,152,336,Lohardaga,2599,1,Kuru,,2,02599
Jharkhand,153,339,Ranchi,2697,1,Lapung,,12,02697
Jharkhand,154,335,Latehar,2639,1,Latehar,लातेहार,17,02639
Jharkhand,155,323,Chatra,2517,1,Lawalaung,लावालौंग,4,02517
Jharkhand,156,337,Pakur,2573,1,Litipara,,1,02573
Jharkhand,157,336,Lohardaga,2601,1,Lohardaga,,3,02601
Jharkhand,158,324,Deoghar,2550,1,Madhupur,मधुपुर,5,02550
Jharkhand,159,330,Godda,2558,1,Mahagama,,4,02558
Jharkhand,160,337,Pakur,2577,1,Maheshpur,,5,02577
Jharkhand,161,335,Latehar,2637,1,Mahuadanr,महुआडांड़,15,02637
Jharkhand,162,343,West Singhbhum,2745,1,Majhgaon,मझगाँव,23,02745
Jharkhand,163,328,Garhwa,2499,1,Majhiaon,मझिआंव,4,02499
Jharkhand,164,338,Palamu,2628,1,Manatu,,7,02628
Jharkhand,165,339,Ranchi,2693,1,Mandar,,9,02693
Jharkhand,166,340,Sahebganj,2565,1,Mandro,,2,02565
Jharkhand,167,607,Ramgarh,2661,1,Mandu,,13,02661
Jharkhand,168,335,Latehar,2635,1,Manika,मनिका,9,02635
Jharkhand,169,343,West Singhbhum,2741,1,Manjhari,मंझारी,19,02741
Jharkhand,170,343,West Singhbhum,2735,2,Manoharpur,मनोहरपुर,14,02735
Jharkhand,171,324,Deoghar,2551,1,Margo Munda,मार्गोमुंडा,0,02551
Jharkhand,172,334,Koderma,2531,1,Markacho,मरकच्चो,4,02531
Jharkhand,173,326,Dumka,2675,1,Masalia,,10,02675
Jharkhand,174,323,Chatra,2521,1,Mayur Hand,मयुरहंड,0,02521
Jharkhand,175,338,Palamu,2633,1,Medininagar(Daltonganj),,0,02633
Jharkhand,176,330,Godda,2555,1,Meherma,,1,02555
Jharkhand,177,328,Garhwa,2508,1,Meral (Pipra Kalan),मेराल(पिपरा कलां),10,02508
Jharkhand,178,338,Palamu,2617,1,Mohammad Ganj,,0,02617
Jharkhand,179,324,Deoghar,2546,1,Mohanpur,मोहनपुर,2,02546
Jharkhand,180,606,Khunti,2703,1,Murhu,,16,02703
Jharkhand,181,327,East Singhbum,2609,1,Musabani,,5,02609
Jharkhand,182,328,Garhwa,2503,1,Nagaruntari,नगरउंटारी,6,02503
Jharkhand,183,339,Ranchi,2692,1,Nagri,,0,02692
Jharkhand,184,333,Jamtara,2679,1,Nala,नाला,13,02679
Jharkhand,185,339,Ranchi,2690,1,Namkum,,7,02690
Jharkhand,186,333,Jamtara,2676,1,Narayanpur,नारायणपुर,11,02676
Jharkhand,187,338,Palamu,2625,1,Nawa Bazar,,0,02625
Jharkhand,188,322,Bokaro,2588,1,Nawadih,,1,02588
Jharkhand,189,338,Palamu,2621,1,Nawadiha Bazar/Nawadiha*,,0,02621
Jharkhand,190,338,Palamu,2632,1,Nilambar-Pitambarpur(Lesliganj),,0,02632
Jharkhand,191,341,Saraikela Kharsawan,2751,1,Nimdih,,8,02751
Jharkhand,192,325,Dhanbad,2587,3,Nirsa-Cum-Chirkunda,निरसा,8,02587
Jharkhand,193,343,West Singhbhum,2736,1,Noamundi,नोवामुंडी,15,02736
Jharkhand,194,339,Ranchi,2685,1,Ormanjhi,,3,02685
Jharkhand,195,332,Hazaribagh,2646,1,Padma,,3,02646
Jharkhand,196,338,Palamu,2627,1,Padwa,,0,02627
Jharkhand,197,342,Simdega,2719,1,Pakar Tanr,,0,02719
Jharkhand,198,337,Pakur,2576,1,Pakaur,,4,02576
Jharkhand,199,337,Pakur,2578,1,Pakuria,,6,02578
Jharkhand,200,331,Gumla,2717,1,Palkot,,11,02717
Jharkhand,201,324,Deoghar,2554,1,Palojori,पालोजोरी,8,02554
Jharkhand,202,338,Palamu,2622,1,Pandu,,4,02622
Jharkhand,203,338,Palamu,2630,1,Panki,,8,02630
Jharkhand,204,327,East Singhbum,2604,1,Patamda,,1,02604
Jharkhand,205,338,Palamu,2626,1,Patan,,6,02626
Jharkhand,206,323,Chatra,2523,1,Pathalgora,पथलगड्डा,8,02523
Jharkhand,207,330,Godda,2559,1,Pathargama,,5,02559
Jharkhand,208,340,Sahebganj,2571,1,Pathna,,8,02571
Jharkhand,209,607,Ramgarh,2660,1,Patratu,,11,02660
Jharkhand,210,336,Lohardaga,2598,1,Peshrar,,0,02598
Jharkhand,211,322,Bokaro,2592,1,Peterwar,,0004,02592
Jharkhand,212,338,Palamu,2619,1,Pipra,,0,02619
Jharkhand,213,329,Giridih,2544,1,Pirtanr,पीरटाँड़,12,02544
Jharkhand,214,330,Godda,2562,1,Poreyahat,,7,02562
Jharkhand,215,327,East Singhbum,2608,1,Potka,,4,02608
Jharkhand,216,323,Chatra,2515,1,Pratappur,प्रतापपुर,2,02515
Jharkhand,217,325,Dhanbad,2580,1,Purbi Tundi*,पूर्वी टुंडी,0,02580
Jharkhand,218,339,Ranchi,2687,1,Rahe,,0,02687
Jharkhand,219,331,Gumla,2716,1,Raidih,,10,02716
Jharkhand,220,340,Sahebganj,2569,1,Rajmahal,,6,02569
Jharkhand,221,338,Palamu,6325,1,Ramgarh,,,00000
Jharkhand,222,607,Ramgarh,2662,1,Ramgarh,,14,02662
Jharkhand,223,326,Dumka,2668,1,Ramgarh,,14,02668
Jharkhand,224,328,Garhwa,2512,1,Ramkanda,रामकंडा,13,02512
Jharkhand,225,328,Garhwa,2501,1,Ramna,रमना,5,02501
Jharkhand,226,606,Khunti,2702,1,Rania,,15,02702
Jharkhand,227,326,Dumka,2672,1,Ranishwar,,7,02672
Jharkhand,228,328,Garhwa,2511,1,Ranka,रंका,12,02511
Jharkhand,229,339,Ranchi,2691,1,Ratu,,8,02691
Jharkhand,230,328,Garhwa,2505,1,Sagma,सगमा,0,02505
Jharkhand,231,340,Sahebganj,2564,1,Sahibganj,,1,02564
Jharkhand,232,341,Saraikela Kharsawan,2753,1,Saraikela,,10,02753
Jharkhand,233,326,Dumka,2666,1,Saraiyahat,,1,02666
Jharkhand,234,324,Deoghar,2553,1,Sarath,सारठ,7,02553
Jharkhand,235,324,Deoghar,2547,1,Sarwan,सारवां,3,02547
Jharkhand,236,338,Palamu,2631,1,Satbarwa,,10,02631
Jharkhand,237,334,Koderma,2526,1,Satgawan,सतगावां,1,02526
Jharkhand,238,336,Lohardaga,2602,1,Senha,,4,02602
Jharkhand,239,323,Chatra,2514,1,Shaligram Ram Narayanpur(Hunterganj),शालिग्राम राम नारायणपुर उर्फ हंटरगंज,0,02514
Jharkhand,240,326,Dumka,2671,1,Shikaripara,,6,02671
Jharkhand,241,339,Ranchi,2688,1,Silli,,5,02688
Jharkhand,242,323,Chatra,2524,1,Simaria,सिमरिया,9,02524
Jharkhand,243,342,Simdega,2718,1,Simdega,,12,02718
Jharkhand,244,331,Gumla,2708,1,Sisai,,3,02708
Jharkhand,245,339,Ranchi,2689,1,Sonahatu,,6,02689
Jharkhand,246,324,Deoghar,2548,1,Sona Rai Tharhi,सोनारायठारी,0,02548
Jharkhand,247,343,West Singhbhum,2728,2,Sonua,सोनुवा,1,02728
Jharkhand,248,330,Godda,2563,1,Sundarpahari,,0,02563
Jharkhand,249,329,Giridih,2542,2,Suriya,सरिया,0,02542
Jharkhand,250,340,Sahebganj,2568,1,Taljhari,,5,02568
Jharkhand,251,339,Ranchi,2699,1,Tamar I,,20,02699
Jharkhand,252,323,Chatra,2525,1,Tandwa,टंडवा,10,02525
Jharkhand,253,343,West Singhbhum,2740,1,Tantnagar,तांतनगर,18,02740
Jharkhand,254,338,Palamu,2629,1,Tarhasi,,0,02629
Jharkhand,255,332,Hazaribagh,2648,1,Tati Jhariya,,0,02648
Jharkhand,256,330,Godda,2556,1,Thakurgangti,,0,02556
Jharkhand,257,342,Simdega,2723,1,Thethaitangar,,15,02723
Jharkhand,258,329,Giridih,2533,1,Tisri,तिसरी,2,02533
Jharkhand,259,343,West Singhbhum,2737,1,Tonto,टोन्टो,16,02737
Jharkhand,260,325,Dhanbad,2581,1,Topchanchi,तोपचांची,2,02581
Jharkhand,261,606,Khunti,2701,1,Torpa,,14,02701
Jharkhand,262,325,Dhanbad,2579,1,Tundi,टुंडी,1,02579
Jharkhand,263,340,Sahebganj,2570,1,Udhwa,,7,02570
Jharkhand,264,338,Palamu,2623,1,Untari Road,,0,02623
Jharkhand,,,,,,,,,
Jharkhand,"Sep 5, 2026, 6:38 PM",,,,,,,,
Karnataka,,,,,,(In English),(In Local),,
Karnataka,1,538,Kalaburagi,5581,1,Afzalpur,ಅಫ್ಜಲ್‌ ಪುರ,2,05581
Karnataka,2,532,Chikkamagaluru,7078,16,Ajjampura,,,00000
Karnataka,3,538,Kalaburagi,5580,3,Aland,ಅಳಂದ,1,05580
Karnataka,4,530,Vijayapura,7123,4,Almel,ALMEL,,00000
Karnataka,5,536,Dharwad,7081,2,Alnavar,,,00000
Karnataka,6,539,Hassan,5557,1,Alur,ಆಲೂರು,5,05557
Karnataka,7,525,Bengaluru Urban,5545,1,Anekal,ಆನೇಕಲ್,3,05545
Karnataka,8,550,Uttara Kannada,5484,1,Ankola,ಅಂಕೋಲಾ,7,05484
Karnataka,9,536,Dharwad,7080,2,Annigeri,,,00000
Karnataka,10,546,Raichur,7403,2,Arakera,ಅರೆಕೇರಾ,,00000
Karnataka,11,539,Hassan,5558,1,Arkalgud,ಅರಕಲಗೂಡು,6,05558
Karnataka,12,539,Hassan,5555,1,Arsikere,ಅರಸೀಕೆರೆ,3,05555
Karnataka,13,527,Belagavi,5434,4,Athni,ಅಥಣಿ,2,05434
Karnataka,14,529,Bidar,5456,9,Aurad,ಔರಾದ,3,05456
Karnataka,15,530,Vijayapura,7069,3,Babaleshwar,,,00000
Karnataka,16,524,Bagalkote,5446,6,Badami,ಬಾದಾಮಿ,4,05446
Karnataka,17,524,Bagalkote,5447,1,Bagalkot,ಬಾಗಲಕೋಟ,5,05447
Karnataka,18,630,Chikkaballapura,5598,3,Bagepalli,ಬಾಗೆಪಲ್ಲಿ,4,05598
Karnataka,19,527,Belagavi,5440,6,Bailahongala,ಬೈಲಹೊಂಗಲ,8,05440
Karnataka,20,549,Udupi,7066,2,Bainduru,,,00000
Karnataka,21,528,Ballari,5500,6,Ballari,ಬಳ್ಳಾರಿ,5,05500
Karnataka,22,542,Kolar,5593,17,Bangarapet,ಬಂಗಾರಪೇಟೆ,10,05593
Karnataka,23,534,Dakshina Kannada,5562,2,Bantval,ಬಂಟ್ವಾಳ,2,05562
Karnataka,24,529,Bidar,5454,4,Basavakalyan,ಬಸವಕಲ್ಯಾಣ,1,05454
Karnataka,25,530,Vijayapura,5452,8,Basavana Bagevadi,ಬಸವನ ಬಾಗೇವಾಡಿ,4,05452
Karnataka,26,527,Belagavi,5438,2,Belagavi,ಬೆಳಗಾವಿ,6,05438
Karnataka,27,534,Dakshina Kannada,5563,1,Beltangadi,ಬೆಳ್ತಂಗಡಿ,3,05563
Karnataka,28,539,Hassan,5554,1,Belur,ಬೇಲೂರು,2,05554
Karnataka,29,525,Bengaluru Urban,5544,3,Bengaluru East,ಬೆಂಗಳೂರು ಪೂರ್ವ,0,05544
Karnataka,30,525,Bengaluru Urban,5542,7,Bengaluru North,ಬೆಂಗಳೂರು ಉತ್ತರ,1,05542
Karnataka,31,525,Bengaluru Urban,5543,4,Bengaluru South,ಬೆಂಗಳೂರು ದಕ್ಷಿಣ,2,05543
Karnataka,32,547,Shivamogga,5521,1,Bhadravati,ಭದ್ರಾವತಿ,7,05521
Karnataka,33,529,Bidar,5455,1,Bhalki,ಬಾಲ್ಕಿ,2,05455
Karnataka,34,550,Uttara Kannada,5488,1,Bhatkal,ಭಟ್ಕಳ,11,05488
Karnataka,35,529,Bidar,5457,1,Bidar,ಬೀದರ್,4,05457
Karnataka,36,524,Bagalkote,5444,1,Bilgi,ಬಿಳಗಿ,2,05444
Karnataka,37,549,Udupi,7068,7,Brahmavara,ಬ್ರಹ್ಮಾವರ,,00000
Karnataka,38,540,Haveri,5493,1,Byadgi,ಬ್ಯಾಡಗಿ,5,05493
Karnataka,39,530,Vijayapura,7070,4,Chadchan,ಚಡಚಣ,,00000
Karnataka,40,533,Chitradurga,5504,1,Challakere,ಚೆಳ್ಳಕೆರೆ,2,05504
Karnataka,41,531,Chamarajanagar,5577,1,Chamarajanagar,ಚಾಮರಾಜನಗರ,2,05577
Karnataka,42,535,Davanagere,5514,1,Channagiri,ಚನ್ನಗಿರಿ,6,05514
Karnataka,43,631,Bengaluru South,5607,1,Channapatna,,7,05607
Karnataka,44,539,Hassan,5560,1,Channarayapatna,ಚನ್ನರಾಯಪಟ್ಟಣ,8,05560
Karnataka,45,630,Chikkaballapura,7407,4,Chelur,ಚೇಳೂರು,,00000
Karnataka,46,630,Chikkaballapura,5596,1,Chikkaballapura,ಚಿಕ್ಕಬಳ್ಳಾಪುರ,0,05596
Karnataka,47,532,Chikkamagaluru,5530,2,Chikkamagaluru,ಚಿಕ್ಕಮಗಳೂರು,6,05530
Karnataka,48,548,Tumakuru,5532,1,Chiknayakanhalli,ಚಿಕ್ಕನಾಯಕನಹಳ್ಳಿ,1,05532
Karnataka,49,527,Belagavi,5433,4,Chikodi,ಚಿಕ್ಕೋಡಿ,1,05433
Karnataka,50,538,Kalaburagi,5583,3,Chincholi,ಚಿಂಚೋಳಿ,4,05583
Karnataka,51,630,Chikkaballapura,5600,4,Chintamani,ಚಿಂತಾಮಣಿ,6,05600
Karnataka,52,529,Bidar,7084,2,Chitaguppa,,,00000
Karnataka,53,533,Chitradurga,5505,1,Chitradurga,ಚಿತ್ರದುರ್ಗ,3,05505
Karnataka,54,538,Kalaburagi,5585,10,Chittapur,ಚಿತಾಪುರ,6,05585
Karnataka,55,550,Uttara Kannada,7064,5,Dandeli,,,00000
Karnataka,56,535,Davanagere,5512,1,Davanagere,ದಾವಣಗೆರೆ,4,05512
Karnataka,57,546,Raichur,5460,3,Devadurga,ದೇವದುರ್ಗ,2,05460
Karnataka,58,526,Bengaluru Rural,5603,1,Devanahalli,ದೇವನಹಳ್ಳಿ,3,05603
Karnataka,59,530,Vijayapura,7071,5,Devara Hipparagi,,,00000
Karnataka,60,536,Dharwad,5473,3,Dharwad,ಧಾರವಾಡ,1,05473
Karnataka,61,526,Bengaluru Rural,5602,3,Doddaballapura,ದೊಡ್ಡಬಳ್ಳಾಪುರ,2,05602
Karnataka,62,537,Gadag,5470,1,Gadag,ಗದಗ,3,05470
Karnataka,63,537,Gadag,7082,2,Gajendragad,,,00000
Karnataka,64,543,Koppal,5466,6,Gangawati,ಗಂಗಾವತಿ,3,05466
Karnataka,65,630,Chikkaballapura,5595,3,Gauribidanur,ಗೌರಿಬಿದನೂರ,1,05595
Karnataka,66,527,Belagavi,5436,6,Gokak,ಗೋಕಾಕ,4,05436
Karnataka,67,548,Tumakuru,5538,1,Gubbi,ಗುಬ್ಬಿ,7,05538
Karnataka,68,630,Chikkaballapura,5597,1,Gudibanda,ಗುಡಿಬಂಡಾ,3,05597
Karnataka,69,524,Bagalkote,7061,8,Guledgudda,ಗುಳೇದಗುಡ್ಡ,,00000
Karnataka,70,531,Chamarajanagar,5576,1,Gundlupet,ಗುಂಡ್ಲುಪೇಟೆ,1,05576
Karnataka,71,635,Yadgir,7094,6,Gurmitakal,ಗುರುಮಿಟಕಲ್,,00000
Karnataka,72,738,Vijayanagara,5496,2,Hadagalli,ಹಡಗಲ್ಲಿ,1,05496
Karnataka,73,738,Vijayanagara,5497,5,Hagaribommanahalli,ಹಗರಿ ಬೊಮ್ಮನಹಳ್ಳಿ,2,05497
Karnataka,74,550,Uttara Kannada,5480,6,Haliyal,ಹುಳಿಯಾಳ,3,05480
Karnataka,75,540,Haveri,5491,1,Hangal,ಹಾನಗಲ್‌,3,05491
Karnataka,76,531,Chamarajanagar,7077,3,Hanur,,,00000
Karnataka,77,738,Vijayanagara,5510,3,Harapanahalli,ಹರಪನಹಳ್ಳಿ,2,05510
Karnataka,78,535,Davanagere,5509,1,Harihar,ಹರಿಹರ,1,05509
Karnataka,79,631,Bengaluru South,7196,4,Harohalli,HAROHALLI,,00000
Karnataka,80,539,Hassan,5556,1,Hassan,ಹಾಸನ,4,05556
Karnataka,81,540,Haveri,5492,1,Haveri,ಹಾವೇರಿ,4,05492
Karnataka,82,549,Udupi,7065,4,Hebri,,,00000
Karnataka,83,545,Mysuru,5573,12,Heggadadevankote,ಹೆಗ್ಗಡದೇವನಕೋಟೆ,5,05573
Karnataka,84,540,Haveri,5494,7,Hirekerur,ಹಿರೇಕೆರೂರು,6,05494
Karnataka,85,533,Chitradurga,5508,1,Hiriyur,ಹಿರಿಯೂರು,6,05508
Karnataka,86,533,Chitradurga,5506,1,Holalkere,ಹೊಳಲಕೆರೆ,4,05506
Karnataka,87,539,Hassan,5559,1,Hole Narsipur,ಹೊಳೆನರಸೀಪುರ,7,05559
Karnataka,88,529,Bidar,5458,3,Homnabad,ಹುಮನಾಬಾದ,5,05458
Karnataka,89,550,Uttara Kannada,5487,1,Honavar,ಹೊನ್ನಾವರ,10,05487
Karnataka,90,535,Davanagere,5513,5,Honnali,ಹೊನ್ನಳ್ಳಿ,5,05513
Karnataka,91,526,Bengaluru Rural,5604,1,Hosakote,ಹೊಸಕೋಟೆ,4,05604
Karnataka,92,547,Shivamogga,5518,1,Hosanagara,ಹೊಸನಗರ,4,05518
Karnataka,93,738,Vijayanagara,5498,5,Hosapete,ಹೊಸಪೇಟೆ,3,05498
Karnataka,94,533,Chitradurga,5507,1,Hosdurga,ಹೊಸದುರ್ಗ,5,05507
Karnataka,95,536,Dharwad,5475,4,Hubballi,ಹುಬಳ್ಳಿ,3,05475
Karnataka,96,536,Dharwad,7079,2,Hubballi Urban,,,00000
Karnataka,97,527,Belagavi,5437,2,Hukkeri,ಹುಕ್ಕೇರಿ,5,05437
Karnataka,98,529,Bidar,7086,3,Hulsoor,,,00000
Karnataka,99,635,Yadgir,7096,5,Hunasagi,,,00000
Karnataka,100,524,Bagalkote,5448,9,Hungund,ಹುನಗುಂದ,6,05448
Karnataka,101,545,Mysuru,5570,1,Hunsur,ಹುಣಸೂರು,2,05570
Karnataka,102,524,Bagalkote,7062,8,Ilkal,,,00000
Karnataka,103,530,Vijayapura,5450,4,Indi,ಇಂಡಿ,2,05450
Karnataka,104,535,Davanagere,5511,1,Jagalur,ಜಗಳೂರು,3,05511
Karnataka,105,524,Bagalkote,5443,5,Jamkhandi,ಜಮಖಂಡಿ,1,05443
Karnataka,106,538,Kalaburagi,5586,3,Jevargi,ಜೆವರಗಿ,7,05586
Karnataka,107,534,Dakshina Kannada,7104,3,Kadaba,,,00000
Karnataka,108,532,Chikkamagaluru,5529,11,Kadur,ಕಡೂರು,5,05529
Karnataka,109,527,Belagavi,7100,3,Kagwad,,,00000
Karnataka,110,538,Kalaburagi,5582,4,Kalaburagi,ಕಲಬುರಗಿ,3,05582
Karnataka,111,538,Kalaburagi,7087,6,Kalagi,,,00000
Karnataka,112,532,Chikkamagaluru,7194,2,Kalasa,Kalasa,,00000
Karnataka,113,536,Dharwad,5476,1,Kalghatgi,ಕಲಘಟಗಿ,4,05476
Karnataka,114,538,Kalaburagi,7090,5,Kamalapur,,,00000
Karnataka,115,529,Bidar,7085,8,Kamalnagar,,,00000
Karnataka,116,528,Ballari,7107,4,Kampli,,,00000
Karnataka,117,543,Koppal,7091,3,Kanakagiri,,,00000
Karnataka,118,631,Bengaluru South,5608,5,Kanakapura,,8,05608
Karnataka,119,549,Udupi,7067,2,Kapu,,,00000
Karnataka,120,543,Koppal,7092,2,Karatagi,,,00000
Karnataka,121,549,Udupi,5524,4,Karkal,ಕಾರ್ಕಳ,3,05524
Karnataka,122,550,Uttara Kannada,5478,1,Karwar,ಕಾರವಾರ,1,05478
Karnataka,123,527,Belagavi,5439,1,Khanapur,ಖಾನಾಪುರ,7,05439
Karnataka,124,527,Belagavi,7043,5,Kittur,ಕಿತ್ತೂರು,,00000
Karnataka,125,542,Kolar,5591,3,Kolar,ಕೋಲಾರ,8,05591
Karnataka,126,542,Kolar,7002,16,Kolar Gold Field,ಕೋಲಾರ ಗೋಲ್ಡ್ ಫೀಲ್ಡ್,,00000
Karnataka,127,530,Vijayapura,7072,2,Kolhar,,,00000
Karnataka,128,531,Chamarajanagar,5579,4,Kollegal,ಕೊಳ್ಳೆಗಾಲ,4,05579
Karnataka,129,532,Chikkamagaluru,5526,1,Koppa,ಕೊಪ್ಪ,2,05526
Karnataka,130,543,Koppal,5467,1,Koppal,ಕೊಪ್ಪಳ,4,05467
Karnataka,131,548,Tumakuru,5536,1,Koratagere,ಕೊರಟಗೆರೆ,5,05536
Karnataka,132,738,Vijayanagara,7108,6,Kotturu,,,00000
Karnataka,133,545,Mysuru,5571,5,Krishnarajanagara,ಕೃಷ್ಣರಾಜನಗರ,3,05571
Karnataka,134,544,Mandya,5546,1,Krishnarajpet,ಕೃಷ್ಣರಾಜಪೇಟೆ,1,05546
Karnataka,135,738,Vijayanagara,5502,4,Kudligi,ಕೂಡ್ಲಿಗಿ,7,05502
Karnataka,136,543,Koppal,7093,3,Kukanoor,ಕುಕನೂರ,,00000
Karnataka,137,550,Uttara Kannada,5485,1,Kumta,ಕುಮಟಾ,8,05485
Karnataka,138,549,Udupi,5522,4,Kundapura,ಕುಂದಾಪುರ,1,05522
Karnataka,139,536,Dharwad,5477,1,Kundgol,ಕುಂದಗೋಳ,5,05477
Karnataka,140,548,Tumakuru,5541,1,Kunigal,ಕುಣಿಗಲ್‌,10,05541
Karnataka,141,528,Ballari,7109,2,Kurugodu,,,00000
Karnataka,142,541,Kodagu,7124,5,Kushalnagar,ಕುಶಾಲನಗರ,,00000
Karnataka,143,543,Koppal,5465,1,Kushtagi,ಕುಷ್ಟಗಿ,2,05465
Karnataka,144,537,Gadag,7083,4,Laxmeshwar,,,00000
Karnataka,145,546,Raichur,5459,6,Lingasugur,ಲಿಂಗಸೂಗುರ,1,05459
Karnataka,146,544,Mandya,5551,1,Maddur,ಮದ್ದೂರು,6,05551
Karnataka,147,548,Tumakuru,5535,1,Madhugiri,ಮಧುಗಿರಿ,4,05535
Karnataka,148,541,Kodagu,5566,1,Madikeri,ಮಡಿಕೇರಿ,1,05566
Karnataka,149,631,Bengaluru South,5605,3,Magadi,,5,05605
Karnataka,150,544,Mandya,5552,1,Malavalli,ಮಳವಳ್ಳಿ,7,05552
Karnataka,151,542,Kolar,5592,2,Malur,ಮಾಲೂರು,9,05592
Karnataka,152,630,Chikkaballapura,7404,2,Manchenahalli,ಮಂಚೇನಹಳ್ಳಿ,,00000
Karnataka,153,544,Mandya,5550,1,Mandya,ಮಂಡ್ಯ,5,05550
Karnataka,154,534,Dakshina Kannada,5561,7,Mangaluru,ಮಂಗಳೂರು,1,05561
Karnataka,155,546,Raichur,5462,5,Manvi,ಮಾನ್ವಿ,4,05462
Karnataka,156,546,Raichur,7101,9,Maski,,,00000
Karnataka,157,533,Chitradurga,5503,1,Molakalmuru,ಮೊಳಕಲ್ಮುರು,1,05503
Karnataka,158,534,Dakshina Kannada,7102,2,Moodubidire,,,00000
Karnataka,159,527,Belagavi,7099,5,Mudalgi,,,00000
Karnataka,160,530,Vijayapura,5453,4,Muddebihal,ಮುದ್ದೇಬಿಹಾಳ,5,05453
Karnataka,161,524,Bagalkote,5445,3,Mudhol,ಮುಧೋಳ,3,05445
Karnataka,162,532,Chikkamagaluru,5531,3,Mudigere,ಮೂಡಿಗೆರೆ,7,05531
Karnataka,163,542,Kolar,5594,2,Mulbagal,ಮುಳಬಾಗಿಲು,11,05594
Karnataka,164,534,Dakshina Kannada,7198,2,Mulki,MULKI,,00000
Karnataka,165,537,Gadag,5472,1,Mundargi,ಮುಂಡರಗಿ,5,05472
Karnataka,166,550,Uttara Kannada,5482,1,Mundgod,ಮುಂಡಗೋಡ,5,05482
Karnataka,167,545,Mysuru,5572,2,Mysuru,ಮೈಸೂರು,4,05572
Karnataka,168,544,Mandya,5547,1,Nagamangala,ನಾಗಮಂಗಲ,2,05547
Karnataka,169,545,Mysuru,5574,2,Nanjangud,ನಂಜನಗೂಡು,6,05574
Karnataka,170,532,Chikkamagaluru,5527,1,Narasimharajapura,ನರಸಿಂಹರಾಜಪುರ,3,05527
Karnataka,171,537,Gadag,5468,1,Nargund,ನರಗುಂದ,1,05468
Karnataka,172,536,Dharwad,5474,3,Navalgund,ನವಲಗುಂದ,2,05474
Karnataka,173,526,Bengaluru Rural,5601,3,Nelamangala,ನೆಲಮಂಗಲ,1,05601
Karnataka,174,530,Vijayapura,7075,4,Nidagundi,,,00000
Karnataka,175,527,Belagavi,7105,3,Nippani,,,00000
Karnataka,176,535,Davanagere,7076,4,Nyamathi,,,00000
Karnataka,177,544,Mandya,5548,1,Pandavapura,ಪಾಂಡವಪುರ,3,05548
Karnataka,178,548,Tumakuru,5534,1,Pavagada,ಪಾವಗಡ,3,05534
Karnataka,179,545,Mysuru,5569,1,Piriyapatna,ಪೆರಿಯಾಪಟ್ಟಣ,1,05569
Karnataka,180,541,Kodagu,7125,4,Ponnampet,PONNAMPET,,00000
Karnataka,181,534,Dakshina Kannada,5564,3,Puttur,ಪುತ್ತೂರು,4,05564
Karnataka,182,524,Bagalkote,7063,6,Rabakavi Banahatti,,,00000
Karnataka,183,546,Raichur,5461,1,Raichur,ರಾಯಚೂರು,3,05461
Karnataka,184,631,Bengaluru South,5606,1,Ramanagara,,0,05606
Karnataka,185,527,Belagavi,5442,1,Ramdurg,ರಾಮದುರ್ಗ,10,05442
Karnataka,186,540,Haveri,5495,1,Ranibennur,ರಾಣೆಬೆನ್ನೂರು,7,05495
Karnataka,187,540,Haveri,7106,6,Rattihalli,,,00000
Karnataka,188,527,Belagavi,5435,1,Raybag,ರಾಯಬಾಗ,3,05435
Karnataka,189,537,Gadag,5469,3,Ron,ರೋಣ,2,05469
Karnataka,190,547,Shivamogga,5515,1,Sagar,ಸಾಗರ,1,05515
Karnataka,191,539,Hassan,5553,1,Sakleshpur,ಸಕಲೇಶಪುರ,1,05553
Karnataka,192,545,Mysuru,7230,4,Saligrama,,,00000
Karnataka,193,528,Ballari,5501,1,Sandur,ಸಂಡೂರು,6,05501
Karnataka,194,545,Mysuru,7098,10,Saraguru,,,00000
Karnataka,195,527,Belagavi,5441,5,Savadatti,ಸವದತ್ತಿ,9,05441
Karnataka,196,540,Haveri,5490,1,Savanur,ಸವಣೂರು,2,05490
Karnataka,197,538,Kalaburagi,5584,1,Sedam,ಸೆಡಂ,5,05584
Karnataka,198,538,Kalaburagi,7088,3,Shahabad,,,00000
Karnataka,199,635,Yadgir,5588,4,Shahpur,ಶಾಹಪುರ,9,05588
Karnataka,200,540,Haveri,5489,1,Shiggaon,ಶಿಗ್ಗಾವಿ,1,05489
Karnataka,201,547,Shivamogga,5517,1,Shikarpur,ಶಿಕಾರಿಪುರ,3,05517
Karnataka,202,537,Gadag,5471,6,Shirahatti,ಶಿರಹಟ್ಟಿ,4,05471
Karnataka,203,547,Shivamogga,5520,2,Shivamogga,ಶಿವಮೊಗ್ಗ,6,05520
Karnataka,204,635,Yadgir,5587,6,Shorapur,ಸುರಪುರ,8,05587
Karnataka,205,544,Mandya,5549,1,Shrirangapattana,ಶ್ರೀರಂಗಪಟ್ಟಣ,4,05549
Karnataka,206,550,Uttara Kannada,5486,1,Siddapur,ಸಿದ್ದಾಪುರ,9,05486
Karnataka,207,630,Chikkaballapura,5599,1,Sidlaghatta,ಶಿಡ್ಲಘಟ್ಟ,5,05599
Karnataka,208,530,Vijayapura,5451,10,Sindgi,ಸಿಂದಗಿ,3,05451
Karnataka,209,546,Raichur,5463,4,Sindhnur,ಸಿಂದನೂರು,5,05463
Karnataka,210,548,Tumakuru,5533,1,Sira,ಸಿರಾ,2,05533
Karnataka,211,550,Uttara Kannada,5483,1,Sirsi,ಶಿರಸಿ,6,05483
Karnataka,212,528,Ballari,5499,1,Siruguppa,ಸಿರುಗುಪ್ಪ,4,05499
Karnataka,213,546,Raichur,7097,2,Sirwar,,,00000
Karnataka,214,541,Kodagu,5567,5,Somvarpet,ಸೊಮವಾರಪೇಟೆ,2,05567
Karnataka,215,547,Shivamogga,5516,1,Sorab,ಸೊರಬ,2,05516
Karnataka,216,532,Chikkamagaluru,5525,1,Sringeri,ಶೃಂಗೇರಿ,1,05525
Karnataka,217,542,Kolar,5590,1,Srinivaspur,ಶ್ರೀನಿವಾಸಪುರ,7,05590
Karnataka,218,534,Dakshina Kannada,5565,2,Sulya,ಸುಳ್ಯ,5,05565
Karnataka,219,550,Uttara Kannada,5479,1,Supa,ಜೊಯ್ಡಾ(ಸುಪಾ),2,05479
Karnataka,220,530,Vijayapura,7073,4,Talikoti,,,00000
Karnataka,221,532,Chikkamagaluru,5528,7,Tarikere,ತರಿಕೆರೆ,4,05528
Karnataka,222,524,Bagalkote,7398,1,Terdal,ತೇರದಾಳ,,00000
Karnataka,223,530,Vijayapura,7074,3,Tikota,,,00000
Karnataka,224,548,Tumakuru,5539,1,Tiptur,ತಿಪಟೂರ,8,05539
Karnataka,225,547,Shivamogga,5519,1,Tirthahalli,ತೀರ್ಥಹಳ್ಳಿ,5,05519
Karnataka,226,545,Mysuru,5575,1,Tirumakudal - Narsipur,ಟಿ. ನರಸೀಪುರ,7,05575
Karnataka,227,548,Tumakuru,5537,2,Tumakuru,ತುಮಕೂರು,6,05537
Karnataka,228,548,Tumakuru,5540,1,Turuvekere,ತುರವೇಕೆರೆ,9,05540
Karnataka,229,549,Udupi,5523,9,Udupi,ಉಡುಪಿ,2,05523
Karnataka,230,534,Dakshina Kannada,7197,2,Ullala,ULLALA,,00000
Karnataka,231,530,Vijayapura,5449,8,Vijayapura,ವಿಜಯಾಪುರ,1,05449
Karnataka,232,541,Kodagu,5568,5,Virajpet,ವಿರಾಜಪೇಟೆ,3,05568
Karnataka,233,635,Yadgir,7095,3,Wadagera,,,00000
Karnataka,234,635,Yadgir,5589,6,Yadgir,ಯಾದಗಿರಿ,10,05589
Karnataka,235,538,Kalaburagi,7089,2,Yadrami,,,00000
Karnataka,236,527,Belagavi,7195,2,Yaragatti,YARAGATTI,,00000
Karnataka,237,525,Bengaluru Urban,7103,6,Yelahanka,ಯಲಹಂಕ,,00000
Karnataka,238,531,Chamarajanagar,5578,1,Yelandur,ಯಳಂದೂರು,3,05578
Karnataka,239,543,Koppal,5464,3,Yelbarga,ಯಲ್ಬುರ್ಗ,1,05464
Karnataka,240,550,Uttara Kannada,5481,1,Yellapur,ಯಲ್ಲಾಪುರ,4,05481
Karnataka,,,,,,,,,
Karnataka,"Sep 5, 2026, 6:38 PM",,,,,,,,
Kerala,,,,,,(In English),(In Local),,
Kerala,1,564,Pathanamthitta,5683,2,Adoor,അടൂര്‍,5,05683
Kerala,2,563,Palakkad,5651,1,Alathur,ആലത്തൂര്‍,5,05651
Kerala,3,555,Ernakulam,5658,1,Aluva,ആലുവ,2,05658
Kerala,4,554,Alappuzha,5674,1,Ambalappuzha,അമ്പലപ്പുഴ,2,05674
Kerala,5,566,Thrissur,5939,1,Chalakkudy,ചാലക്കുടി,,00000
Kerala,6,560,Kottayam,5671,1,Changanassery,ചങ്ങനാശ്ശേരി,4,05671
Kerala,7,566,Thrissur,5653,1,Chavakkad,ചാവക്കാട്,2,05653
Kerala,8,554,Alappuzha,5677,1,Chengannur,ചെങ്ങന്നൂര്‍,5,05677
Kerala,9,554,Alappuzha,5673,1,Cherthala,ചേര്‍ത്തല,1,05673
Kerala,10,565,Thiruvananthapuram,5689,2,Chirayinkeezhu,ചിറയിന്‍കീഴ്,1,05689
Kerala,11,563,Palakkad,5650,1,Chittur,ചിറ്റൂര്‍,4,05650
Kerala,12,556,Idukki,5664,1,Devikulam,ദേവികുളം,1,05664
Kerala,13,562,Malappuram,5641,2,Ernad,ഏറനാട്,1,05641
Kerala,14,558,Kasaragod,5631,2,Hosdurg,ഹോസ്ദുര്‍ഗ്,2,05631
Kerala,15,556,Idukki,5942,1,Idukki,ഇടുക്കി,,00000
Kerala,16,557,Kannur,5937,1,Iritty,ഇരിട്ടി,,00000
Kerala,17,555,Ernakulam,5661,1,Kanayannur,കണയന്നൂര്‍,5,05661
Kerala,18,560,Kottayam,5672,1,Kanjirappally,കാഞ്ഞിരപ്പള്ളി,5,05672
Kerala,19,557,Kannur,5633,2,Kannur,കണ്ണൂര്‍,2,05633
Kerala,20,554,Alappuzha,5676,1,Karthikappally,കാര്‍ത്തികപ്പള്ളി,4,05676
Kerala,21,559,Kollam,5684,1,Karunagappally,കരുനാഗപ്പള്ളി,1,05684
Kerala,22,558,Kasaragod,5630,2,Kasaragod,കാസര്‍കോഡ്,1,05630
Kerala,23,565,Thiruvananthapuram,5945,1,Kattakkada,കാട്ടാക്കട,,00000
Kerala,24,555,Ernakulam,5660,1,Kochi,കൊച്ചി,4,05660
Kerala,25,566,Thrissur,5655,1,Kodungallur,കൊടുങ്ങല്ലൂര്‍,4,05655
Kerala,26,559,Kollam,5688,1,Kollam,കൊല്ലം,5,05688
Kerala,27,562,Malappuram,5941,1,Kondotty,കൊണ്ടോട്ടി,,00000
Kerala,28,564,Pathanamthitta,5943,1,Konni,കോന്നി,,00000
Kerala,29,555,Ernakulam,5663,1,Kothamangalam,കോതമംഗലം,7,05663
Kerala,30,559,Kollam,5687,1,Kottarakkara,കൊട്ടാരക്കര,4,05687
Kerala,31,560,Kottayam,5670,1,Kottayam,കോട്ടയം,3,05670
Kerala,32,561,Kozhikode,5639,2,Koyilandi,കൊയിലാണ്ടി,2,05639
Kerala,33,564,Pathanamthitta,5682,2,Kozhenchery,കോഴഞ്ചേരി,4,05682
Kerala,34,561,Kozhikode,5640,2,Kozhikode,കോഴിക്കോട്,3,05640
Kerala,35,566,Thrissur,6598,1,Kunnamkulam,കുന്നംകുളം,,00000
Kerala,36,555,Ernakulam,5657,1,Kunnathunad,കുന്നത്തുനാട്,1,05657
Kerala,37,559,Kollam,5685,1,Kunnathur,കുന്നത്തൂര്‍,2,05685
Kerala,38,554,Alappuzha,5675,1,Kuttanad,കുട്ടനാട്,3,05675
Kerala,39,564,Pathanamthitta,5680,1,Mallappally,മല്ലപ്പള്ളി,2,05680
Kerala,40,567,Wayanad,5635,1,Mananthavady,മാനന്തവാടി,1,05635
Kerala,41,558,Kasaragod,5932,1,Manjeswaram,മഞ്ചേശ്വരം,,00000
Kerala,42,563,Palakkad,5648,2,Mannarkad,മണ്ണാര്‍ക്കാട്,2,05648
Kerala,43,554,Alappuzha,5678,1,Mavelikkara,മാവേലിക്കര,6,05678
Kerala,44,560,Kottayam,5668,1,Meenachil,മീനച്ചില്‍,1,05668
Kerala,45,566,Thrissur,5656,2,Mukundapuram,മുകുന്ദപുരം,5,05656
Kerala,46,555,Ernakulam,5662,1,Muvattupuzha,മുവ്വാറ്റുപുഴ,6,05662
Kerala,47,565,Thiruvananthapuram,5690,3,Nedumangad,നെടുമങ്ങാട്,2,05690
Kerala,48,565,Thiruvananthapuram,5692,3,Neyyattinkara,നെയ്യാറ്റിന്‍കര,4,05692
Kerala,49,562,Malappuram,5642,1,Nilambur,നിലമ്പൂര്‍,2,05642
Kerala,50,563,Palakkad,5647,2,Ottappalam,ഒറ്റപ്പാലം,1,05647
Kerala,51,563,Palakkad,5649,1,Palakkad,പാലക്കാട്,3,05649
Kerala,52,555,Ernakulam,5659,1,Paravur,നോര്‍ത്ത് പറവൂര്‍,3,05659
Kerala,53,559,Kollam,5686,2,Pathanapuram,പത്തനാപുരം,3,05686
Kerala,54,563,Palakkad,5940,1,Pattambi,പട്ടാമ്പി,,00000
Kerala,55,557,Kannur,6599,4,Payyannur,പയ്യന്നൂർ,,00000
Kerala,56,556,Idukki,5667,1,Peerumade,പീരുമേട്,4,05667
Kerala,57,562,Malappuram,5643,1,Perinthalmanna,പെരിന്തല്‍മണ്ണ,3,05643
Kerala,58,562,Malappuram,5646,1,Ponnani,പൊന്നാനി,6,05646
Kerala,59,559,Kollam,5947,1,Punalur,പുനലൂര്‍,,00000
Kerala,60,564,Pathanamthitta,5681,2,Ranni,റാന്നി,3,05681
Kerala,61,567,Wayanad,5636,1,Sulthanbathery,സുല്‍ത്താന്‍ ബത്തേരി,2,05636
Kerala,62,566,Thrissur,5652,3,Talappilly,തലപ്പിള്ളി,1,05652
Kerala,63,557,Kannur,5632,5,Taliparamba,തളിപ്പറമ്പ,1,05632
Kerala,64,557,Kannur,5634,2,Thalassery,തലശ്ശേരി,3,05634
Kerala,65,561,Kozhikode,5938,1,Thamarassery,താമരശ്ശേരി,,00000
Kerala,66,564,Pathanamthitta,5679,1,Thiruvalla,തിരുവല്ല,1,05679
Kerala,67,565,Thiruvananthapuram,5691,1,Thiruvananthapuram,തിരുവനന്തപുരം,3,05691
Kerala,68,556,Idukki,5666,2,Thodupuzha,തൊടുപുഴ,3,05666
Kerala,69,566,Thrissur,5654,2,Thrissur,തൃശ്ശൂര്‍,3,05654
Kerala,70,562,Malappuram,5644,1,Tirur,തിരൂര്‍,4,05644
Kerala,71,562,Malappuram,5645,2,Tirurangadi,തിരൂരങ്ങാടി,5,05645
Kerala,72,563,Palakkad,7176,2,Tribal Taluk Office Attappadi,ട്രൈബൽ താലൂക്ക് ഓഫീസ് അട്ടപ്പാടി,,00000
Kerala,73,556,Idukki,5665,2,Udumbanchola,ഉടുമ്പന്‍ ചോല,2,05665
Kerala,74,560,Kottayam,5669,1,Vaikom,വൈക്കം,2,05669
Kerala,75,565,Thiruvananthapuram,5946,1,Varkala,വര്‍ക്കല,,00000
Kerala,76,561,Kozhikode,5638,1,Vatakara,വടകര,1,05638
Kerala,77,558,Kasaragod,5933,1,Vellarikkundu,വെള്ളാരിക്കുണ്ട്,,00000
Kerala,78,567,Wayanad,5637,1,Vythiri,വൈത്തിരി,3,05637
Kerala,,,,,,,,,
Kerala,"Sep 5, 2026, 6:39 PM",,,,,,,,
Ladakh,,,,,,(In English),(In Local),,
Ladakh,1,9,Leh Ladakh,7231,1,Diskit,Diskit,,00000
Ladakh,2,6,Kargil,6191,3,Drass,Drass,,00000
Ladakh,3,9,Leh Ladakh,7158,3,Durbuk,Durbuk,,00000
Ladakh,4,6,Kargil,13,8,Kargil,,1,00013
Ladakh,5,9,Leh Ladakh,12,6,Khaltsi,,1,00012
Ladakh,6,9,Leh Ladakh,7159,1,Kharu,Kharu,,00000
Ladakh,7,9,Leh Ladakh,10,5,Leh,,1,00010
Ladakh,8,9,Leh Ladakh,7162,3,Nyoma,Nyoma,,00000
Ladakh,9,6,Kargil,14,3,Sankoo,Sankoo,1,00014
Ladakh,10,9,Leh Ladakh,7160,3,Saspol,Saspol,,00000
Ladakh,11,6,Kargil,6192,6,Shakar Chiktan,Shakar Chiktan,,00000
Ladakh,12,6,Kargil,7305,2,Shergole,Shergole,,00000
Ladakh,13,9,Leh Ladakh,11,6,Sumoor,Sumoor,1,00011
Ladakh,14,6,Kargil,7306,1,Taisuru,Taisuru,,00000
Ladakh,15,6,Kargil,15,1,Zanskar,,2,00015
Ladakh,,,,,,,,,
Ladakh,"Sep 5, 2026, 6:41 PM",,,,,,,,
Lakshwadeep,,,,,,(In English),(In Local),,
Lakshwadeep,1,553,Lakshadweep District,5626,1,Agatti,,2,05626
Lakshwadeep,2,553,Lakshadweep District,5620,1,Amini,,1,05620
Lakshwadeep,3,553,Lakshadweep District,5627,1,Andrott,,3,05627
Lakshwadeep,4,553,Lakshadweep District,5621,1,Bitra,,1,05621
Lakshwadeep,5,553,Lakshadweep District,5622,1,Chetlat,,1,05622
Lakshwadeep,6,553,Lakshadweep District,5624,1,Kadmat,,1,05624
Lakshwadeep,7,553,Lakshadweep District,5628,1,Kalpeni,,3,05628
Lakshwadeep,8,553,Lakshadweep District,5625,1,Kavaratti,,2,05625
Lakshwadeep,9,553,Lakshadweep District,5623,1,Kiltan,,1,05623
Lakshwadeep,10,553,Lakshadweep District,5629,1,Minicoy,,4,05629
Lakshwadeep,,,,,,,,,
Lakshwadeep,"Sep 5, 2026, 6:42 PM",,,,,,,,
Madhya Pradesh,,,,,,(In English),(In Local),,
Madhya Pradesh,1,411,Jabalpur,7024,4,Adhartal,आधारताल,,00000
Madhya Pradesh,2,667,Agar-Malwa,3518,2,Agar,आगर,4,03518
Madhya Pradesh,3,420,Panna,3435,3,Ajaygarh,अजयगढ़,1,03435
Madhya Pradesh,4,639,Alirajpur,3713,6,Alirajpur,अलीराजपुर,7,03713
Madhya Pradesh,5,423,Ratlam,3502,2,Alot,आलोट,3,03502
Madhya Pradesh,6,420,Panna,3439,3,Amanganj,अमानगंज,0,03439
Madhya Pradesh,7,784,Maihar,3468,7,Amarpatan,अमरपाटन,5,03468
Madhya Pradesh,8,399,Chhindwara,3648,2,Amarwara,अमरवाड़ा,2,03648
Madhya Pradesh,9,417,Morena,3385,4,Ambah,अंबाह,1,03385
Madhya Pradesh,10,394,Betul,3605,1,Amla,आमला,5,03605
Madhya Pradesh,11,393,Barwani,3557,1,Anjad,अंजड़,0,03557
Madhya Pradesh,12,390,Anuppur,3694,3,Anuppur,अनूपपुर,6,03694
Madhya Pradesh,13,406,Guna,3682,1,Aron,आरोन,8,03682
Madhya Pradesh,14,391,Ashoknagar,3686,2,Ashoknagar,अशोकनगर,4,03686
Madhya Pradesh,15,427,Sehore,3584,1,Ashta,आष्‍टा,2,03584
Madhya Pradesh,16,395,Bhind,3391,2,Ater,अटेर,1,03391
Madhya Pradesh,17,394,Betul,3599,1,Athner,आठनेर,0,03599
Madhya Pradesh,18,430,Shajapur,6510,2,Avantipur Barodia,अवंतीपुर बड़ौदिया,,00000
Madhya Pradesh,19,434,Tikamgarh,6998,2,Badagaon (Dhasan),बड़ागाँव (धसान),,00000
Madhya Pradesh,20,398,Chhatarpur,3431,1,Bada Malhera,बडामलहरा,0,03431
Madhya Pradesh,21,432,Shivpuri,3412,3,Badarwas,बदरवास,0,03412
Madhya Pradesh,22,421,Raisen,3595,7,Badi,बाडी,0,03595
Madhya Pradesh,23,435,Ujjain,3514,2,Badnagar,बड़नगर,7,03514
Madhya Pradesh,24,403,Dhar,3532,1,Badnawar,बदनावर,1,03532
Madhya Pradesh,25,667,Agar-Malwa,3517,2,Badod,बड़ौद,3,03517
Madhya Pradesh,26,431,Sheopur,3383,3,Badoda,बडोदा,0,03383
Madhya Pradesh,27,413,Katni,3623,3,Badwara,बडवारा,0,03623
Madhya Pradesh,28,402,Dewas,3529,9,Bagli,बागली,5,03529
Madhya Pradesh,29,391,Ashoknagar,6978,6,Bahadurpur,बहादुरपुर,,00000
Madhya Pradesh,30,433,Sidhi,6072,3,Bahari,बहरी,,00000
Madhya Pradesh,31,413,Katni,3625,4,Bahoriband,बहोरीबंद,3,03625
Madhya Pradesh,32,392,Balaghat,3674,17,Baihar,बैहर,5,03674
Madhya Pradesh,33,432,Shivpuri,6534,2,Bairad,बैराड़,,00000
Madhya Pradesh,34,404,Dindori,6071,9,Bajag,बजाग,,00000
Madhya Pradesh,35,423,Ratlam,3505,2,Bajna,बाजना,5,03505
Madhya Pradesh,36,392,Balaghat,3672,6,Balaghat,बालाघाट,3,03672
Madhya Pradesh,37,434,Tikamgarh,3421,2,Baldeogarh,बलदेवगढ़,5,03421
Madhya Pradesh,38,421,Raisen,7564,1,Bamhori,बम्‍होरी,,00000
Madhya Pradesh,39,417,Morena,7112,8,Bamor,बामौर,,00000
Madhya Pradesh,40,406,Guna,3678,1,Bamori,बमोरी,0,03678
Madhya Pradesh,41,425,Sagar,3446,1,Banda,बन्‍डा,3,03446
Madhya Pradesh,42,425,Sagar,7420,1,Bandari,बांदरी,,00000
Madhya Pradesh,43,436,Umaria,3482,9,Bandhavgarh,बांधवगढ़,1,03482
Madhya Pradesh,44,409,Narmadapuram,3619,2,Bankhedi,बनखेड़ी,7,03619
Madhya Pradesh,45,421,Raisen,3594,1,Baraily,बरेली,5,03594
Madhya Pradesh,46,638,Singrauli,7423,3,Bargawan,बरगवां,,00000
Madhya Pradesh,47,428,Seoni,3665,1,Barghat,बरघाट,5,03665
Madhya Pradesh,48,413,Katni,3622,3,Barhi,बरही,0,03622
Madhya Pradesh,49,401,Datia,7001,10,Baroni,बड़ौनी,,00000
Madhya Pradesh,50,414,Khargone (West Nimar),3545,8,Barwaha,बडवाह,1,03545
Madhya Pradesh,51,393,Barwani,3554,1,Barwani,बड़वानी,1,03554
Madhya Pradesh,52,437,Vidisha,3573,2,Basoda,बासौदा,4,03573
Madhya Pradesh,53,400,Damoh,3456,1,Batiyagarh,बटियागढ़,3,03456
Madhya Pradesh,54,431,Sheopur,3381,4,Beerpur,बीरपुर,0,03381
Madhya Pradesh,55,421,Raisen,3592,2,Begamganj,बेगमगंज,3,03592
Madhya Pradesh,56,429,Shahdol,3689,2,Beohari,ब्यौहरी,1,03689
Madhya Pradesh,57,396,Bhopal,3580,2,Berasia,बैरसिया,1,03580
Madhya Pradesh,58,394,Betul,3600,5,Betul,बैतूल,0,03600
Madhya Pradesh,59,394,Betul,6989,4,Betul Nagar,बैतूल नगर,,00000
Madhya Pradesh,60,414,Khargone (West Nimar),3552,1,Bhagwanpura,भगवानपुरा,7,03552
Madhya Pradesh,61,394,Betul,3598,17,Bhainsdehi,भैंसदेही,1,03598
Madhya Pradesh,62,427,Sehore,3587,2,Bhairunda,भैरुन्दा,4,03587
Madhya Pradesh,63,401,Datia,3406,1,Bhander,भांडेर,3,03406
Madhya Pradesh,64,416,Mandsaur,3492,2,Bhanpura,भानपुरा,1,03492
Madhya Pradesh,65,414,Khargone (West Nimar),3549,1,Bhikangaon,भीकनगांव,5,03549
Madhya Pradesh,66,394,Betul,7027,16,Bhimpur,भीमपुर,,00000
Madhya Pradesh,67,395,Bhind,3392,3,Bhind,भिंड,2,03392
Madhya Pradesh,68,395,Bhind,6994,1,Bhind Nagar,भिण्‍ड शहरी,,00000
Madhya Pradesh,69,407,Gwalior,3401,6,Bhitarwar,भितरवार,3,03401
Madhya Pradesh,70,422,Rajgarh,3566,7,Biaora,ब्यावरा,4,03566
Madhya Pradesh,71,415,Mandla,3645,2,Bichhiya,बिछिया,3,03645
Madhya Pradesh,72,399,Chhindwara,3657,2,Bichhua,बिछुआ,8,03657
Madhya Pradesh,73,410,Indore,7013,4,Bicholi Hapsi,भिचौलीहप्सी,,00000
Madhya Pradesh,74,398,Chhatarpur,3433,7,Bijawar,बिजावर,7,03433
Madhya Pradesh,75,436,Umaria,6974,1,Bilaspur,बिलासपुर,,00000
Madhya Pradesh,76,425,Sagar,3443,1,Bina,बीना,1,03443
Madhya Pradesh,77,392,Balaghat,7033,19,Birsa,बिरसा,,00000
Madhya Pradesh,78,426,Satna,3463,4,Birsinghpur,बिरसिंहपुर,0,03463
Madhya Pradesh,79,427,Sehore,3588,1,Budni,बुदनी,5,03588
Madhya Pradesh,80,397,Burhanpur,3719,7,Burhanpur,बुरहानपुर,4,03719
Madhya Pradesh,81,397,Burhanpur,6972,3,Burhanpur Nagar,बुरहानपुर नगर,,00000
Madhya Pradesh,82,429,Shahdol,6988,5,Burhar,बुढार,,00000
Madhya Pradesh,83,398,Chhatarpur,3434,1,Buxwaha,बक्‍स्‍वाहा,0,03434
Madhya Pradesh,84,406,Guna,3683,1,Chachaura,चाचोड़ा,9,03683
Madhya Pradesh,85,399,Chhindwara,6996,6,Chand,चांद,,00000
Madhya Pradesh,86,391,Ashoknagar,3685,4,Chanderi,चंदेरी,2,03685
Madhya Pradesh,87,436,Umaria,3483,2,Chandia,चंदिया,0,03483
Madhya Pradesh,88,398,Chhatarpur,3426,3,Chandla,चंदला,0,03426
Madhya Pradesh,89,639,Alirajpur,3711,2,Chandra Shekhar Azad Nagar,चंद्र शेखर आजाद,5,03711
Madhya Pradesh,90,399,Chhindwara,3650,8,Chaurai,चौरई,3,03650
Madhya Pradesh,91,405,Khandwa (East Nimar),7424,2,Chhaigaon Makhan,छैगांव माखन,,00000
Madhya Pradesh,92,428,Seoni,3660,1,Chhapara,छपारा,0,03660
Madhya Pradesh,93,398,Chhatarpur,3429,6,Chhatarpur,छतरपुर,4,03429
Madhya Pradesh,94,398,Chhatarpur,7006,5,Chhatarpur Nagar,छतरपुर नगर,,00000
Madhya Pradesh,95,399,Chhindwara,3654,3,Chhindwara,छिंदवाड़ा,6,03654
Madhya Pradesh,96,399,Chhindwara,7020,1,Chhindwara Nagar,छिंदवाडा नगर,,00000
Madhya Pradesh,97,394,Betul,3601,2,Chicholi,चिचोली,0,03601
Madhya Pradesh,98,407,Gwalior,3402,6,Chinour,चीनोर,0,03402
Madhya Pradesh,99,638,Singrauli,3703,5,Chitrangi,चित्रांगी,5,03703
Madhya Pradesh,100,433,Sidhi,3698,3,Churhat,चुरहट,2,03698
Madhya Pradesh,101,407,Gwalior,7039,6,City Center,सिटीसेंटर,,00000
Madhya Pradesh,102,407,Gwalior,3400,19,Dabra,डबरा,2,03400
Madhya Pradesh,103,403,Dhar,3537,1,Dahi,दही,0,03537
Madhya Pradesh,104,416,Mandsaur,3497,3,Daloda,दलौदा,0,03497
Madhya Pradesh,105,400,Damoh,3458,3,Damoh,दमोह,5,03458
Madhya Pradesh,106,400,Damoh,6999,3,Damyanti Nagar,दमयन्ती नगर,,00000
Madhya Pradesh,107,401,Datia,3405,15,Datia,दतिया,2,03405
Madhya Pradesh,108,401,Datia,6991,4,Datia Nagar,दतिया नगर,,00000
Madhya Pradesh,109,421,Raisen,7010,6,Deori,देवरी,,00000
Madhya Pradesh,110,425,Sagar,3453,1,Deori,देवरी,9,03453
Madhya Pradesh,111,638,Singrauli,3704,6,Deosar,देवसर,6,03704
Madhya Pradesh,112,410,Indore,3540,4,Depalpur,देपालपूर,1,03540
Madhya Pradesh,113,420,Panna,3437,2,Devendranagar,देवेंद्रनगर,0,03437
Madhya Pradesh,114,402,Dewas,3526,5,Dewas,देवास,3,03526
Madhya Pradesh,115,402,Dewas,7031,1,Dewas Nagar,देवास नगर,,00000
Madhya Pradesh,116,428,Seoni,3662,1,Dhanora,धनोरा,0,03662
Madhya Pradesh,117,403,Dhar,3534,9,Dhar,धार,3,03534
Madhya Pradesh,118,403,Dhar,3539,1,Dharampuri,धरमपुरी,7,03539
Madhya Pradesh,119,413,Katni,3626,4,Dhimarkheda,ढीमरखेड़ा,0,03626
Madhya Pradesh,120,397,Burhanpur,7402,2,Dhulcot,धूलकोट,,00000
Madhya Pradesh,121,434,Tikamgarh,7394,2,Dighora,दिगौडा,,00000
Madhya Pradesh,122,404,Dindori,3640,10,Dindori,डिंडोरी,0,03640
Madhya Pradesh,123,409,Narmadapuram,3615,4,Dolariya,डोलरिया,0,03615
Madhya Pradesh,124,427,Sehore,7422,2,Doraha,दोराहा,,00000
Madhya Pradesh,125,410,Indore,3544,4,Dr. Ambedkar Nagar Mhow,डॉ. अंबेडकर नगर महू,0,03544
Madhya Pradesh,126,638,Singrauli,7419,3,Dudhamania,दुधमनिया,,00000
Madhya Pradesh,127,418,Narsimhapur,3635,4,Gadarwara,गाडरवारा,2,03635
Madhya Pradesh,128,421,Raisen,3591,1,Gairatganj,गैरतगंज,2,03591
Madhya Pradesh,129,403,Dhar,3535,1,Gandhwani,गंधवानी,4,03535
Madhya Pradesh,130,425,Sagar,3450,1,Garhakota,गढाकोटा,6,03450
Madhya Pradesh,131,416,Mandsaur,3494,2,Garoth,गरोठ,3,03494
Madhya Pradesh,132,398,Chhatarpur,3424,1,Gaurihar,गौरीहार,1,03424
Madhya Pradesh,133,428,Seoni,3661,1,Ghansaur,घंसौर,2,03661
Madhya Pradesh,134,407,Gwalior,7026,12,Ghatigaon,घाटीगांव,,00000
Madhya Pradesh,135,435,Ujjain,3511,3,Ghatiya,घटिया,4,03511
Madhya Pradesh,136,394,Betul,3602,1,Ghoda Dongri,घोड़ाडोंगरी,0,03602
Madhya Pradesh,137,415,Mandla,3644,2,Ghughari,घुघरी,0,03644
Madhya Pradesh,138,398,Chhatarpur,3432,1,Ghuwara,घुवारा,0,03432
Madhya Pradesh,139,407,Gwalior,3399,16,Gird,गिर्द,1,03399
Madhya Pradesh,140,414,Khargone (West Nimar),3551,5,Gogaon,गोगांव,0,03551
Madhya Pradesh,141,395,Bhind,3395,5,Gohad,गोहाद,4,03395
Madhya Pradesh,142,421,Raisen,3593,3,Goharganj,गोहरगंज,4,03593
Madhya Pradesh,143,429,Shahdol,6979,6,Gohparu,गोह्पारू,,00000
Madhya Pradesh,144,433,Sidhi,3699,2,Gopadbanas,गोपदबनास,3,03699
Madhya Pradesh,145,411,Jabalpur,7011,4,Gorakhpur,गोरखपुर,,00000
Madhya Pradesh,146,395,Bhind,3394,4,Gormi,गोर्मी,0,03394
Madhya Pradesh,147,418,Narsimhapur,3634,2,Gotegaon,गोटेगांव,1,03634
Madhya Pradesh,148,437,Vidisha,3578,2,Gulabganj,गुलाबगंज,0,03578
Madhya Pradesh,149,430,Shajapur,3520,5,Gulana,गुलाना,0,03520
Madhya Pradesh,150,406,Guna,3677,5,Guna,गुना,3,03677
Madhya Pradesh,151,406,Guna,6609,4,Guna Nagar,गुना नगर,,00000
Madhya Pradesh,152,420,Panna,3438,2,Gunnor,गुन्नौर,3,03438
Madhya Pradesh,153,424,Rewa,3481,7,Gurh,गुढ़,7,03481
Madhya Pradesh,154,407,Gwalior,7395,5,Gwalior Gramin,ग्वालियर ग्रामीण,,00000
Madhya Pradesh,155,437,Vidisha,3577,2,Gyaraspur,ग्यारसपुर,6,03577
Madhya Pradesh,156,408,Harda,3609,2,Handiya,हांडिया,0,03609
Madhya Pradesh,157,766,MAUGANJ,3476,3,Hanumana,हनुमना,3,03476
Madhya Pradesh,158,408,Harda,3608,2,Harda,हरदा,2,03608
Madhya Pradesh,159,399,Chhindwara,3649,2,Harrai,हर्रई,0,03649
Madhya Pradesh,160,405,Khandwa (East Nimar),3714,4,Harsud,हरसूद,1,03714
Madhya Pradesh,161,410,Indore,3541,7,Hatod,हतोद,0,03541
Madhya Pradesh,162,402,Dewas,3530,6,Hatpiplya,हाटपिपलिया,0,03530
Madhya Pradesh,163,400,Damoh,3454,1,Hatta,हटा,1,03454
Madhya Pradesh,164,409,Narmadapuram,3614,5,Hoshangabad,होशंगाबाद,3,03614
Madhya Pradesh,165,409,Narmadapuram,7045,3,Hoshangabad Nagar,होशंगाबाद नगर,,00000
Madhya Pradesh,166,396,Bhopal,3581,5,Huzur,हुजूर,5,03581
Madhya Pradesh,167,424,Rewa,3479,6,Huzur,हुजूर,5,03479
Madhya Pradesh,168,424,Rewa,7041,3,Huzur Nagar,हुजुर नगर,,00000
Madhya Pradesh,169,427,Sehore,3586,1,Ichhawar,इछावर,3,03586
Madhya Pradesh,170,401,Datia,3404,1,Indergarh,इन्दरगढ़,0,03404
Madhya Pradesh,171,391,Ashoknagar,3684,6,Isagarh,ईसागढ़,1,03684
Madhya Pradesh,172,409,Narmadapuram,3613,5,Itarsi,इटारसी,2,03613
Madhya Pradesh,173,411,Jabalpur,3631,21,Jabalpur,जबलपुर,3,03631
Madhya Pradesh,174,400,Damoh,3459,1,Jabera,जबेरा,6,03459
Madhya Pradesh,175,425,Sagar,6984,4,Jaisinagar,जैसीनगर,,00000
Madhya Pradesh,176,429,Shahdol,3690,2,Jaisinghnagar,जयसिंहनगर,2,03690
Madhya Pradesh,177,390,Anuppur,3695,1,Jaithari,जैतहरी,7,03695
Madhya Pradesh,178,429,Shahdol,3692,6,Jaitpur,जैतपुर,4,03692
Madhya Pradesh,179,399,Chhindwara,3651,3,Jamai (Junnardeo),जामई (जुन्नारदेव),4,03651
Madhya Pradesh,180,423,Ratlam,3501,2,Jaora,जावरा,2,03501
Madhya Pradesh,181,434,Tikamgarh,3418,6,Jatara,जतारा,3,03418
Madhya Pradesh,182,424,Rewa,3472,3,Jawa,जवा,0,03472
Madhya Pradesh,183,419,Neemuch,3487,2,Jawad,जावद,1,03487
Madhya Pradesh,184,427,Sehore,3585,1,Jawar,जावर,0,03585
Madhya Pradesh,185,422,Rajgarh,3563,3,Jeerapur,जीरापुर,1,03563
Madhya Pradesh,186,412,Jhabua,3709,5,Jhabua,झाबुआ,4,03709
Madhya Pradesh,187,435,Ujjain,6983,2,Jharda,झार्डा,,00000
Madhya Pradesh,188,414,Khargone (West Nimar),3553,1,Jhiranya,झिरनिया,8,03553
Madhya Pradesh,189,419,Neemuch,3490,2,Jiran,जीरन,0,03490
Madhya Pradesh,190,639,Alirajpur,3712,1,Jobat,जोबट,6,03712
Madhya Pradesh,191,417,Morena,3388,4,Joura,जौरा,4,03388
Madhya Pradesh,192,410,Indore,3543,14,Juni Indore,जूनी इन्दौर,3,03543
Madhya Pradesh,193,417,Morena,3389,2,Kailaras,कैलारस,5,03389
Madhya Pradesh,194,430,Shajapur,3523,2,Kalapipal,कालापीपल,8,03523
Madhya Pradesh,195,410,Indore,7012,4,Kanadia,कनाडिया,,00000
Madhya Pradesh,196,402,Dewas,3527,4,Kannod,कन्नौद,4,03527
Madhya Pradesh,197,431,Sheopur,3384,2,Karahal,कराहल,3,03384
Madhya Pradesh,198,418,Narsimhapur,3637,2,Kareli,करेली,4,03637
Madhya Pradesh,199,432,Shivpuri,3410,5,Karera,करेरा,4,03410
Madhya Pradesh,200,436,Umaria,6533,3,Karkeli,करकेली,,00000
Madhya Pradesh,201,414,Khargone (West Nimar),3547,1,Kasrawad,कसरावद,3,03547
Madhya Pradesh,202,392,Balaghat,3667,4,Katangi,कटंगी,1,03667
Madhya Pradesh,203,411,Jabalpur,7567,4,Katngi,कटंगी,,00000
Madhya Pradesh,204,413,Katni,7028,2,Katni Nagar,कटनी नगर,,00000
Madhya Pradesh,205,639,Alirajpur,6980,4,Katthiwara,कट्ठीवाडा,,00000
Madhya Pradesh,206,428,Seoni,3663,1,Keolari,केवलारी,3,03663
Madhya Pradesh,207,425,Sagar,3452,1,Kesli,केसली,8,03452
Madhya Pradesh,208,435,Ujjain,3508,2,Khacharod,खाचरोद,1,03508
Madhya Pradesh,209,392,Balaghat,3670,2,Khairlanji,खैरलांजी,0,03670
Madhya Pradesh,210,397,Burhanpur,3720,2,Khaknar,खकनार,0,03720
Madhya Pradesh,211,405,Khandwa (East Nimar),3715,3,Khalwa,खालवा,0,03715
Madhya Pradesh,212,405,Khandwa (East Nimar),3716,4,Khandwa,खण्डवा,2,03716
Madhya Pradesh,213,405,Khandwa (East Nimar),7019,3,Khandwa Nagar,खण्डवा नगर,,00000
Madhya Pradesh,214,432,Shivpuri,3414,3,Khaniyadhana,खनियाधाना,7,03414
Madhya Pradesh,215,434,Tikamgarh,3422,2,Khargapur,खरगापुर,0,03422
Madhya Pradesh,216,414,Khargone (West Nimar),3550,5,Khargone,खरगौन,6,03550
Madhya Pradesh,217,414,Khargone (West Nimar),7029,7,Khargone Nagar,खरगोन नगर,,00000
Madhya Pradesh,218,402,Dewas,3531,1,Khategaon,खातेगांव,6,03531
Madhya Pradesh,219,422,Rajgarh,3564,2,Khilchipur,खिलचीपुर,2,03564
Madhya Pradesh,220,408,Harda,3606,2,Khirkiya,खिरकिया,1,03606
Madhya Pradesh,221,410,Indore,7015,2,Khudel,खुडैल,,00000
Madhya Pradesh,222,422,Rajgarh,6993,3,Khujner,खूजनेर,,00000
Madhya Pradesh,223,425,Sagar,3444,1,Khurai,खुरई,2,03444
Madhya Pradesh,224,405,Khandwa (East Nimar),7396,4,Killod,किल्लौद,,00000
Madhya Pradesh,225,392,Balaghat,3673,1,Kirnapur,किरनापुर,4,03673
Madhya Pradesh,226,396,Bhopal,7034,3,Kolar,कोलार,,00000
Madhya Pradesh,227,432,Shivpuri,3411,2,Kolaras,कोलारस,5,03411
Madhya Pradesh,228,426,Satna,3467,6,Kotar,कोटर,0,03467
Madhya Pradesh,229,426,Satna,3461,13,Kothi,कोठी,1,03461
Madhya Pradesh,230,435,Ujjain,7007,2,Kothi Mahal,कोठी महल,,00000
Madhya Pradesh,231,390,Anuppur,3693,3,Kotma,कोतमा,5,03693
Madhya Pradesh,232,403,Dhar,3536,1,Kukshi,कुक्षी,5,03536
Madhya Pradesh,233,406,Guna,3681,1,Kumbhraj,कुंभराज,7,03681
Madhya Pradesh,234,411,Jabalpur,3633,2,Kundam,कुंडम,4,03633
Madhya Pradesh,235,428,Seoni,3666,1,Kurai,कुरई,6,03666
Madhya Pradesh,236,437,Vidisha,3572,4,Kurwai,कुरवाई,3,03572
Madhya Pradesh,237,433,Sidhi,3702,2,Kusmi,कुसमी,8,03702
Madhya Pradesh,238,395,Bhind,3398,2,Lahar,लहर,7,03398
Madhya Pradesh,239,428,Seoni,3659,1,Lakhnadon,लखनादौन,1,03659
Madhya Pradesh,240,392,Balaghat,3671,1,Lalbarra,लालबर्रा,0,03671
Madhya Pradesh,241,392,Balaghat,7399,1,Lamta,लामता,,00000
Madhya Pradesh,242,392,Balaghat,3676,1,Lanji,लांजी,6,03676
Madhya Pradesh,243,437,Vidisha,3570,2,Lateri,लटेरी,1,03570
Madhya Pradesh,244,398,Chhatarpur,3425,4,Lavkush Nagar,लवकुश नगर,2,03425
Madhya Pradesh,245,434,Tikamgarh,6536,4,Lidhora,लिधौरा,,00000
Madhya Pradesh,246,638,Singrauli,6987,4,Mada,माडा,,00000
Madhya Pradesh,247,433,Sidhi,7410,1,Madwas,मड़वास,,00000
Madhya Pradesh,248,398,Chhatarpur,3428,1,Maharajpur,महाराजपुर,0,03428
Madhya Pradesh,249,414,Khargone (West Nimar),3546,1,Maheshwar,महेश्वर,2,03546
Madhya Pradesh,250,435,Ujjain,3510,4,Mahidpur,महिदपुर,3,03510
Madhya Pradesh,251,784,Maihar,3470,3,Maihar,मैहर,7,03470
Madhya Pradesh,252,433,Sidhi,3701,3,Majhauli,मझौली,7,03701
Madhya Pradesh,253,426,Satna,3462,3,Majhgawan,मझगवां,0,03462
Madhya Pradesh,254,411,Jabalpur,3628,11,Majholi,मझोली,0,03628
Madhya Pradesh,255,435,Ujjain,6995,2,Makdon,माकड़ोन,,00000
Madhya Pradesh,256,409,Narmadapuram,3616,14,Makhan Nagar,माखन नगर,4,03616
Madhya Pradesh,257,406,Guna,3680,2,Maksoodangarh,मकसूदनगढ़,0,03680
Madhya Pradesh,258,410,Indore,7014,6,Malharganj,मल्हारगंज,,00000
Madhya Pradesh,259,416,Mandsaur,3493,2,Malhargarh,मल्हारगढ़,2,03493
Madhya Pradesh,260,425,Sagar,3445,2,Malthon,मालथौन,0,03445
Madhya Pradesh,261,419,Neemuch,3491,7,Manasa,मनासा,3,03491
Madhya Pradesh,262,403,Dhar,3538,1,Manawar,मनावर,6,03538
Madhya Pradesh,263,415,Mandla,3643,2,Mandla,मंडला,2,03643
Madhya Pradesh,264,416,Mandsaur,3496,5,Mandsaur,मँदसौर,4,03496
Madhya Pradesh,265,416,Mandsaur,7005,1,Mandsaur Nagar,मँदसौर नगर,,00000
Madhya Pradesh,266,424,Rewa,3474,7,Mangawan,मनगवां,0,03474
Madhya Pradesh,267,436,Umaria,3484,5,Manpur,मानपुर,0,03484
Madhya Pradesh,268,395,Bhind,7000,3,Mau,मौ,,00000
Madhya Pradesh,269,766,MAUGANJ,3477,5,Mauganj,मऊगंज,4,03477
Madhya Pradesh,270,412,Jhabua,3708,2,Meghnagar,मेघनगर,3,03708
Madhya Pradesh,271,395,Bhind,3393,4,Mehgaon,मेहगाँव,3,03393
Madhya Pradesh,272,395,Bhind,3397,2,Mihona,मिहोना,6,03397
Madhya Pradesh,273,434,Tikamgarh,3419,3,Mohangarh,मोहनगढ़,0,03419
Madhya Pradesh,274,399,Chhindwara,3655,2,Mohkhed,मोहखेड़,0,03655
Madhya Pradesh,275,430,Shajapur,3521,3,Moman Badodiya,मोमन बडोदिया,6,03521
Madhya Pradesh,276,407,Gwalior,7038,6,Morar,मुरार,,00000
Madhya Pradesh,277,417,Morena,3387,12,Morena,मुरैना,3,03387
Madhya Pradesh,278,417,Morena,7047,3,Morena Nagar,मुरैना नगर,,00000
Madhya Pradesh,279,394,Betul,3604,13,Multai,मुलताई,4,03604
Madhya Pradesh,280,405,Khandwa (East Nimar),7411,7,Mundi,मूंदी,,00000
Madhya Pradesh,281,391,Ashoknagar,3688,8,Mungaoli,मुंगावली,6,03688
Madhya Pradesh,282,413,Katni,3620,5,Murwara Or Katni,मुरवारा और कटनी,1,03620
Madhya Pradesh,283,435,Ujjain,3509,3,Nagda,नागदा,2,03509
Madhya Pradesh,284,426,Satna,3464,2,Nagod,नागौद,2,03464
Madhya Pradesh,285,766,MAUGANJ,3478,5,Naigarhi,नईगढ़ी,0,03478
Madhya Pradesh,286,415,Mandla,3646,2,Nainpur,नैनपुर,4,03646
Madhya Pradesh,287,391,Ashoknagar,6973,3,Nai Sarai,नई सराय,,00000
Madhya Pradesh,288,667,Agar-Malwa,3516,2,Nalkheda,नलखेडा,2,03516
Madhya Pradesh,289,415,Mandla,3642,2,Narayanganj,नारायणगंज,0,03642
Madhya Pradesh,290,418,Narsimhapur,3636,2,Narsimhapur,नरसिम्हापुर,3,03636
Madhya Pradesh,291,422,Rajgarh,3568,6,Narsinghgarh,नरसिंहगढ़,6,03568
Madhya Pradesh,292,432,Shivpuri,3409,5,Narwar,नरवर,3,03409
Madhya Pradesh,293,437,Vidisha,3575,4,Nateran,नटेरन,5,03575
Madhya Pradesh,294,419,Neemuch,3489,4,Neemuch,नीमच,2,03489
Madhya Pradesh,295,419,Neemuch,7035,2,Neemuch Nagar,नीमच नगर,,00000
Madhya Pradesh,296,397,Burhanpur,3721,6,Nepanagar,नेपानगर,5,03721
Madhya Pradesh,297,393,Barwani,3560,3,Niwali,निवाली,5,03560
Madhya Pradesh,298,722,Niwari,3415,3,Niwari,निवाड़ी,1,03415
Madhya Pradesh,299,415,Mandla,3641,2,Niwas,निवास,1,03641
Madhya Pradesh,300,398,Chhatarpur,3427,1,Nowgong,नौगांव,3,03427
Madhya Pradesh,301,436,Umaria,3486,1,Nowrozabad,नौरोजाबाद,0,03486
Madhya Pradesh,302,722,Niwari,3416,3,Orchha,ओरछा,0,03416
Madhya Pradesh,303,422,Rajgarh,3569,6,Pachore,पचोर,0,03569
Madhya Pradesh,304,434,Tikamgarh,3420,5,Palera,पलेरा,4,03420
Madhya Pradesh,305,436,Umaria,3485,1,Pali,पाली,0,03485
Madhya Pradesh,306,411,Jabalpur,3632,18,Panagar,पनागर,0,03632
Madhya Pradesh,307,405,Khandwa (East Nimar),3718,3,Pandhana,पंधाना,3,03718
Madhya Pradesh,308,785,Pandhurna,3658,3,Pandhurna,पांढुर्ना,9,03658
Madhya Pradesh,309,420,Panna,3436,3,Panna,पन्ना,2,03436
Madhya Pradesh,310,393,Barwani,3559,1,Pansemal,पानसेमल,4,03559
Madhya Pradesh,311,399,Chhindwara,3652,2,Parasia,परासिया,5,03652
Madhya Pradesh,312,392,Balaghat,3675,9,Paraswada,परसवाडा,0,03675
Madhya Pradesh,313,411,Jabalpur,3629,5,Patan,पाटन,2,03629
Madhya Pradesh,314,400,Damoh,3455,1,Patera,पटेरा,2,03455
Madhya Pradesh,315,437,Vidisha,6971,2,Pathari,पठारी,,00000
Madhya Pradesh,316,400,Damoh,3457,1,Patharia,पथरिया,4,03457
Madhya Pradesh,317,393,Barwani,3555,1,Pati,पाटी,0,03555
Madhya Pradesh,318,420,Panna,3440,4,Pawai,पवई,4,03440
Madhya Pradesh,319,412,Jhabua,3707,4,Petlawad,पेटलावद,2,03707
Madhya Pradesh,320,407,Gwalior,7412,3,Pichhor,पिछोर,,00000
Madhya Pradesh,321,432,Shivpuri,3413,4,Pichhore,पिछौर,2,03413
Madhya Pradesh,322,409,Narmadapuram,3618,9,Pipariya,पिपरिया,6,03618
Madhya Pradesh,323,423,Ratlam,3500,2,Piploda,पिपलोदा,1,03500
Madhya Pradesh,324,391,Ashoknagar,7036,11,Piprai,पिपरई,,00000
Madhya Pradesh,325,403,Dhar,7042,8,Pithampur,पीतमपुर,,00000
Madhya Pradesh,326,432,Shivpuri,3407,5,Pohri,पोहरी,0,03407
Madhya Pradesh,327,430,Shajapur,6511,3,Polaykala,पोलायकला,,00000
Madhya Pradesh,328,417,Morena,3386,4,Porsa,पोरसा,2,03386
Madhya Pradesh,329,411,Jabalpur,7568,2,Pounda,पौंडा,,00000
Madhya Pradesh,330,394,Betul,7022,13,Prabhatpttan,प्रभातपट्टन,,00000
Madhya Pradesh,331,722,Niwari,3417,3,Prithvipur,पृथ्वीपुर,2,03417
Madhya Pradesh,332,405,Khandwa (East Nimar),3717,8,Punasa,पुनासा,0,03717
Madhya Pradesh,333,390,Anuppur,3696,1,Pushparajgarh,पुष्पराजगढ़,0,03696
Madhya Pradesh,334,406,Guna,3679,1,Raghogarh,राघोगढ़,5,03679
Madhya Pradesh,335,426,Satna,7111,12,Raghurajnagar (Nagriya),रघुराजनगर (नगरीय),,00000
Madhya Pradesh,336,425,Sagar,3448,1,Rahatgarh,राहतगढ,4,03448
Madhya Pradesh,337,420,Panna,3442,2,Raipura,रायपुरा,0,03442
Madhya Pradesh,338,424,Rewa,3480,9,Raipur Karchuliyan,रायपुर कर्चुलियान,6,03480
Madhya Pradesh,339,421,Raisen,3590,3,Raisen,रायसेन,1,03590
Madhya Pradesh,340,422,Rajgarh,3565,5,Rajgarh,राजगढ़,3,03565
Madhya Pradesh,341,398,Chhatarpur,3430,2,Rajnagar,राजनगर,5,03430
Madhya Pradesh,342,393,Barwani,3558,1,Rajpur,राजपुर,3,03558
Madhya Pradesh,343,412,Jhabua,7004,5,Rama,रामा,,00000
Madhya Pradesh,344,784,Maihar,3469,3,Ramnagar,रामनगर,6,03469
Madhya Pradesh,345,419,Neemuch,7032,5,Rampura,रामपुरा,,00000
Madhya Pradesh,346,426,Satna,3466,10,Rampur Baghelan,रामपुर बघेलान,0,03466
Madhya Pradesh,347,433,Sidhi,3697,3,Rampur Naikin,रामपुर नैकिन,1,03697
Madhya Pradesh,348,412,Jhabua,3710,2,Ranapur,राणापुर,8,03710
Madhya Pradesh,349,411,Jabalpur,7025,5,Ranjhi,रांझी,,00000
Madhya Pradesh,350,432,Shivpuri,6976,1,Rannod,रन्‍नौद,,00000
Madhya Pradesh,351,423,Ratlam,3506,3,Raoti,रावटी,0,03506
Madhya Pradesh,352,423,Ratlam,3507,8,Ratlam,रतलाम,6,03507
Madhya Pradesh,353,423,Ratlam,7009,6,Ratlam Nagar,रतलाम नगर,,00000
Madhya Pradesh,354,410,Indore,7016,3,Rau,राऊ,,00000
Madhya Pradesh,355,408,Harda,3611,2,Rehatgaon,रहटगाँव,0,03611
Madhya Pradesh,356,425,Sagar,3451,1,Rehli,रहली,7,03451
Madhya Pradesh,357,427,Sehore,3589,1,Rehti,रेहटी,0,03589
Madhya Pradesh,358,413,Katni,3621,3,Rithi,रीठी,0,03621
Madhya Pradesh,359,395,Bhind,3396,2,Ron,रॉन,5,03396
Madhya Pradesh,360,417,Morena,3390,2,Sabalgarh,सबलगढ़,6,03390
Madhya Pradesh,361,425,Sagar,3449,5,Sagar,सागर,5,03449
Madhya Pradesh,362,425,Sagar,7030,1,Sagar Nagar,सागर नगर,,00000
Madhya Pradesh,363,418,Narsimhapur,7003,2,Saikheda,सांईंखेड़ा,,00000
Madhya Pradesh,364,423,Ratlam,3504,2,Sailana,सैलाना,4,03504
Madhya Pradesh,365,414,Khargone (West Nimar),6997,7,Sanawad,सनावद,,00000
Madhya Pradesh,366,410,Indore,3542,7,Sanwer,सांवेर,2,03542
Madhya Pradesh,367,638,Singrauli,6986,6,Sarai,सरई,,00000
Madhya Pradesh,368,422,Rajgarh,3567,2,Sarangpur,सारंगपुर,5,03567
Madhya Pradesh,369,403,Dhar,3533,1,Sardarpur,सरदारपुर,2,03533
Madhya Pradesh,370,398,Chhatarpur,7397,8,Satai,सटई,,00000
Madhya Pradesh,371,402,Dewas,3528,3,Satwas,सतवास,0,03528
Madhya Pradesh,372,785,Pandhurna,3656,3,Sausar,सौसर,7,03656
Madhya Pradesh,373,414,Khargone (West Nimar),3548,1,Segaon,सेगांव,4,03548
Madhya Pradesh,374,427,Sehore,3582,3,Sehore,सीहोर,1,03582
Madhya Pradesh,375,427,Sehore,7008,4,Sehore Nagar,सीहोर नगर,,00000
Madhya Pradesh,376,424,Rewa,3475,2,Semaria,सेमरिया,0,03475
Madhya Pradesh,377,393,Barwani,3561,4,Sendhwa,सेंधवा,6,03561
Madhya Pradesh,378,401,Datia,3403,1,Seondha,स्योंधा,1,03403
Madhya Pradesh,379,428,Seoni,3664,5,Seoni,सिवनी,4,03664
Madhya Pradesh,380,409,Narmadapuram,3612,5,Seoni Malwa,सिवनी मालवा,1,03612
Madhya Pradesh,381,428,Seoni,7018,4,Seoni Nagar,सिवनी नगर,,00000
Madhya Pradesh,382,391,Ashoknagar,3687,6,Shadhora,शाढ़ौरा,0,03687
Madhya Pradesh,383,425,Sagar,3447,1,Shahgarh,शाहगढ,0,03447
Madhya Pradesh,384,420,Panna,3441,3,Shahnagar,शाहनगर,5,03441
Madhya Pradesh,385,394,Betul,3603,2,Shahpur,शाहपुर,3,03603
Madhya Pradesh,386,404,Dindori,3639,1,Shahpura,शाहपुरा,1,03639
Madhya Pradesh,387,411,Jabalpur,3630,5,Shahpura,शाहपुरा,3,03630
Madhya Pradesh,388,430,Shajapur,3519,3,Shajapur,शाजापुर,5,03519
Madhya Pradesh,389,416,Mandsaur,3495,2,Shamgarh,शामगढ़,0,03495
Madhya Pradesh,390,437,Vidisha,3576,2,Shamshabad,शमशाबाद,0,03576
Madhya Pradesh,391,431,Sheopur,3382,3,Sheopur,श्योपुर,2,03382
Madhya Pradesh,392,409,Narmadapuram,7565,1,Shivpur,शिवपुर,,00000
Madhya Pradesh,393,432,Shivpuri,3408,4,Shivpuri,शिवपुरी,2,03408
Madhya Pradesh,394,432,Shivpuri,7044,2,Shivpuri Nagar,शिवपुरी नगर,,00000
Madhya Pradesh,395,430,Shajapur,3522,4,Shujalpur,शुजालपुर,7,03522
Madhya Pradesh,396,427,Sehore,3583,5,Shyampur,श्‍यामपुर,0,03583
Madhya Pradesh,397,433,Sidhi,3700,5,Sihawal,सिहावल,4,03700
Madhya Pradesh,398,411,Jabalpur,3627,12,Sihora,सिहोरा,1,03627
Madhya Pradesh,399,421,Raisen,3596,4,Silwani,सिलवानी,6,03596
Madhya Pradesh,400,420,Panna,6975,2,Simaria,सिमरिया,,00000
Madhya Pradesh,401,419,Neemuch,3488,2,Singoli,सिंगोली,0,03488
Madhya Pradesh,402,638,Singrauli,3705,12,Singrauli,सिंगरौली,9,03705
Madhya Pradesh,403,638,Singrauli,7040,2,Singrauli Nagar,सिंगरौली नगर,,00000
Madhya Pradesh,404,408,Harda,3607,2,Sirali,सिराली,0,03607
Madhya Pradesh,405,424,Rewa,3473,5,Sirmour,सिरमौर,2,03473
Madhya Pradesh,406,437,Vidisha,3571,2,Sironj,सिरोंज,2,03571
Madhya Pradesh,407,416,Mandsaur,3498,2,Sitamau,सीतामऊ,5,03498
Madhya Pradesh,408,413,Katni,6977,3,Sleemnabad,स्लीमनाबाद,,00000
Madhya Pradesh,409,409,Narmadapuram,3617,6,Sohagpur,सोहागपुर,3,03617
Madhya Pradesh,410,429,Shahdol,3691,7,Sohagpur,सोहागपुर,3,03691
Madhya Pradesh,411,639,Alirajpur,6981,3,Sondawa,सोडवा,,00000
Madhya Pradesh,412,402,Dewas,3525,1,Sonkatch,सोनकच्छ,2,03525
Madhya Pradesh,413,667,Agar-Malwa,7421,3,Soyatkala,सोयतकला,,00000
Madhya Pradesh,414,421,Raisen,7566,1,Sultan-Ganj,सुल्‍तानगंज,,00000
Madhya Pradesh,415,421,Raisen,6532,9,Sultanpur,सुल्तानपुर,,00000
Madhya Pradesh,416,667,Agar-Malwa,3515,5,Susner,सुसनेर,1,03515
Madhya Pradesh,417,422,Rajgarh,6992,5,Suthaliya,सुठालिया,,00000
Madhya Pradesh,418,416,Mandsaur,3499,2,Suwasara,सुवासरा,0,03499
Madhya Pradesh,419,423,Ratlam,3503,2,Tal,ताल,0,03503
Madhya Pradesh,420,399,Chhindwara,3647,2,Tamia,तामिया,1,03647
Madhya Pradesh,421,407,Gwalior,7037,3,Tansen,तानसेन,,00000
Madhya Pradesh,422,435,Ujjain,3512,4,Tarana,तराना,5,03512
Madhya Pradesh,423,400,Damoh,3460,1,Tendukheda,तेंदूखेड़ा,7,03460
Madhya Pradesh,424,418,Narsimhapur,3638,2,Tendukheda,तेंदूखेड़ा,7,03638
Madhya Pradesh,425,424,Rewa,3471,3,Teonthar,त्योंथर,1,03471
Madhya Pradesh,426,412,Jhabua,3706,2,Thandla,थांदला,1,03706
Madhya Pradesh,427,393,Barwani,3556,1,Thikri,ठीकरी,2,03556
Madhya Pradesh,428,434,Tikamgarh,3423,3,Tikamgarh,टीकमगढ़,6,03423
Madhya Pradesh,429,408,Harda,3610,2,Timarni,टिमरनी,3,03610
Madhya Pradesh,430,392,Balaghat,3668,3,Tirodi,तिरोडी,0,03668
Madhya Pradesh,431,402,Dewas,3524,1,Tonk Khurd,टोंक खुर्द,1,03524
Madhya Pradesh,432,437,Vidisha,3574,2,Tyonda,त्योंदा,0,03574
Madhya Pradesh,433,421,Raisen,3597,4,Udaipura,उदयपुरा,7,03597
Madhya Pradesh,434,402,Dewas,6535,8,Udaynagar,उदयनगर,,00000
Madhya Pradesh,435,435,Ujjain,3513,4,Ujjain,उज्जैन,6,03513
Madhya Pradesh,436,435,Ujjain,7046,1,Ujjain Nagar,उज्जैन नगर,,00000
Madhya Pradesh,437,399,Chhindwara,3653,2,Umreth,उमरेठ,0,03653
Madhya Pradesh,438,426,Satna,3465,3,Unchehara,उंचेहरा,0,03465
Madhya Pradesh,439,435,Ujjain,7434,2,Unhel,उन्हेल,,00000
Madhya Pradesh,440,393,Barwani,3562,2,Varla,वरला,0,03562
Madhya Pradesh,441,437,Vidisha,3579,3,Vidisha,विदिशा,7,03579
Madhya Pradesh,442,437,Vidisha,7017,3,Vidisha Nagar,विदिशा नगर,,00000
Madhya Pradesh,443,431,Sheopur,3380,4,Vijaypur,विजयपुर,1,03380
Madhya Pradesh,444,413,Katni,3624,3,Vijayraghavgarh,विजयराघवगढ़,2,03624
Madhya Pradesh,445,392,Balaghat,3669,1,Waraseoni,वारासिवनी,2,03669
Madhya Pradesh,,,,,,,,,
Madhya Pradesh,"Sep 5, 2026, 6:43 PM",,,,,,,,
Maharashtra,,,,,,(In English),(In Local),,
Maharashtra,1,468,Amravati,4004,2,Achalpur,अचलपूर,4,04004
Maharashtra,2,475,Gadchiroli,4062,1,Aheri,अहेरी,11,04062
Maharashtra,3,481,Latur,4228,2,Ahmadpur,अहमदपूर,3,04228
Maharashtra,4,480,Kolhapur,4292,1,Ajra,आजरा,10,04292
Maharashtra,5,496,Solapur,4254,1,Akkalkot,अक्कलकोट,11,04254
Maharashtra,6,486,Nandurbar,3950,1,Akkalkuwa,अक्कलकुवा,1,03950
Maharashtra,7,467,Akola,3991,1,Akola,अकोला,4,03991
Maharashtra,8,466,Ahilyanagar,4201,2,Akole,अकोले,0001,04201
Maharashtra,9,467,Akola,3989,1,Akot,अकोट,2,03989
Maharashtra,10,486,Nandurbar,3951,1,Akrani,अकर्नी,2,03951
Maharashtra,11,491,Raigad,4177,1,Alibag,अलिबाग,6,04177
Maharashtra,12,478,Jalgaon,3969,1,Amalner,अमळनेर,10,03969
Maharashtra,13,479,Jalna,4129,1,Ambad,अंबड,5,04129
Maharashtra,14,497,Thane,4170,1,Ambarnath,अंबरनाथ,14,04170
Maharashtra,15,490,Pune,4188,1,Ambegaon,आंबेगाव,2,04188
Maharashtra,16,470,Beed,4225,2,Ambejogai,आंबेजोगाई,11,04225
Maharashtra,17,476,Gondia,4047,1,Amgaon,आमगाव,4,04047
Maharashtra,18,468,Amravati,4009,1,Amravati,अमरावती,9,04009
Maharashtra,19,483,Mumbai Suburban,7179,1,Andheri,अंधेरी,,00000
Maharashtra,20,468,Amravati,4003,1,Anjangaon Surji,अंजनगाव सुर्जी,3,04003
Maharashtra,21,485,Nanded,4099,3,Ardhapur,अर्धापूर,5,04099
Maharashtra,22,476,Gondia,4050,1,Arjuni Morgaon,अर्जुनी मोरगाव,7,04050
Maharashtra,23,475,Gadchiroli,4053,1,Armori,आरमोरी,2,04053
Maharashtra,24,500,Yavatmal,4088,1,Arni,अर्नी,10,04088
Maharashtra,25,498,Wardha,4017,2,Arvi,आर्वी,3,04017
Maharashtra,26,470,Beed,4215,1,Ashti,आष्टी,1,04215
Maharashtra,27,498,Wardha,4015,1,Ashti,आष्टी,1,04015
Maharashtra,28,493,Sangli,4300,1,Atpadi,आटपाडी,5,04300
Maharashtra,29,477,Hingoli,4113,1,Aundha (Nagnath),औंढा (नागनाथ),3,04113
Maharashtra,30,481,Latur,4232,2,Ausa,औसा,7,04232
Maharashtra,31,500,Yavatmal,4080,1,Babulgaon,बाबूलगाव,2,04080
Maharashtra,32,479,Jalna,4128,1,Badnapur,बदनापूर,4,04128
Maharashtra,33,487,Nashik,4145,1,Baglan,बागलण,4,04145
Maharashtra,34,467,Akola,3990,1,Balapur,बाळापूर,3,03990
Maharashtra,35,473,Chandrapur,4074,1,Ballarpur,बल्लारपूर,11,04074
Maharashtra,36,490,Pune,4199,1,Baramati,बारामती,13,04199
Maharashtra,37,496,Solapur,4246,3,Barshi,बार्शी,3,04246
Maharashtra,38,467,Akola,3994,1,Barshitakli,बार्शीटाकळी,7,03994
Maharashtra,39,470,Beed,4221,2,Beed,बीड,7,04221
Maharashtra,40,478,Jalgaon,3971,1,Bhadgaon,भडगाव,12,03971
Maharashtra,41,473,Chandrapur,4070,1,Bhadravati,भद्रावती,7,04070
Maharashtra,42,475,Gadchiroli,4061,1,Bhamragad,भामरागड,10,04061
Maharashtra,43,471,Bhandara,4039,1,Bhandara,भंडारा,3,04039
Maharashtra,44,468,Amravati,4010,1,Bhatkuli,भातकुली,10,04010
Maharashtra,45,497,Thane,4166,1,Bhiwandi,भिवंडी,10,04166
Maharashtra,46,484,Nagpur,4036,1,Bhiwapur,भिवापूर,14,04036
Maharashtra,47,485,Nanded,4102,1,Bhokar,भोकर,8,04102
Maharashtra,48,479,Jalna,4125,2,Bhokardan,भोकरदन,1,04125
Maharashtra,49,490,Pune,4198,1,Bhor,भोर,12,04198
Maharashtra,50,480,Kolhapur,4291,1,Bhudargad,भूदरगड,9,04291
Maharashtra,51,488,Dharashiv,4237,1,Bhum,भूम,2,04237
Maharashtra,52,478,Jalgaon,3965,1,Bhusawal,भुसावळ,6,03965
Maharashtra,53,485,Nanded,4105,1,Biloli,बिलोली,11,04105
Maharashtra,54,478,Jalgaon,3964,1,Bodvad,बोधवड,5,03964
Maharashtra,55,483,Mumbai Suburban,7181,1,Borivali,बोरीवली,,00000
Maharashtra,56,473,Chandrapur,4067,1,Brahmapuri,ब्रम्हपुरी,4,04067
Maharashtra,57,472,Buldhana,3984,1,Buldana,बुलडाणा,10,03984
Maharashtra,58,481,Latur,4230,1,Chakur,चाकूर,5,04230
Maharashtra,59,478,Jalgaon,3972,1,Chalisgaon,चाळीसगाव,13,03972
Maharashtra,60,475,Gadchiroli,4058,1,Chamorshi,चामोर्शी,7,04058
Maharashtra,61,480,Kolhapur,4294,1,Chandgad,चंदगड,12,04294
Maharashtra,62,473,Chandrapur,4071,2,Chandrapur,चंद्रपूर,8,04071
Maharashtra,63,468,Amravati,4005,2,Chandurbazar,चांदूर बाजार,5,04005
Maharashtra,64,468,Amravati,4013,1,Chandur Railway,चांदूर रेल्वे,13,04013
Maharashtra,65,487,Nashik,4148,1,Chandvad,चांदवड,7,04148
Maharashtra,66,469,Chhatrapati Sambhajinagar,4137,3,Chhatrapati Sambhajinagar,छत्रपती संभाजीनगर,5,04137
Maharashtra,67,468,Amravati,4002,1,Chikhaldara,चिखलदरा,2,04002
Maharashtra,68,472,Buldhana,3983,1,Chikhli,चिखली,9,03983
Maharashtra,69,473,Chandrapur,4065,1,Chimur,चिमूर,2,04065
Maharashtra,70,492,Ratnagiri,4269,1,Chiplun,चिपळूण,4,04269
Maharashtra,71,478,Jalgaon,3960,1,Chopda,चोपडा,1,03960
Maharashtra,72,665,Palghar,4158,2,Dahanu,डहाणू,2,04158
Maharashtra,73,492,Ratnagiri,4267,1,Dapoli,दापोली,2,04267
Maharashtra,74,500,Yavatmal,4083,1,Darwha,धारवा,5,04083
Maharashtra,75,468,Amravati,4011,1,Daryapur,दर्यापूर,11,04011
Maharashtra,76,490,Pune,4195,1,Daund,दौंड,9,04195
Maharashtra,77,485,Nanded,4110,1,Deglur,देगलुर,16,04110
Maharashtra,78,487,Nashik,4144,1,Deola,देवळा,3,04144
Maharashtra,79,472,Buldhana,3985,1,Deolgaon Raja,देउळगाव राजा,11,03985
Maharashtra,80,498,Wardha,4020,1,Deoli,देवळी,6,04020
Maharashtra,81,481,Latur,4234,1,Deoni,देवनी,9,04234
Maharashtra,82,476,Gondia,4051,1,Deori,देवरी,8,04051
Maharashtra,83,475,Gadchiroli,4052,1,Desaiganj (Vadasa),देसाईगंज (वडसा),1,04052
Maharashtra,84,495,Sindhudurg,4275,1,Devgad,देवगड,1,04275
Maharashtra,85,468,Amravati,4014,1,Dhamangaon Railway,धामनगाव रेल्वे,14,04014
Maharashtra,86,475,Gadchiroli,4056,1,Dhanora,धानोरा,5,04056
Maharashtra,87,478,Jalgaon,3968,1,Dharangaon,धरणगाव,9,03968
Maharashtra,88,488,Dharashiv,4240,4,Dharashiv,धाराशिव,5,04240
Maharashtra,89,485,Nanded,4104,1,Dharmabad,धर्माबाद,10,04104
Maharashtra,90,468,Amravati,4001,1,Dharni,धारणी,1,04001
Maharashtra,91,470,Beed,4223,2,Dharur,धारूर,9,04223
Maharashtra,92,474,Dhule,3959,5,Dhule,धुळे,4,03959
Maharashtra,93,500,Yavatmal,4084,1,Digras,दिग्रस,6,04084
Maharashtra,94,487,Nashik,4149,1,Dindori,दिंडोरी,8,04149
Maharashtra,95,495,Sindhudurg,4282,1,Dodamarg,दोडामार्ग,8,04282
Maharashtra,96,478,Jalgaon,3967,1,Erandol,एरंडोल,8,03967
Maharashtra,97,475,Gadchiroli,4060,1,Etapalli,एटापल्ली,9,04060
Maharashtra,98,475,Gadchiroli,4057,1,Gadchiroli,गडचिरोली,6,04057
Maharashtra,99,480,Kolhapur,4293,1,Gadhinglaj,गडहिंग्लज,11,04293
Maharashtra,100,480,Kolhapur,4288,2,Gaganbawada,गगनबावडा,6,04288
Maharashtra,101,489,Parbhani,4122,1,Gangakhed,गंगाखेड,7,04122
Maharashtra,102,469,Chhatrapati Sambhajinagar,4140,1,Gangapur,गंगापूर,8,04140
Maharashtra,103,470,Beed,4218,1,Georai,गेवराई,4,04218
Maharashtra,104,479,Jalna,4130,1,Ghansawangi,घनसावंगी,6,04130
Maharashtra,105,500,Yavatmal,4089,1,Ghatanji,घाटंजी,11,04089
Maharashtra,106,476,Gondia,4046,1,Gondiya,गोंदिया,3,04046
Maharashtra,107,473,Chandrapur,4078,1,Gondpipri,गोंडपिपरी,14,04078
Maharashtra,108,476,Gondia,4045,1,Goregaon,गोरेगाव,2,04045
Maharashtra,109,492,Ratnagiri,4270,1,Guhagar,गुहाघर,5,04270
Maharashtra,110,485,Nanded,4098,3,Hadgaon,हदगाव,4,04098
Maharashtra,111,480,Kolhapur,4285,1,Hatkanangle,हातकणंगले,3,04285
Maharashtra,112,490,Pune,4193,1,Haveli,हवेली,7,04193
Maharashtra,113,485,Nanded,4097,1,Himayatnagar,हिमायतनगर,3,04097
Maharashtra,114,498,Wardha,4021,1,Hinganghat,हिंगणघाट,7,04021
Maharashtra,115,484,Nagpur,4033,1,Hingna,हिंगणा,11,04033
Maharashtra,116,477,Hingoli,4112,1,Hingoli,हिंगोली,2,04112
Maharashtra,117,487,Nashik,4153,1,Igatpuri,इगतपूरी,12,04153
Maharashtra,118,490,Pune,4200,1,Indapur,इंदापूर,14,04200
Maharashtra,119,479,Jalna,4126,2,Jafrabad,जाफ्राबाद,2,04126
Maharashtra,120,478,Jalgaon,3966,1,Jalgaon,जळगाव,7,03966
Maharashtra,121,472,Buldhana,3975,1,Jalgaon (Jamod),जळगाव (जामोद),1,03975
Maharashtra,122,481,Latur,4229,1,Jalkot,जलकोट,4,04229
Maharashtra,123,479,Jalna,4127,1,Jalna,जालना,3,04127
Maharashtra,124,466,Ahilyanagar,4214,1,Jamkhed,जामखेड,14,04214
Maharashtra,125,478,Jalgaon,3974,1,Jamner,जामनेर,15,03974
Maharashtra,126,494,Satara,4263,4,Jaoli,जावळी,9,04263
Maharashtra,127,493,Sangli,4304,1,Jat,जत,9,04304
Maharashtra,128,665,Palghar,4160,2,Jawhar,जव्हार,4,04160
Maharashtra,129,489,Parbhani,4117,1,Jintur,जिंतुर,2,04117
Maharashtra,130,473,Chandrapur,4076,1,Jiwati,जिवती,0,04076
Maharashtra,131,490,Pune,4187,1,Junnar,जुन्नर,1,04187
Maharashtra,132,493,Sangli,4298,1,Kadegaon,कडेगाव,0,04298
Maharashtra,133,480,Kolhapur,4290,1,Kagal,कागल,8,04290
Maharashtra,134,470,Beed,4222,1,Kaij,केज,8,04222
Maharashtra,135,488,Dharashiv,4239,2,Kalamb,कळंब,0004,04239
Maharashtra,136,500,Yavatmal,4081,1,Kalamb,कळंब,3,04081
Maharashtra,137,484,Nagpur,4025,1,Kalameshwar,कळमेश्वर,3,04025
Maharashtra,138,477,Hingoli,4114,1,Kalamnuri,कळमनुरी,4,04114
Maharashtra,139,487,Nashik,4143,1,Kalwan,कालवण,2,04143
Maharashtra,140,497,Thane,4168,1,Kalyan,कल्याण,12,04168
Maharashtra,141,484,Nagpur,4030,1,Kamptee,कामठी,8,04030
Maharashtra,142,485,Nanded,4108,1,Kandhar,कंधार,14,04108
Maharashtra,143,495,Sindhudurg,4277,1,Kankavli,कणकवली,3,04277
Maharashtra,144,469,Chhatrapati Sambhajinagar,4133,1,Kannad,कन्नड,1,04133
Maharashtra,145,494,Satara,4265,1,Karad,कराड,11,04265
Maharashtra,146,498,Wardha,4016,1,Karanja,कारंजा,3,04016
Maharashtra,147,499,Washim,3997,1,Karanja,कारंजा,3,03997
Maharashtra,148,466,Ahilyanagar,4213,1,Karjat,कर्जत,0013,04213
Maharashtra,149,491,Raigad,4174,1,Karjat,कर्जत,3,04174
Maharashtra,150,496,Solapur,4244,1,Karmala,करमाळा,1,04244
Maharashtra,151,480,Kolhapur,4287,1,Karvir,करवीर,5,04287
Maharashtra,152,484,Nagpur,4024,1,Katol,काटोल,2,04024
Maharashtra,153,493,Sangli,4303,1,Kavathemahankal,कवठेमहांकाळ,8,04303
Maharashtra,154,500,Yavatmal,4090,1,Kelapur,केलापूर,12,04090
Maharashtra,155,491,Raigad,4175,1,Khalapur,खालापूर,4,04175
Maharashtra,156,472,Buldhana,3981,1,Khamgaon,खामगाव,7,03981
Maharashtra,157,493,Sangli,4299,1,Khanapur,खानापूर,4,04299
Maharashtra,158,494,Satara,4257,1,Khandala,खंडाळा,3,04257
Maharashtra,159,494,Satara,4260,2,Khatav,खटाव,6,04260
Maharashtra,160,490,Pune,4190,1,Khed,खेड,4,04190
Maharashtra,161,492,Ratnagiri,4268,1,Khed,खेड,0003,04268
Maharashtra,162,469,Chhatrapati Sambhajinagar,4138,2,Khuldabad,खुलताबाद,6,04138
Maharashtra,163,485,Nanded,4096,1,Kinwat,किनवत,2,04096
Maharashtra,164,466,Ahilyanagar,4203,1,Kopargaon,कोपरगाव,3,04203
Maharashtra,165,475,Gadchiroli,4055,2,Korchi,कोरची,4,04055
Maharashtra,166,494,Satara,4261,1,Koregaon,कोरेगाव,7,04261
Maharashtra,167,473,Chandrapur,4075,1,Korpana,कोरपना,12,04075
Maharashtra,168,495,Sindhudurg,4280,1,Kudal,कुडाळ,6,04280
Maharashtra,169,484,Nagpur,4035,1,Kuhi,कुही,13,04035
Maharashtra,170,475,Gadchiroli,4054,2,Kurkheda,कुरखेडा,3,04054
Maharashtra,171,483,Mumbai Suburban,7180,1,Kurla,कुर्ला,,00000
Maharashtra,172,471,Bhandara,4043,1,Lakhandur,लाखंदूर,7,04043
Maharashtra,173,471,Bhandara,4041,1,Lakhani,लाखनी,5,04041
Maharashtra,174,492,Ratnagiri,4273,1,Lanja,लांजा,8,04273
Maharashtra,175,481,Latur,4226,1,Latur,लातूर,1,04226
Maharashtra,176,485,Nanded,4107,1,Loha,लोहा,13,04107
Maharashtra,177,488,Dharashiv,4242,2,Lohara,लोहारा,7,04242
Maharashtra,178,472,Buldhana,3987,1,Lonar,लोणार,13,03987
Maharashtra,179,496,Solapur,4245,1,Madha,माढा,2,04245
Maharashtra,180,494,Satara,4255,2,Mahabaleshwar,महाबळेश्वर,1,04255
Maharashtra,181,491,Raigad,4185,1,Mahad,महाड,14,04185
Maharashtra,182,500,Yavatmal,4087,1,Mahagaon,महागाव,9,04087
Maharashtra,183,485,Nanded,4095,2,Mahur,माहूर,1,04095
Maharashtra,184,470,Beed,4219,2,Majalgaon,माजलगाव,5,04219
Maharashtra,185,499,Washim,3995,1,Malegaon,मालेगाव,1,03995
Maharashtra,186,487,Nashik,4146,1,Malegaon,मालेगाव,0005,04146
Maharashtra,187,472,Buldhana,3979,1,Malkapur,मलकापूर,5,03979
Maharashtra,188,496,Solapur,4250,1,Malshiras,माळशिरस,7,04250
Maharashtra,189,495,Sindhudurg,4278,1,Malwan,मालवण,4,04278
Maharashtra,190,494,Satara,4259,1,Man,माण,5,04259
Maharashtra,191,492,Ratnagiri,4266,1,Mandangad,मंडणगड,1,04266
Maharashtra,192,496,Solapur,4252,1,Mangalvedhe,मंगळवेढे,9,04252
Maharashtra,193,491,Raigad,4181,1,Mangaon,मानगाव,10,04181
Maharashtra,194,499,Washim,3996,1,Mangrulpir,मंगरूळपीर,2,03996
Maharashtra,195,499,Washim,3998,1,Manora,मानोरा,4,03998
Maharashtra,196,479,Jalna,4132,1,Mantha,मंठा,8,04132
Maharashtra,197,489,Parbhani,4119,1,Manwath,मानवत,4,04119
Maharashtra,198,500,Yavatmal,4092,1,Maregaon,मारेगाव,14,04092
Maharashtra,199,484,Nagpur,4029,1,Mauda,मौदा,7,04029
Maharashtra,200,490,Pune,4191,1,Mawal,मावळ,5,04191
Maharashtra,201,472,Buldhana,3982,1,Mehkar,मेहकर,8,03982
Maharashtra,202,491,Raigad,4184,1,Mhasla,म्हासळा,13,04184
Maharashtra,203,493,Sangli,4302,1,Miraj,मिरज,7,04302
Maharashtra,204,471,Bhandara,4038,1,Mohadi,मोहाडी,2,04038
Maharashtra,205,496,Solapur,4248,1,Mohol,मोहोळ,5,04248
Maharashtra,206,665,Palghar,4161,2,Mokhada,मोखाडा,5,04161
Maharashtra,207,468,Amravati,4006,1,Morshi,मोर्शी,6,04006
Maharashtra,208,472,Buldhana,3980,1,Motala,मोताळा,6,03980
Maharashtra,209,485,Nanded,4101,1,Mudkhed,मुदखेड,7,04101
Maharashtra,210,485,Nanded,4109,1,Mukhed,मुखेड,15,04109
Maharashtra,211,478,Jalgaon,3963,1,Muktainagar (Edlabad),मुक्ताईनगर(एदलाबाद),4,03963
Maharashtra,212,473,Chandrapur,4072,2,Mul,मुल,9,04072
Maharashtra,213,475,Gadchiroli,4059,1,Mulchera,मुलचेरा,8,04059
Maharashtra,214,490,Pune,4192,1,Mulshi,मुळशी,6,04192
Maharashtra,215,497,Thane,4171,1,Murbad,मुरबाड,15,04171
Maharashtra,216,467,Akola,3992,1,Murtijapur,मुर्तिजापूर,5,03992
Maharashtra,217,491,Raigad,4178,1,Murud,मुरूड,7,04178
Maharashtra,218,466,Ahilyanagar,4209,1,Nagar,नगर,9,04209
Maharashtra,219,473,Chandrapur,4066,2,Nagbhid,नागभिड,3,04066
Maharashtra,220,484,Nagpur,4031,1,Nagpur (Rural),नागपूर (ग्रामीण),9,04031
Maharashtra,221,484,Nagpur,4032,1,Nagpur (Urban),नागपूर (शहर),10,04032
Maharashtra,222,485,Nanded,4106,1,Naigaon (Khairgaon),नायगाव (खैरगाव),12,04106
Maharashtra,223,485,Nanded,4100,1,Nanded,नांदेड,6,04100
Maharashtra,224,487,Nashik,4147,1,Nandgaon,नांदगाव,6,04147
Maharashtra,225,468,Amravati,4012,1,Nandgaon-Khandeshwar,नांदगाव खंडेश्वर,12,04012
Maharashtra,226,472,Buldhana,3978,1,Nandura,नांदुरा,4,03978
Maharashtra,227,486,Nandurbar,3954,1,Nandurbar,नंदूरबार,5,03954
Maharashtra,228,484,Nagpur,4023,1,Narkhed,नरखेड,1,04023
Maharashtra,229,487,Nashik,4152,1,Nashik,नाशिक,11,04152
Maharashtra,230,486,Nandurbar,3955,1,Nawapur,नवापूर,6,03955
Maharashtra,231,500,Yavatmal,4079,1,Ner,नेर,1,04079
Maharashtra,232,466,Ahilyanagar,4206,1,Nevasa,नेवासा,6,04206
Maharashtra,233,481,Latur,4233,2,Nilanga,निलंगा,8,04233
Maharashtra,234,487,Nashik,4155,1,Niphad,निफाड,14,04155
Maharashtra,235,488,Dharashiv,4243,2,Omarga,उमरगा,8,04243
Maharashtra,236,478,Jalgaon,3973,1,Pachora,पाचोरा,14,03973
Maharashtra,237,469,Chhatrapati Sambhajinagar,4141,1,Paithan,पैठण,9,04141
Maharashtra,238,489,Parbhani,4123,1,Palam,पालम,8,04123
Maharashtra,239,665,Palghar,4163,2,Palghar,पालघर,7,04163
Maharashtra,240,493,Sangli,4297,1,Palus,पलुस,3,04297
Maharashtra,241,496,Solapur,4249,1,Pandharpur,पंढरपूर,6,04249
Maharashtra,242,480,Kolhapur,4284,1,Panhala,पन्हाळा,2,04284
Maharashtra,243,491,Raigad,4173,1,Panvel,पनवेल,2,04173
Maharashtra,244,488,Dharashiv,4236,1,Paranda,परंडा,1,04236
Maharashtra,245,489,Parbhani,4118,1,Parbhani,परभणी,3,04118
Maharashtra,246,470,Beed,4224,3,Parli,परळी,10,04224
Maharashtra,247,466,Ahilyanagar,4211,1,Parner,पारनेर,11,04211
Maharashtra,248,478,Jalgaon,3970,1,Parola,पारोळा,11,03970
Maharashtra,249,484,Nagpur,4027,1,Parseoni,पारशिवनी,5,04027
Maharashtra,250,479,Jalna,4131,1,Partur,परतूर,7,04131
Maharashtra,251,494,Satara,4264,1,Patan,पाटण,10,04264
Maharashtra,252,466,Ahilyanagar,4208,1,Pathardi,पाथर्डी,8,04208
Maharashtra,253,489,Parbhani,4120,1,Pathri,पाथ्री,5,04120
Maharashtra,254,470,Beed,4216,1,Patoda,पाटोदा,2,04216
Maharashtra,255,467,Akola,3993,1,Patur,पातूर,6,03993
Maharashtra,256,471,Bhandara,4042,1,Pauni,पवनी,6,04042
Maharashtra,257,491,Raigad,4176,1,Pen,पेण,5,04176
Maharashtra,258,487,Nashik,4150,2,Peth,पेठ,9,04150
Maharashtra,259,494,Satara,4258,1,Phaltan,फलटण,4,04258
Maharashtra,260,469,Chhatrapati Sambhajinagar,4136,3,Phulambri,फुलंब्री,4,04136
Maharashtra,261,491,Raigad,4186,1,Poladpur,पोलादपूर,15,04186
Maharashtra,262,473,Chandrapur,4073,1,Pombhurna,पोम्भूर्णा,10,04073
Maharashtra,263,490,Pune,4194,1,Pune City,पुणे शहर,8,04194
Maharashtra,264,490,Pune,4196,1,Purandhar,पुरंदर,10,04196
Maharashtra,265,489,Parbhani,4124,1,Purna,पुर्णा,9,04124
Maharashtra,266,500,Yavatmal,4085,1,Pusad,पूसद,7,04085
Maharashtra,267,480,Kolhapur,4289,1,Radhanagari,राधानगरी,7,04289
Maharashtra,268,466,Ahilyanagar,4204,1,Rahta,रहाता,4,04204
Maharashtra,269,466,Ahilyanagar,4210,1,Rahuri,राहुरी,10,04210
Maharashtra,270,492,Ratnagiri,4274,1,Rajapur,राजापूर,9,04274
Maharashtra,271,473,Chandrapur,4077,1,Rajura,राजुरा,13,04077
Maharashtra,272,500,Yavatmal,4091,1,Ralegaon,राळेगाव,13,04091
Maharashtra,273,484,Nagpur,4028,1,Ramtek,रामटेक,6,04028
Maharashtra,274,492,Ratnagiri,4271,1,Ratnagiri,रत्नागिरी,6,04271
Maharashtra,275,478,Jalgaon,3962,1,Raver,रावेर,3,03962
Maharashtra,276,481,Latur,4227,1,Renapur,रेनापूर,2,04227
Maharashtra,277,499,Washim,4000,1,Risod,रिसोड,6,04000
Maharashtra,278,491,Raigad,4179,1,Roha,रोहा,8,04179
Maharashtra,279,476,Gondia,4049,1,Sadak-Arjuni,सडक अर्जुनी,6,04049
Maharashtra,280,471,Bhandara,4040,1,Sakoli,साकोली,4,04040
Maharashtra,281,474,Dhule,3958,1,Sakri,साक्री,3,03958
Maharashtra,282,476,Gondia,4048,1,Salekasa,सालेकसा,5,04048
Maharashtra,283,498,Wardha,4022,1,Samudrapur,समुद्रपूर,8,04022
Maharashtra,284,492,Ratnagiri,4272,1,Sangameshwar,संगमेश्वर,7,04272
Maharashtra,285,466,Ahilyanagar,4202,1,Sangamner,संगमनेर,2,04202
Maharashtra,286,496,Solapur,4251,1,Sangole,सांगोले,8,04251
Maharashtra,287,472,Buldhana,3976,1,Sangrampur,संग्रामपूर,2,03976
Maharashtra,288,494,Satara,4262,4,Satara,सातारा,8,04262
Maharashtra,289,484,Nagpur,4026,1,Savner,सावनेर,4,04026
Maharashtra,290,473,Chandrapur,4068,1,Sawali,सावली,5,04068
Maharashtra,291,495,Sindhudurg,4281,1,Sawantwadi,सावंतवाडी,7,04281
Maharashtra,292,498,Wardha,4018,1,Seloo,सेलू,4,04018
Maharashtra,293,489,Parbhani,4116,2,Selu,सेलू,1,04116
Maharashtra,294,477,Hingoli,4111,1,Sengaon,सेनगाव,1,04111
Maharashtra,295,486,Nandurbar,3953,1,Shahade,शहादा,4,03953
Maharashtra,296,497,Thane,4167,1,Shahapur,शहापूर,11,04167
Maharashtra,297,480,Kolhapur,4283,2,Shahuwadi,शाहूवाडी,1,04283
Maharashtra,298,472,Buldhana,3977,1,Shegaon,शेगाव,3,03977
Maharashtra,299,466,Ahilyanagar,4207,1,Shevgaon,शेगाव,7,04207
Maharashtra,300,493,Sangli,4295,1,Shirala,शिराळा,1,04295
Maharashtra,301,480,Kolhapur,4286,2,Shirol,शिरोळ,4,04286
Maharashtra,302,474,Dhule,3956,3,Shirpur,शिरपूर,1,03956
Maharashtra,303,490,Pune,4189,1,Shirur,शिरूर,3,04189
Maharashtra,304,481,Latur,4231,2,Shirur Anantpal,शिरूर अनंतपाळ,6,04231
Maharashtra,305,470,Beed,4217,1,Shirur (Kasar),शिरूर (कासार),3,04217
Maharashtra,306,466,Ahilyanagar,4212,1,Shrigonda,श्रीगोंदा,12,04212
Maharashtra,307,466,Ahilyanagar,4205,1,Shrirampur,श्रीरामपूर,5,04205
Maharashtra,308,491,Raigad,4183,1,Shrivardhan,श्रीवर्धन,12,04183
Maharashtra,309,469,Chhatrapati Sambhajinagar,4135,2,Sillod,सिल्लोड,3,04135
Maharashtra,310,473,Chandrapur,4069,1,Sindewahi,सिंदेवाही,6,04069
Maharashtra,311,474,Dhule,3957,3,Sindkhede,सिंदखेडे,2,03957
Maharashtra,312,472,Buldhana,3986,1,Sindkhed Raja,सिंदखेड राजा,12,03986
Maharashtra,313,487,Nashik,4154,1,Sinnar,सिन्नर,13,04154
Maharashtra,314,475,Gadchiroli,4063,1,Sironcha,सिरोंचा,12,04063
Maharashtra,315,469,Chhatrapati Sambhajinagar,4134,1,Soegaon,सोयगाव,2,04134
Maharashtra,316,496,Solapur,4247,1,Solapur North,उत्तर सोलापूर,4,04247
Maharashtra,317,496,Solapur,4253,1,Solapur South,दक्षिण सोलापूर,10,04253
Maharashtra,318,489,Parbhani,4121,1,Sonpeth,सोनपेठ,6,04121
Maharashtra,319,491,Raigad,4180,1,Sudhagad,सुधागड,9,04180
Maharashtra,320,487,Nashik,4142,1,Surgana,सुरगना,1,04142
Maharashtra,321,491,Raigad,4182,1,Tala,तळा,11,04182
Maharashtra,322,665,Palghar,4157,2,Talasari,तलासरी,1,04157
Maharashtra,323,486,Nandurbar,3952,1,Talode,तलोदा,3,03952
Maharashtra,324,493,Sangli,4301,1,Tasgaon,तासगाव,6,04301
Maharashtra,325,467,Akola,3988,1,Telhara,तेल्हारा,1,03988
Maharashtra,326,497,Thane,4165,1,Thane,ठाणे,9,04165
Maharashtra,327,468,Amravati,4008,2,Tiosa,तिवसा,8,04008
Maharashtra,328,476,Gondia,4044,1,Tirora,तिरोडा,1,04044
Maharashtra,329,487,Nashik,4151,1,Trimbakeshwar,त्र्यंबक,10,04151
Maharashtra,330,488,Dharashiv,4241,1,Tuljapur,तुळजापूर,6,04241
Maharashtra,331,471,Bhandara,4037,1,Tumsar,तुमसर,1,04037
Maharashtra,332,481,Latur,4235,1,Udgir,उदगीर,10,04235
Maharashtra,333,497,Thane,4169,1,Ulhasnagar,उल्हासनगर,13,04169
Maharashtra,334,500,Yavatmal,4086,1,Umarkhed,उमरखेड,8,04086
Maharashtra,335,484,Nagpur,4034,1,Umred,उमरेड,12,04034
Maharashtra,336,485,Nanded,4103,1,Umri,उमरी,9,04103
Maharashtra,337,491,Raigad,4172,1,Uran,उरण,1,04172
Maharashtra,338,495,Sindhudurg,4276,1,Vaibhavvadi,वैभववाडी,2,04276
Maharashtra,339,469,Chhatrapati Sambhajinagar,4139,1,Vaijapur,वैजापूर,7,04139
Maharashtra,340,665,Palghar,4164,2,Vasai,वसई,8,04164
Maharashtra,341,477,Hingoli,4115,2,Vasmath,वसमत,5,04115
Maharashtra,342,490,Pune,4197,1,Velhe,वेल्हे,11,04197
Maharashtra,343,495,Sindhudurg,4279,1,Vengurla,वेंगुर्ला,5,04279
Maharashtra,344,665,Palghar,4159,2,Vikramgad,विक्रमगड,3,04159
Maharashtra,345,665,Palghar,4162,3,Wada,वाडा,6,04162
Maharashtra,346,470,Beed,4220,1,Wadwani,वडवणी,6,04220
Maharashtra,347,494,Satara,4256,1,Wai,वाई,2,04256
Maharashtra,348,493,Sangli,4296,1,Walwa,वाळवा,2,04296
Maharashtra,349,500,Yavatmal,4094,1,Wani,वनी,16,04094
Maharashtra,350,498,Wardha,4019,2,Wardha,वर्धा,5,04019
Maharashtra,351,473,Chandrapur,4064,1,Warora,वरोरा,1,04064
Maharashtra,352,468,Amravati,4007,1,Warud,वरूड,7,04007
Maharashtra,353,488,Dharashiv,4238,2,Washi,वाशी,3,04238
Maharashtra,354,499,Washim,3999,1,Washim,वाशिम,5,03999
Maharashtra,355,500,Yavatmal,4082,1,Yavatmal,यवतमाळ,4,04082
Maharashtra,356,478,Jalgaon,3961,1,Yawal,यावल,2,03961
Maharashtra,357,487,Nashik,4156,1,Yevla,येवला,15,04156
Maharashtra,358,500,Yavatmal,4093,1,Zari-Jamani,जरी जामनी,15,04093
Maharashtra,,,,,,,,,
Maharashtra,"Sep 5, 2026, 6:43 PM",,,,,,,,
Manipur,,,,,,(In English),(In Local),,
Manipur,1,252,Bishnupur,1874,1,Bishnupur,,2,01874
Manipur,2,713,Jiribam,6490,5,Borobekra,,,00000
Manipur,3,712,Kangpokpi,6488,3,Bungte Chiru,,,00000
Manipur,4,253,Chandel,1895,4,Chakpikarong,,4,01895
Manipur,5,712,Kangpokpi,6489,2,Champhai,,,00000
Manipur,6,253,Chandel,1894,3,Chandel,,3,01894
Manipur,7,257,Senapati,6483,1,Chilivai Phaibung,,,00000
Manipur,8,260,Ukhrul,1887,2,Chingai,,1,01887
Manipur,9,254,Churachandpur,1871,11,Churachandpur,,4,01871
Manipur,10,714,Noney,6039,3,Haochong,,,00000
Manipur,11,254,Churachandpur,6502,1,Henglep,,,00000
Manipur,12,712,Kangpokpi,6487,5,Island,,,00000
Manipur,13,260,Ukhrul,6481,1,Jessami,,,00000
Manipur,14,713,Jiribam,1883,6,Jiribam,,1,01883
Manipur,15,711,Kakching,1878,3,Kakching,,3,01878
Manipur,16,717,Kamjong,1889,4,Kamjong,,3,01889
Manipur,17,712,Kangpokpi,6495,1,Kangchup Geljang,,,00000
Manipur,18,712,Kangpokpi,1861,4,Kangpokpi,,4,01861
Manipur,19,254,Churachandpur,6500,2,Kangvai,,,00000
Manipur,20,717,Kamjong,1891,3,Kasom Khullen,,5,01891
Manipur,21,255,Imphal East,1886,1,Keirao Bitra,,4,01886
Manipur,22,253,Chandel,6496,4,Khengjoy,KHENGJOY,,00000
Manipur,23,714,Noney,6038,3,Khoupum,,,00000
Manipur,24,256,Imphal West,1881,1,Lamphelpat,,3,01881
Manipur,25,256,Imphal West,1879,2,Lamsang,,1,01879
Manipur,26,712,Kangpokpi,6497,2,Lhungtin,,,00000
Manipur,27,259,Thoubal,1876,1,Lilong,,1,01876
Manipur,28,260,Ukhrul,6482,2,LM,,,00000
Manipur,29,714,Noney,6491,2,Longmai,NONEY,,00000
Manipur,30,716,Tengnoupal,1892,4,Machi,,1,01892
Manipur,31,252,Bishnupur,1875,1,Moirang,,3,01875
Manipur,32,716,Tengnoupal,6498,4,Moreh,MOREH,,00000
Manipur,33,254,Churachandpur,6504,1,Mualnuam,,,00000
Manipur,34,252,Bishnupur,1873,1,Nambol,,1,01873
Manipur,35,714,Noney,1867,4,Nungba,,4,01867
Manipur,36,257,Senapati,1859,1,Paomata,,2,01859
Manipur,37,256,Imphal West,1880,1,Patsoi,,2,01880
Manipur,38,717,Kamjong,1890,3,Phungyar,,4,01890
Manipur,39,255,Imphal East,1885,1,Porompat,,3,01885
Manipur,40,257,Senapati,1860,2,Purul,,3,01860
Manipur,41,717,Kamjong,6499,2,Sahamphung,,,00000
Manipur,42,254,Churachandpur,6501,5,Saikot,,,00000
Manipur,43,712,Kangpokpi,6493,2,Saikul,,,00000
Manipur,44,712,Kangpokpi,1862,5,Saitu-Gamphazol,,5,01862
Manipur,45,254,Churachandpur,6505,2,Samulamlan,,,00000
Manipur,46,254,Churachandpur,6503,3,Sangaikot,,,00000
Manipur,47,255,Imphal East,1884,1,Sawombung,,2,01884
Manipur,48,254,Churachandpur,1872,3,Singngat,,5,01872
Manipur,49,257,Senapati,6484,1,Song Song,,,00000
Manipur,50,254,Churachandpur,6506,1,Suangdoh,,,00000
Manipur,51,257,Senapati,6508,1,Tadubi,,,00000
Manipur,52,258,Tamenglong,1866,2,Tamenglong,,3,01866
Manipur,53,258,Tamenglong,1865,1,Tamenglong North,,2,01865
Manipur,54,258,Tamenglong,1864,1,Tamenglong West,,1,01864
Manipur,55,716,Tengnoupal,1893,4,Tengnoupal,,2,01893
Manipur,56,715,Pherzawl,1869,2,Thanlon,,2,01869
Manipur,57,259,Thoubal,1877,1,Thoubal,,2,01877
Manipur,58,715,Pherzawl,1868,3,Tipaimukh,,1,01868
Manipur,59,254,Churachandpur,1870,12,Tuibong,,3,01870
Manipur,60,712,Kangpokpi,6492,2,T Vaichong,,,00000
Manipur,61,260,Ukhrul,1888,6,Ukhrul,,2,01888
Manipur,62,715,Pherzawl,6507,1,Vangai Range,,,00000
Manipur,63,711,Kakching,6486,2,Waikhong,,,00000
Manipur,64,256,Imphal West,1882,1,Wangoi,,4,01882
Manipur,65,257,Senapati,6485,1,Willong,,,00000
Manipur,,,,,,,,,
Manipur,"Sep 5, 2026, 6:44 PM",,,,,,,,
Meghalaya,,,,,,(In English),(In Local),,
Meghalaya,1,656,North Garo Hills,7334,2,Adokgre,,,00000
Meghalaya,2,275,West Jaintia Hills,1998,1,Amlarem,,3,01998
Meghalaya,3,277,South Garo Hills,1977,7,Baghmara,,2,01977
Meghalaya,4,656,North Garo Hills,6544,7,Bajengdoba,Bajengdoba,,00000
Meghalaya,5,278,West Garo Hills,7339,3,Batabari,,,00000
Meghalaya,6,663,South West Garo Hills,1966,6,Betasing,,5,01966
Meghalaya,7,276,Ri Bhoi,6543,2,Bhoirymbong,Bhoirymbong,,00000
Meghalaya,8,277,South Garo Hills,1975,3,Chokpot,,1,01975
Meghalaya,9,278,West Garo Hills,1963,3,Dadenggiri,,2,01963
Meghalaya,10,278,West Garo Hills,1969,4,Dalu,,7,01969
Meghalaya,11,273,East Garo Hills,1971,1,Dambo Rongjeng,,2,01971
Meghalaya,12,278,West Garo Hills,6546,8,Demdema,Demdema,,00000
Meghalaya,13,278,West Garo Hills,1968,2,Gambegre,,0,01968
Meghalaya,14,277,South Garo Hills,1976,1,Gasuapara,,0,01976
Meghalaya,15,276,Ri Bhoi,1986,1,Jirang,,0,01986
Meghalaya,16,656,North Garo Hills,1972,4,Kharkutta,,0,01972
Meghalaya,17,274,East Khasi Hills,1992,1,Khatarshnong Laitkroh,,0,01992
Meghalaya,18,275,West Jaintia Hills,1997,1,Laskein,,2,01997
Meghalaya,19,657,East Jaintia Hills,7337,7,Lumshnong,,,00000
Meghalaya,20,740,Eastern West Khasi Hills,1982,2,Mairang,,3,01982
Meghalaya,21,276,Ri Bhoi,7456,5,Mawhati,Mawhati,,00000
Meghalaya,22,274,East Khasi Hills,1991,1,Mawkynrew,,4,01991
Meghalaya,23,658,South West Khasi Hills,1984,3,Mawkyrwat,,5,01984
Meghalaya,24,274,East Khasi Hills,6540,1,Mawlai,,,00000
Meghalaya,25,274,East Khasi Hills,6541,2,Mawpat,,,00000
Meghalaya,26,274,East Khasi Hills,1988,2,Mawphlang,,1,01988
Meghalaya,27,274,East Khasi Hills,1990,2,Mawryngkneng,,3,01990
Meghalaya,28,279,West Khasi Hills,1979,8,Mawshynrut,,1,01979
Meghalaya,29,274,East Khasi Hills,1993,1,Mawsynram,,5,01993
Meghalaya,30,740,Eastern West Khasi Hills,1981,3,Mawthadraishan,,0,01981
Meghalaya,31,274,East Khasi Hills,1989,5,Mylliem,,2,01989
Meghalaya,32,275,West Jaintia Hills,7335,2,Namdong,,,00000
Meghalaya,33,279,West Khasi Hills,1980,7,Nongstoin,,2,01980
Meghalaya,34,663,South West Garo Hills,7418,5,Purakhasia,Purakhasia,,00000
Meghalaya,35,274,East Khasi Hills,1995,1,Pynursla,,7,01995
Meghalaya,36,279,West Khasi Hills,7333,3,Rambrai,,,00000
Meghalaya,37,658,South West Khasi Hills,1983,2,Ranikor,,4,01983
Meghalaya,38,663,South West Garo Hills,6545,6,Rerapara,RERAPARA,,00000
Meghalaya,39,656,North Garo Hills,1970,7,Resubelpara,,1,01970
Meghalaya,40,279,West Khasi Hills,7336,3,Ri Muliang,,,00000
Meghalaya,41,277,South Garo Hills,1978,3,Rongara,,3,01978
Meghalaya,42,278,West Garo Hills,1965,3,Rongram,,4,01965
Meghalaya,43,657,East Jaintia Hills,2000,5,Saipung,,0,02000
Meghalaya,44,273,East Garo Hills,1974,1,Samanda,,4,01974
Meghalaya,45,278,West Garo Hills,1962,9,Selsella,,1,01962
Meghalaya,46,279,West Khasi Hills,7338,3,Shallang,,,00000
Meghalaya,47,274,East Khasi Hills,1994,1,Shella Bholaganj,,6,01994
Meghalaya,48,277,South Garo Hills,7332,8,Siju,,,00000
Meghalaya,49,274,East Khasi Hills,6542,3,Sohiong,,,00000
Meghalaya,50,273,East Garo Hills,1973,3,Songsak,,3,01973
Meghalaya,51,275,West Jaintia Hills,1996,3,Thadlaskein,,1,01996
Meghalaya,52,278,West Garo Hills,1964,2,Tikrikilla,,3,01964
Meghalaya,53,276,Ri Bhoi,1985,1,Umling,,1,01985
Meghalaya,54,276,Ri Bhoi,1987,5,Umsning,,2,01987
Meghalaya,55,657,East Jaintia Hills,1999,8,Wapung,WAPUNG,4,01999
Meghalaya,56,663,South West Garo Hills,1967,3,Zikzak,,6,01967
Meghalaya,,,,,,,,,
Meghalaya,"Sep 5, 2026, 6:45 PM",,,,,,,,
Mizoram,,,,,,(In English),(In Local),,
Mizoram,1,261,Aizawl,1904,1,Aibawk,,3,01904
Mizoram,2,263,Kolasib,1900,1,Bilkhawthlir,,0,01900
Mizoram,3,265,Lunglei,1912,3,Bunghmun,Bunghmun,0,01912
Mizoram,4,264,Lawngtlai,1918,5,Bungtlang South,Bungtlang South,0,01918
Mizoram,5,262,Champhai,1908,2,Champhai,,0,01908
Mizoram,6,264,Lawngtlai,1916,1,Chawngte,,1,01916
Mizoram,7,261,Aizawl,1902,2,Darlawn,,1,01902
Mizoram,8,268,Serchhip,1911,3,East Lungdar,,0,01911
Mizoram,9,726,Hnahthial,1915,3,Hnahthial,,4,01915
Mizoram,10,266,Mamit,7342,1,Kawrtethawveng,Kawrtethawveng,,00000
Mizoram,11,262,Champhai,1909,1,Khawbung,,3,01909
Mizoram,12,728,Khawzawl,1907,2,Khawzawl,,2,01907
Mizoram,13,264,Lawngtlai,1917,3,Lawngtlai,,2,01917
Mizoram,14,265,Lunglei,1914,3,Lunglei,,3,01914
Mizoram,15,265,Lunglei,1913,3,Lungsen,,2,01913
Mizoram,16,727,Saitual,1906,3,Ngopa,,1,01906
Mizoram,17,727,Saitual,1903,4,Phullen,,2,01903
Mizoram,18,266,Mamit,1898,1,Reiek,,3,01898
Mizoram,19,264,Lawngtlai,1919,1,Sangau,,1,01919
Mizoram,20,268,Serchhip,1910,2,Serchhip,,1,01910
Mizoram,21,267,Siaha,1921,2,Siaha,Siaha,0,01921
Mizoram,22,263,Kolasib,1899,2,Thingdawl,Thingdawl,1,01899
Mizoram,23,261,Aizawl,1905,3,Thingsulthliah,,91,01905
Mizoram,24,267,Siaha,1920,2,Tipa,Tipa,2,01920
Mizoram,25,265,Lunglei,7358,1,Tlabung,Tlabung,,00000
Mizoram,26,261,Aizawl,1901,3,Tlangnuam,,90,01901
Mizoram,27,266,Mamit,1897,2,West Phaileng,,0,01897
Mizoram,28,266,Mamit,1896,2,Zawlnuam,,1,01896
Mizoram,,,,,,,,,
Mizoram,"Sep 5, 2026, 6:46 PM",,,,,,,,
Nagaland,,,,,,(In English),(In Local),,
Nagaland,1,247,Mon,1750,1,Aboi,,7,01750
Nagaland,2,251,Zunheboto,1771,1,Aghunato,,5,01771
Nagaland,3,250,Wokha,1781,1,Aitepyong,,2,01781
Nagaland,4,251,Zunheboto,1774,1,Akuhaito,,0,01774
Nagaland,5,251,Zunheboto,1768,1,Akuluto,,2,01768
Nagaland,6,246,Mokokchung,1759,1,Alongkima,,2,01759
Nagaland,7,614,Kiphire,1836,2,Amahator,,14,01836
Nagaland,8,247,Mon,1754,1,Angjangyang,,0,01754
Nagaland,9,764,Niuland,1793,2,Aquqhnaqua,,0,01793
Nagaland,10,251,Zunheboto,1770,1,Asuto,,4,01770
Nagaland,11,613,Peren,1853,1,Athibung,,9,01853
Nagaland,12,251,Zunheboto,1773,1,Atoizu,,7,01773
Nagaland,13,250,Wokha,1783,1,Baghty,,4,01783
Nagaland,14,250,Wokha,1782,1,Bhandari,,3,01782
Nagaland,15,245,Kohima,1846,1,Botsa,,0,01846
Nagaland,16,250,Wokha,1780,1,Changpang,,1,01780
Nagaland,17,246,Mokokchung,1761,1,Changtongya,,4,01761
Nagaland,18,249,Tuensang,1815,1,Chare,,5,01815
Nagaland,19,247,Mon,1753,1,Chen,,10,01753
Nagaland,20,765,Shamator,1827,2,Chessore,,12,01827
Nagaland,21,248,Phek,1807,1,Chetheba,,6,01807
Nagaland,22,245,Kohima,1845,1,Chiephobozou,,2,01845
Nagaland,23,249,Tuensang,1822,1,Chingmei,,0,01822
Nagaland,24,248,Phek,1812,1,Chizami,,10,01812
Nagaland,25,248,Phek,1806,1,Chozuba,,5,01806
Nagaland,26,246,Mokokchung,1762,1,Chuchuyimlang,,5,01762
Nagaland,27,250,Wokha,1791,1,Chukitong,,11,01791
Nagaland,28,758,Chumoukedima,1797,10,Chumukedima,,5,01797
Nagaland,29,757,Tseminyu,5987,2,Chunlikha,,,00000
Nagaland,30,758,Chumoukedima,1798,3,Dhansiripar,,6,01798
Nagaland,31,244,Dimapur,1796,7,Dimapur Sadar,,4,01796
Nagaland,32,250,Wokha,1790,1,Englan,,0,01790
Nagaland,33,251,Zunheboto,1776,1,Ghathashi,,9,01776
Nagaland,34,247,Mon,1746,1,Hunta,,3,01746
Nagaland,35,245,Kohima,1848,1,Jakhama,,4,01848
Nagaland,36,613,Peren,1852,1,Jalukie,,8,01852
Nagaland,37,613,Peren,1854,1,Kebai Khelma,,0,01854
Nagaland,38,245,Kohima,1847,1,Kezocha,,3,01847
Nagaland,39,248,Phek,1811,1,Khezhakeno,,9,01811
Nagaland,40,614,Kiphire,1842,1,Khongsa,,0,01842
Nagaland,41,248,Phek,1802,1,Khuza,,0,01802
Nagaland,42,248,Phek,5991,1,Kikruma,,,00000
Nagaland,43,614,Kiphire,1837,2,Kiphire Sadar,,15,01837
Nagaland,44,614,Kiphire,1838,1,Kiusam,,17,01838
Nagaland,45,245,Kohima,1849,1,Kohima Sadar,,5,01849
Nagaland,46,246,Mokokchung,1763,1,Kubolong,,6,01763
Nagaland,47,764,Niuland,1794,3,Kuhoboto,,2,01794
Nagaland,48,246,Mokokchung,1758,1,Longchem,,1,01758
Nagaland,49,249,Tuensang,1816,1,Longkhim,,6,01816
Nagaland,50,615,Longleng,1833,1,Longleng,,3,01833
Nagaland,51,614,Kiphire,1840,1,Longmatra,,19,01840
Nagaland,52,247,Mon,1751,1,Longshen,,8,01751
Nagaland,53,250,Wokha,1786,1,Lotsu,,7,01786
Nagaland,54,765,Shamator,1828,2,Mangko,,0,01828
Nagaland,55,246,Mokokchung,1764,1,Mangkolemba,,7,01764
Nagaland,56,758,Chumoukedima,1799,3,Medziphema,,7,01799
Nagaland,57,788,Meluri,1803,2,Meluri,,3,01803
Nagaland,58,246,Mokokchung,1765,1,Merangmen,,0,01765
Nagaland,59,247,Mon,1748,1,Mon Sadar,,5,01748
Nagaland,60,247,Mon,1757,1,Monyakshu,,14,01757
Nagaland,61,247,Mon,1755,1,Mopong,,12,01755
Nagaland,62,247,Mon,1744,1,Naginimora,,1,01744
Nagaland,63,615,Longleng,1831,1,Namsang,,0,01831
Nagaland,64,249,Tuensang,1818,1,Ngoungchung,,0,01818
Nagaland,65,764,Niuland,1795,2,Nihokhu,,3,01795
Nagaland,66,764,Niuland,1792,3,Niuland,,1,01792
Nagaland,67,736,Noklak,1823,2,Nokhu,,0,01823
Nagaland,68,736,Noklak,1821,2,Noklak,,8,01821
Nagaland,69,249,Tuensang,1814,1,Noksen,,4,01814
Nagaland,70,613,Peren,1855,1,Nsong,,10,01855
Nagaland,71,246,Mokokchung,1766,1,Ongpangkong,,8,01766
Nagaland,72,246,Mokokchung,5989,1,Ongpangkong (N),,,00000
Nagaland,73,736,Noklak,1824,2,Panso,,9,01824
Nagaland,74,613,Peren,1851,1,Pedi (Ngwalwa),,0,01851
Nagaland,75,613,Peren,1857,1,Peren,,12,01857
Nagaland,76,248,Phek,1809,1,Pfutsero,,8,01809
Nagaland,77,248,Phek,1801,1,Phek Sadar,,2,01801
Nagaland,78,788,Meluri,1805,2,Phokhungri,,4,01805
Nagaland,79,247,Mon,1752,1,Phomching,,9,01752
Nagaland,80,788,Meluri,1804,2,Phor,,0,01804
Nagaland,81,251,Zunheboto,1775,1,Pughoboto,,8,01775
Nagaland,82,614,Kiphire,1841,1,Pungro,,20,01841
Nagaland,83,250,Wokha,1787,1,Ralan,,8,01787
Nagaland,84,248,Phek,1813,1,Razieba,,0,01813
Nagaland,85,248,Phek,1808,1,Sakraba,,7,01808
Nagaland,86,615,Longleng,1834,1,Sakshi,,0,01834
Nagaland,87,249,Tuensang,1819,1,Sangsangnyu,,0,01819
Nagaland,88,250,Wokha,1785,1,Sanis,,6,01785
Nagaland,89,251,Zunheboto,1778,1,Saptiqa,,0,01778
Nagaland,90,251,Zunheboto,1777,1,Satakha,,10,01777
Nagaland,91,251,Zunheboto,1779,1,Satoi,,11,01779
Nagaland,92,245,Kohima,1850,2,Sechu-Zubza,,0,01850
Nagaland,93,248,Phek,1800,1,Sekruzu,,1,01800
Nagaland,94,614,Kiphire,1835,1,Seyochung,,13,01835
Nagaland,95,765,Shamator,1825,2,Shamator,,10,01825
Nagaland,96,247,Mon,1747,1,Shangnyu,,4,01747
Nagaland,97,614,Kiphire,1839,2,Sitimi,,18,01839
Nagaland,98,765,Shamator,1820,3,Sotokur,,0,01820
Nagaland,99,250,Wokha,1784,1,Sungro,,5,01784
Nagaland,100,251,Zunheboto,1769,1,Suruhuto,,0,01769
Nagaland,101,615,Longleng,1830,1,Tamlu,,1,01830
Nagaland,102,613,Peren,1856,1,Tening,,11,01856
Nagaland,103,736,Noklak,1829,2,Thonoknyu,,16,01829
Nagaland,104,247,Mon,1745,1,Tizit,,2,01745
Nagaland,105,247,Mon,1756,1,Tobu,,13,01756
Nagaland,106,251,Zunheboto,5988,1,Tokiye,,,00000
Nagaland,107,757,Tseminyu,1843,2,Tseminyu,,1,01843
Nagaland,108,757,Tseminyu,1844,2,Tsogin,,0,01844
Nagaland,109,246,Mokokchung,5990,1,Tsurangkong,,,00000
Nagaland,110,765,Shamator,1826,4,Tsurungto,,11,01826
Nagaland,111,249,Tuensang,1817,1,Tuensang Sadar,,7,01817
Nagaland,112,246,Mokokchung,1760,1,Tuli,,3,01760
Nagaland,113,251,Zunheboto,1767,1,V.K.,,1,01767
Nagaland,114,247,Mon,1749,1,Wakching,,6,01749
Nagaland,115,788,Meluri,5992,2,Weziho,,,00000
Nagaland,116,250,Wokha,1789,1,Wokha Sadar,,10,01789
Nagaland,117,250,Wokha,1788,1,Wozhuro,,9,01788
Nagaland,118,615,Longleng,1832,1,Yongnyah,,0,01832
Nagaland,119,248,Phek,1810,1,Zuketsa,,0,01810
Nagaland,120,251,Zunheboto,1772,1,Zunheboto Sadar,,6,01772
Nagaland,,,,,,,,,
Nagaland,"Sep 5, 2026, 6:47 PM",,,,,,,,
Odisha,,,,,,(In English),(In Local),,
Odisha,1,360,Kendrapada,2925,2,Aali,,2,02925
Odisha,2,345,Balangir,7452,2,Agalpur,ଆଗଲପୁର,,00000
Odisha,3,347,Baragada,2768,1,Ambabhona,,13,02768
Odisha,4,361,Kendujhar,2854,6,Anandapur,,19,02854
Odisha,5,344,Anugola,3011,18,Anugola,ଅନୁଗୋଳ,12,03011
Odisha,6,354,Ganjam,3078,6,Asika,,7,03078
Odisha,7,369,Puri,3060,3,Astaranga,,5,03060
Odisha,8,350,Kataka,2950,5,Athagada,ଆଠଗଡ଼,12,02950
Odisha,9,344,Anugola,3017,5,Athmallik,,20,03017
Odisha,10,347,Baragada,2769,1,Attabira,,14,02769
Odisha,11,350,Kataka,2946,1,Badamba,ବଡମ୍ବା,16,02946
Odisha,12,365,Mayurbhanj,2882,2,Badasahi,ବଡ଼ସାହି,19,02882
Odisha,13,365,Mayurbhanj,2859,4,Bahalda,,2,02859
Odisha,14,346,Baleshwar,7500,3,Bahanaga,ବାହାନଗା,,00000
Odisha,15,345,Balangir,3142,5,Balangir,,11,03142
Odisha,16,346,Baleshwar,7510,12,Baleshwar,ବାଲେଶ୍ୱର,,00000
Odisha,17,362,Khordha,3042,2,Balianta,,7,03042
Odisha,18,346,Baleshwar,2893,8,Baliapal,,4,02893
Odisha,19,359,Kandhamala,3119,9,Baliguda,,9,03119
Odisha,20,355,Jagatsinghapur,2943,2,Balikuda,,5,02943
Odisha,21,362,Khordha,3043,2,Balipatna,,8,03043
Odisha,22,373,Sundaragada,7468,3,Balisankara,ବାଲିଶଙ୍କରା,,00000
Odisha,23,371,Sambalpur,7461,3,Bamara,ବାମରା,,00000
Odisha,24,362,Khordha,3054,3,Banapur,,14,03054
Odisha,25,344,Anugola,3010,9,Banarpal,,11,03010
Odisha,26,363,Koraput,3205,1,Bandhugaon,,6,03205
Odisha,27,373,Sundaragada,2830,5,Banei,,26,02830
Odisha,28,365,Mayurbhanj,2875,3,Bangiriposi,,8,02875
Odisha,29,345,Balangir,3150,4,Bangomunda,,5,03150
Odisha,30,350,Kataka,2948,3,Banki,,0014,02948
Odisha,31,361,Kendujhar,7493,6,Banspal,ବାଂଶପାଳ,,00000
Odisha,32,348,Bhadrak,2911,5,Banta,ବନ୍ତ,2,02911
Odisha,33,347,Baragada,2765,2,Baragada,ବରଗଡ,11,02765
Odisha,34,373,Sundaragada,2812,2,Baragaon,,8,02812
Odisha,35,350,Kataka,2951,3,Barang,,11,02951
Odisha,36,361,Kendujhar,2834,7,Barbil,,4,02834
Odisha,37,356,Jajpur,2985,4,Bari,ବରୀ,7,02985
Odisha,38,365,Mayurbhanj,2872,7,Baripada,ବାରିପଦା,12,02872
Odisha,39,351,Debagada,2801,6,Barkot,,2,02801
Odisha,40,347,Baragada,2763,1,Barpali,ବରପାଲି,9,02763
Odisha,41,346,Baleshwar,2895,9,Basta,,6,02895
Odisha,42,348,Bhadrak,2915,2,Basudevpur,ବାସୁଦେବପୁର,11,02915
Odisha,43,362,Khordha,3035,6,Begunia,,2,03035
Odisha,44,354,Ganjam,7489,6,Bellaguntha,ବେଲଗୁଣ୍ଠା,,00000
Odisha,45,345,Balangir,3147,2,Belpara,,3,03147
Odisha,46,354,Ganjam,3093,7,Berhampur,ବ୍ରହ୍ମପୁର,15,03093
Odisha,47,365,Mayurbhanj,2881,6,Betnoti,ବେତନଟୀ,16,02881
Odisha,48,348,Bhadrak,2914,4,Bhadrak,ଭଦ୍ରକ,3,02914
Odisha,49,348,Bhadrak,2912,2,Bhandari Pokhari,,4,02912
Odisha,50,367,Nayagada,7482,2,Bhapur,ଭାପୁର,,00000
Odisha,51,347,Baragada,2767,1,Bhatli,,12,02767
Odisha,52,347,Baragada,2764,1,Bheden,,10,02764
Odisha,53,346,Baleshwar,2891,6,Bhograi,,3,02891
Odisha,54,352,Dhenkanal,2990,4,Bhuban,,1,02990
Odisha,55,362,Khordha,7498,11,Bhubaneswar,ଭୁବନେଶ୍ୱର,,00000
Odisha,56,365,Mayurbhanj,7476,7,Bijatala,ବିଜାତଳା,,00000
Odisha,57,347,Baragada,2762,1,Bijepur,,8,02762
Odisha,58,372,Subarnapur,3135,4,Binika,,6,03135
Odisha,59,356,Jajpur,2984,4,Binjharpur,,7,02984
Odisha,60,372,Subarnapur,3137,4,Biramaharajpur,,4,03137
Odisha,61,373,Sundaragada,2816,5,Biramitrapur,,12,02816
Odisha,62,355,Jagatsinghapur,2941,1,Biridi,,7,02941
Odisha,63,370,Rayagada,3175,7,Bishamakatak,,3,03175
Odisha,64,365,Mayurbhanj,2864,4,Bisoi,,7,02864
Odisha,65,373,Sundaragada,2818,3,Bisra,,14,02818
Odisha,66,368,Nuapada,3157,4,Boden,,5,03157
Odisha,67,363,Koraput,3211,4,Boipariguda,,17,03211
Odisha,68,362,Khordha,3034,3,Bolagad,,1,03034
Odisha,69,363,Koraput,3200,5,Boriguma,,2,03200
Odisha,70,349,Boudh,3130,10,Boudh,ବୌଦ୍ଧ,4,03130
Odisha,71,369,Puri,3067,2,Brahmagiri,,10,03067
Odisha,72,354,Ganjam,3072,3,Buguda,,2,03072
Odisha,73,359,Kandhamala,3116,7,Chakapada,,5,03116
Odisha,74,361,Kendujhar,2839,6,Champua,,6,02839
Odisha,75,366,Nabarangpur,3190,1,Chandahandi,,3,03190
Odisha,76,348,Bhadrak,2919,7,Chandbali,ଚାନ୍ଦବାଲି,8,02919
Odisha,77,370,Rayagada,3174,5,Chandrapur,,2,03174
Odisha,78,354,Ganjam,3085,6,Chhatrapur,,13,03085
Odisha,79,344,Anugola,3014,6,Chhendipada,,16,03014
Odisha,80,354,Ganjam,7487,4,Chikiti,ଚିକିଟି,,00000
Odisha,81,362,Khordha,7497,4,Chilika,ଚିଲିକା,,00000
Odisha,82,364,Malkangiri,3223,8,Chitrakonda,,4,03223
Odisha,83,350,Kataka,2962,8,Cuttack,କଟକ,7,02962
Odisha,84,366,Nabarangpur,3192,5,Dabugan,,5,03192
Odisha,85,356,Jajpur,7475,7,Dangadi,ଦାନଗଦି,,00000
Odisha,86,359,Kandhamala,3125,9,Daringbadi,,14,03125
Odisha,87,356,Jajpur,7474,5,Darpan,ଦର୍ପଣ,,00000
Odisha,88,363,Koraput,3202,3,Dasamantapur,,4,03202
Odisha,89,367,Nayagada,3023,3,Dasapalla,,1,03023
Odisha,90,356,Jajpur,7473,3,Dasarathpur,ଦଶରଥପୁର,,00000
Odisha,91,351,Debagada,2800,8,Debagarh,,1,02800
Odisha,92,369,Puri,3056,4,Delanga,,1,03056
Odisha,93,345,Balangir,7453,2,Deogaon,ଦେଓଗାଁ,,00000
Odisha,94,360,Kendrapada,2930,3,Derabish,,4,02930
Odisha,95,348,Bhadrak,2913,3,Dhamnagar,ମନଗର,5,02913
Odisha,96,354,Ganjam,3079,7,Dharakote,,7,03079
Odisha,97,358,Kalahandi,3168,4,Dharamgarh,,2,03168
Odisha,98,356,Jajpur,2979,8,Dharmasala,,10,02979
Odisha,99,352,Dhenkanal,2999,5,Dhenkanal Sadar,,9,02999
Odisha,100,354,Ganjam,3096,6,Digapahandi,,16,03096
Odisha,101,350,Kataka,7501,2,Dompada,ଡମପଡା,,00000
Odisha,102,355,Jagatsinghapur,2938,3,Ersama,,3,02938
Odisha,103,347,Baragada,2759,2,Gaisilet,,5,02759
Odisha,104,352,Dhenkanal,2991,5,Gandia,,10,02991
Odisha,105,367,Nayagada,3022,1,Gania,,2,03022
Odisha,106,354,Ganjam,3086,10,Ganjam,,12,03086
Odisha,107,360,Kendrapada,7499,5,Garadpur,ଗରଦପୁର,,00000
Odisha,108,361,Kendujhar,2853,4,Ghasipura,,16,02853
Odisha,109,361,Kendujhar,2850,3,Ghatgaon,,10,02850
Odisha,110,354,Ganjam,7490,5,Ghumusar,ଘୁମୁସର,,00000
Odisha,111,358,Kalahandi,3167,4,Golamunda,,2,03167
Odisha,112,369,Puri,3062,8,Gop,,4,03062
Odisha,113,365,Mayurbhanj,7480,8,Gopabandhunagar,ଗୋପବନ୍ଧୁ ନଗର,,00000
Odisha,114,370,Rayagada,3184,7,Gudari,,4,03184
Odisha,115,359,Kandhamala,3114,7,G.Udayagiri,,5,03114
Odisha,116,353,Gajapati,7505,7,Gumma,ଗୁମା,,00000
Odisha,117,370,Rayagada,3183,5,Gunupur,,7,03183
Odisha,118,373,Sundaragada,2828,4,Gurundia,,24,02828
Odisha,119,349,Boudh,3132,7,Harabhanga,ହରଭଙ୍ଗା,6,03132
Odisha,120,361,Kendujhar,2851,4,Harichandanpur,,14,02851
Odisha,121,361,Kendujhar,7494,5,Hatadihi,ହାଟଡିହି,,00000
Odisha,122,373,Sundaragada,2804,1,Hemgir,,1,02804
Odisha,123,352,Dhenkanal,2997,4,Hindol,,7,02997
Odisha,124,354,Ganjam,3090,7,Hinjili,,21,03090
Odisha,125,354,Ganjam,3073,4,Jagannath Prasad,,4,03073
Odisha,126,355,Jagatsinghapur,2940,4,Jagatsinghapur,,7,02940
Odisha,127,356,Jajpur,2977,7,Jajpur,ଯାଜପୁର,5,02977
Odisha,128,346,Baleshwar,2890,10,Jaleswar,,2,02890
Odisha,129,371,Sambalpur,2792,4,Jamankira,,4,02792
Odisha,130,365,Mayurbhanj,2860,3,Jamda,,2,02860
Odisha,131,365,Mayurbhanj,2867,2,Jashipur,,27,02867
Odisha,132,362,Khordha,3049,4,Jatani,,10,03049
Odisha,133,358,Kalahandi,3170,3,Jayapatna,,11,03170
Odisha,134,363,Koraput,3209,4,Jeypore,,18,03209
Odisha,135,347,Baragada,2756,2,Jharbandh,ଝାରବନ୍ଧ,2,02756
Odisha,136,366,Nabarangpur,3191,4,Jharigan,,4,03191
Odisha,137,357,Jharsuguda,2776,5,Jharsuguda,,7,02776
Odisha,138,361,Kendujhar,2840,5,Jhumpura,,6,02840
Odisha,139,371,Sambalpur,2794,3,Jujomura,,9,02794
Odisha,140,358,Kalahandi,3166,3,Junagarh,,10,03166
Odisha,141,354,Ganjam,3080,4,Kabisuryanagar,,9,03080
Odisha,142,369,Puri,3059,4,Kakatpur,,5,03059
Odisha,143,358,Kalahandi,7507,8,Kalahandi,କଳାହାଣ୍ଡି,,00000
Odisha,144,358,Kalahandi,7508,3,Kalampur,କଲମପୁର,,00000
Odisha,145,364,Malkangiri,3227,7,Kalimela,,6,03227
Odisha,146,370,Rayagada,3176,7,Kalyanasingpur,,9,03176
Odisha,147,352,Dhenkanal,2988,5,Kamakshyanagar,,2,02988
Odisha,148,369,Puri,7466,3,Kanas,କଣାସ,,00000
Odisha,149,359,Kandhamala,7495,7,Kandhamal,କନ୍ଧମାଳ,,00000
Odisha,150,344,Anugola,3003,7,Kaniha,,4,03003
Odisha,151,354,Ganjam,7486,4,Kanisi,କନିସି,,00000
Odisha,152,352,Dhenkanal,2989,3,Kankadahad,,2,02989
Odisha,153,345,Balangir,3149,4,Kantabanji,,4,03149
Odisha,154,349,Boudh,3127,6,Kantamal,,1,03127
Odisha,155,350,Kataka,7502,4,Kantapada,କଣ୍ଟାପଡା,,00000
Odisha,156,365,Mayurbhanj,2885,4,Kaptipada,,22,02885
Odisha,157,365,Mayurbhanj,2870,1,Karanjia,,26,02870
Odisha,158,358,Kalahandi,7509,2,Karlamunda,କର୍ଲ୲ମୁଣ୍ଡା,,00000
Odisha,159,370,Rayagada,3177,7,Kashipur,,10,03177
Odisha,160,353,Gajapati,3104,3,Kasinagar,,6,03104
Odisha,161,360,Kendrapada,2927,6,Kendrapara,,0,02927
Odisha,162,361,Kendujhar,7492,2,Keonjhar,କେନ୍ଦୁଝର,,00000
Odisha,163,358,Kalahandi,3159,3,Kesinga,,5,03159
Odisha,164,346,Baleshwar,2906,4,Khaira,,16,02906
Odisha,165,364,Malkangiri,7469,7,Khairput,ଖଇରପୁଟ,,00000
Odisha,166,359,Kandhamala,3113,2,Khajuripada,,4,03113
Odisha,167,354,Ganjam,7485,10,Khallikote,ଖଲ୍ଲିକୋଟ,,00000
Odisha,168,367,Nayagada,3026,3,Khandapada,,3,03026
Odisha,169,345,Balangir,3145,3,Khaprakhol,,1,03145
Odisha,170,368,Nuapada,3156,2,Khariar,,4,03156
Odisha,171,362,Khordha,3036,4,Khordha,,3,03036
Odisha,172,365,Mayurbhanj,2883,7,Khunta,,20,02883
Odisha,173,357,Jharsuguda,7506,2,Kirmira,କିରିମିରା,,00000
Odisha,174,350,Kataka,2960,1,Kishannagar,,4,02960
Odisha,175,344,Anugola,3016,6,Kishorenagar,,18,03016
Odisha,176,359,Kandhamala,7496,8,K. Nuagaon,କ. ନୂଆଗାଁ,,00000
Odisha,177,371,Sambalpur,2782,6,Kochinda,,3,02782
Odisha,178,354,Ganjam,3082,9,Kodala,,10,03082
Odisha,179,366,Nabarangpur,3194,4,Kodinga,,10,03194
Odisha,180,373,Sundaragada,2826,4,Koida,,22,02826
Odisha,181,358,Kalahandi,3169,3,Kokasara,,1,03169
Odisha,182,357,Jharsuguda,2779,2,Kolabira,,9,02779
Odisha,183,370,Rayagada,7512,3,Kolnara,କୋଲନରା,,00000
Odisha,184,368,Nuapada,3155,3,Komna,,3,03155
Odisha,185,363,Koraput,3207,8,Koraput,,8,03207
Odisha,186,359,Kandhamala,3123,4,Kotagarh,,12,03123
Odisha,187,363,Koraput,3199,3,Kotpad,,1,03199
Odisha,188,369,Puri,3069,1,Krushna Prasad,,11,03069
Odisha,189,364,Malkangiri,7470,5,Kudumuluguma,କୁଡୁମୁଲୁଗୁମା,,00000
Odisha,190,355,Jagatsinghapur,2936,7,Kujang,,2,02936
Odisha,191,354,Ganjam,7484,5,Kukudakhandi,କୁକୁଡାଖଣ୍ଡି,,00000
Odisha,192,365,Mayurbhanj,7458,4,Kuliana,କୋଳିଅଣା,,00000
Odisha,193,363,Koraput,3210,3,Kundura,,19,03210
Odisha,194,365,Mayurbhanj,7478,3,Kusumi,କୁସୁମୀ,,00000
Odisha,195,373,Sundaragada,2813,4,Kutra,,9,02813
Odisha,196,373,Sundaragada,2827,7,Lahunipara,,23,02827
Odisha,197,357,Jharsuguda,2778,3,Laikera,,8,02778
Odisha,198,357,Jharsuguda,2771,4,Lakhanpur,,2,02771
Odisha,199,363,Koraput,3203,5,Lakshmipur,,5,03203
Odisha,200,358,Kalahandi,3162,9,Lanjigarh,,8,03162
Odisha,201,373,Sundaragada,2823,4,Lathikata,,19,02823
Odisha,202,373,Sundaragada,2805,4,Lephripara,,2,02805
Odisha,203,345,Balangir,3141,4,Loisinga,,12,03141
Odisha,204,363,Koraput,3212,8,Machh Kund,,16,03212
Odisha,205,358,Kalahandi,3160,2,Madanpur Rampur,,7,03160
Odisha,206,360,Kendrapada,2933,4,Mahakalapada,,6,02933
Odisha,207,350,Kataka,2956,1,Mahanga,,1,02956
Odisha,208,364,Malkangiri,3220,6,Malkangiri,,1,03220
Odisha,209,371,Sambalpur,7465,8,Maneswar,ମାନେଶ୍ୱର,,00000
Odisha,210,360,Kendrapada,2932,4,Marsaghai,,5,02932
Odisha,211,364,Malkangiri,3221,4,Mathili,,2,03221
Odisha,212,353,Gajapati,3101,8,Mohana,,2,03101
Odisha,213,365,Mayurbhanj,2878,4,Morada,ମୋରଡା,15,02878
Odisha,214,364,Malkangiri,3230,5,Motu,,8,03230
Odisha,215,370,Rayagada,3173,8,Muniguda,,2,03173
Odisha,216,345,Balangir,7454,6,Muribahal,ମୁରିବାହାଲ,,00000
Odisha,217,366,Nabarangpur,3196,6,Nabarangapur P.S,,9,03196
Odisha,218,371,Sambalpur,2798,3,Naktideul,,6,02798
Odisha,219,366,Nabarangpur,7481,5,Nandahandi,ନନ୍ଦାହାଣ୍ଡି,,00000
Odisha,220,363,Koraput,3214,12,Nandapur,,10,03214
Odisha,221,358,Kalahandi,3161,3,Narala,,6,03161
Odisha,222,363,Koraput,3204,2,Narayanpatana,,6,03204
Odisha,223,350,Kataka,2944,2,Narsinghpur,ନରସିଂହପୁର,18,02944
Odisha,224,355,Jagatsinghapur,2942,2,Naugaon,,0,02942
Odisha,225,367,Nayagada,3028,4,Nayagarh,,5,03028
Odisha,226,350,Kataka,2967,3,Niali,,5,02967
Odisha,227,346,Baleshwar,2903,4,Nilagiri,,12,02903
Odisha,228,369,Puri,3058,3,Nimapada,,3,03058
Odisha,229,350,Kataka,2958,4,Nischintakoili,,2,02958
Odisha,230,353,Gajapati,7504,3,Nuagad,ନୁଆଗଡ଼,,00000
Odisha,231,367,Nayagada,3025,3,Nuagaon,,6,03025
Odisha,232,368,Nuapada,3154,3,Nuapada,,2,03154
Odisha,233,367,Nayagada,3031,5,Odagaon,,7,03031
Odisha,234,352,Dhenkanal,7503,4,Odapada,ଓଡାପଡା,,00000
Odisha,235,346,Baleshwar,2905,4,Oupada,,14,02905
Odisha,236,347,Baragada,2757,6,Padampur,ପଦମପୁର,3,02757
Odisha,237,370,Rayagada,3185,6,Padmapur,,5,03185
Odisha,238,347,Baragada,2755,2,Paikmal,ପାଇକମାଳ,1,02755
Odisha,239,344,Anugola,3000,7,Palalahada,ପାଳଲହଡ଼ା,1,03000
Odisha,240,373,Sundaragada,7463,2,Panposh,ପାନପୋଷ,,00000
Odisha,241,366,Nabarangpur,3193,5,Paparahandi,,6,03193
Odisha,242,352,Dhenkanal,2987,3,Parajang,,3,02987
Odisha,243,353,Gajapati,3105,8,Paralakhemundi,,5,03105
Odisha,244,361,Kendujhar,2843,4,Patana,,9,02843
Odisha,245,345,Balangir,3144,2,Patnagarh,,10,03144
Odisha,246,354,Ganjam,7483,7,Patrapur,ପାତ୍ରପୁର,,00000
Odisha,247,360,Kendrapada,2926,3,Pattamundai,,3,02926
Odisha,248,359,Kandhamala,3118,1,Phiringia,,1,03118
Odisha,249,369,Puri,3057,3,Pipili,,2,03057
Odisha,250,354,Ganjam,3081,5,Polasara,,9,03081
Odisha,251,363,Koraput,3218,5,Pottangi,,13,03218
Odisha,252,345,Balangir,7455,2,Puintala,ପୁଇଁତଲା,,00000
Odisha,253,369,Puri,7467,4,Puri,ପୁରୀ,,00000
Odisha,254,354,Ganjam,3089,8,Purushottampur,ପୁରୁଷୋତ୍ତମପୁର,8,03089
Odisha,255,355,Jagatsinghapur,7513,3,Raghunathapur,ରଘୁନାଥପୁର,,00000
Odisha,256,366,Nabarangpur,3187,3,Raighar,,1,03187
Odisha,257,359,Kandhamala,3126,7,Raikia,,15,03126
Odisha,258,371,Sambalpur,2797,3,Rairakhol,,7,02797
Odisha,259,365,Mayurbhanj,2865,7,Rairangpur,,4,02865
Odisha,260,373,Sundaragada,2814,3,Rajagangapur,,10,02814
Odisha,261,360,Kendrapada,2922,1,Rajkanika,,1,02922
Odisha,262,360,Kendrapada,2923,2,Rajnagar,,7,02923
Odisha,263,370,Rayagada,7511,3,Ramanaguda,ରାମନାଗୁଡା,,00000
Odisha,264,372,Subarnapur,3134,4,Rampur,,7,03134
Odisha,265,367,Nayagada,3033,2,Ranapur,,9,03033
Odisha,266,365,Mayurbhanj,2868,4,Raruan,,28,02868
Odisha,267,365,Mayurbhanj,2879,1,Rasgobindpur,ରାସଗୋବିନ୍ଦପୁର,17,02879
Odisha,268,356,Jajpur,7471,6,Rasulpur,ରସୁଲପୁର,,00000
Odisha,269,370,Rayagada,3181,5,Rayagada,,8,03181
Odisha,270,353,Gajapati,3107,5,Rayagada,,8,03107
Odisha,271,351,Debagada,2803,9,Reamal,,4,02803
Odisha,272,346,Baleshwar,2902,11,Remuna,,10,02902
Odisha,273,371,Sambalpur,2785,5,Rengali,,17,02785
Odisha,274,373,Sundaragada,7462,2,Rourkela,ରାଉରକେଲା,,00000
Odisha,275,353,Gajapati,3102,7,R.Udayagiri,,3,03102
Odisha,276,361,Kendujhar,7491,3,Saharapada,ସାହାରପଡା,,00000
Odisha,277,345,Balangir,3148,2,Saintala,,8,03148
Odisha,278,350,Kataka,2957,4,Salepur,ସାଲେପୁର,1,02957
Odisha,279,371,Sambalpur,7464,8,Sambalpur,ସମ୍ବଲପୁର,,00000
Odisha,280,354,Ganjam,7488,6,Sanakhemundi,ସାନଖେମୁଣ୍ଡି,,00000
Odisha,281,365,Mayurbhanj,7479,3,Saraskana,ସାରସକଣା,,00000
Odisha,282,369,Puri,3064,3,Satyabadi,,7,03064
Odisha,283,365,Mayurbhanj,7457,7,Shamakhunta,ଶାମାଖୁଣ୍ଟା,,00000
Odisha,284,354,Ganjam,3092,7,Sheragada,ଶେରଗଡ଼,6,03092
Odisha,285,363,Koraput,3215,9,Similiguda,,11,03215
Odisha,286,346,Baleshwar,2908,5,Simulia,ସିମୁଳିଆ,17,02908
Odisha,287,368,Nuapada,3158,2,Sinapali,,6,03158
Odisha,288,347,Baragada,2761,2,Sohela,,7,02761
Odisha,289,372,Subarnapur,3139,4,Sonapur,,3,03139
Odisha,290,346,Baleshwar,2907,3,Sora,ସୋର,15,02907
Odisha,291,373,Sundaragada,7460,5,Subdega,ସବଡେ଼ଗା,,00000
Odisha,292,356,Jajpur,2969,4,Sukinda,,1,02969
Odisha,293,365,Mayurbhanj,7477,2,Sukruli,ଶୁକୃଳି,,00000
Odisha,294,365,Mayurbhanj,2877,3,Suliapada,,14,02877
Odisha,295,373,Sundaragada,2809,6,Sundargarh,,5,02809
Odisha,296,354,Ganjam,3076,3,Surada,,5,03076
Odisha,297,344,Anugola,3006,7,Talacher,ତାଳଚେର,7,03006
Odisha,298,373,Sundaragada,7459,2,Tangarpali,ଟାଙ୍ଗରପାଲି,,00000
Odisha,299,362,Khordha,3052,4,Tangi,,12,03052
Odisha,300,350,Kataka,2955,6,Tangi-Choudwar,ଟାଙ୍ଗି-ଚୌଦ୍ୱାର,8,02955
Odisha,301,372,Subarnapur,3140,3,Tarbha,,2,03140
Odisha,302,361,Kendujhar,2848,3,Telkoi,,1,02848
Odisha,303,366,Nabarangpur,3197,5,Tentulikhunti,,7,03197
Odisha,304,365,Mayurbhanj,2871,3,Thakurmunda,,25,02871
Odisha,305,358,Kalahandi,3171,2,Thuamul Rampur,,9,03171
Odisha,306,350,Kataka,2949,1,Tigiria,,13,02949
Odisha,307,348,Bhadrak,2917,1,Tihidi,,7,02917
Odisha,308,359,Kandhamala,3115,12,Tikabali,,6,03115
Odisha,309,365,Mayurbhanj,2858,2,Tiring,,1,02858
Odisha,310,355,Jagatsinghapur,2939,3,Tirtol,,4,02939
Odisha,311,345,Balangir,3152,4,Titlagarh,,7,03152
Odisha,312,359,Kandhamala,3121,4,Tumudibandha,,10,03121
Odisha,313,345,Balangir,3143,3,Tusura,ତୁଷୁରା,9,03143
Odisha,314,365,Mayurbhanj,2884,7,Udala,,21,02884
Odisha,315,372,Subarnapur,3136,3,Ulunda,,5,03136
Odisha,316,366,Nabarangpur,3189,4,Umarkote,,2,03189
Odisha,317,356,Jajpur,7472,4,Vyasanagar,ବ୍ୟାସନଗର,,00000
Odisha,,,,,,,,,
Odisha,"Sep 5, 2026, 6:48 PM",,,,,,,,
Puducherry,,,,,,(In English),(In Local),,
Puducherry,1,600,Puducherry,5912,1,Bahour,பாகூர்,5,05912
Puducherry,2,598,Karaikal,5914,1,Karaikal,காரைக்கால்,2,05914
Puducherry,3,600,Puducherry,5913,2,Mahe,മാഹി,0,05913
Puducherry,4,600,Puducherry,5910,2,Oulgaret,உழவர்கரை,3,05910
Puducherry,5,600,Puducherry,5909,1,Puducherry,புதுச்சேரி,2,05909
Puducherry,6,598,Karaikal,5915,1,Thirunallar,திருநள்ளாறு,1,05915
Puducherry,7,600,Puducherry,5911,1,Villianur,வில்லியனூர்,3,05911
Puducherry,8,600,Puducherry,5908,2,Yanam,యానాం,1,05908
Puducherry,,,,,,,,,
Puducherry,"Sep 5, 2026, 6:48 PM",,,,,,,,
Punjab,,,,,,(In English),(In Local),,
Punjab,1,651,Fazilka,238,3,Abohar,,5,00238
Punjab,2,34,Jalandhar,7192,4,Adampur,,,00000
Punjab,3,737,Malerkotla,6856,7,Ahmedgarh,,,00000
Punjab,4,27,Amritsar,255,5,Ajnala,,1,00255
Punjab,5,737,Malerkotla,7122,7,Amargarh,,,00000
Punjab,6,30,Fatehgarh Sahib,222,1,Amloh,,3,00222
Punjab,7,27,Amritsar,256,2,Amritsar -I,,2,00256
Punjab,8,27,Amritsar,257,1,Amritsar- II,,3,00257
Punjab,9,42,Rupnagar,262,1,Anandpur Sahib,ਅਨੰਦਪੁਰ ਸਾਹਿਬ,1,00262
Punjab,10,27,Amritsar,258,3,Baba Bakala,,7,00258
Punjab,11,38,Moga,232,1,Bagha Purana,,0002,00232
Punjab,12,40,Shahid Bhagat Singh Nagar,219,1,Balachaur,,2,00219
Punjab,13,40,Shahid Bhagat Singh Nagar,5993,1,Banga,,,00000
Punjab,14,605,Barnala,275,2,Barnala,,1,00275
Punjab,15,30,Fatehgarh Sahib,220,1,Bassi Pathana,,1,00220
Punjab,16,32,Gurdaspur,203,3,Batala,,4,00203
Punjab,17,28,Bathinda,245,3,Bathinda,ਬਠਿੰਡਾ,2,00245
Punjab,18,43,Sangrur,6855,2,Bhawanigarh,BHAWANIGARH,,00000
Punjab,19,609,Tarn Taran,6853,2,Bhikhiwind,ਭਿਖੀਵਿੰਡ,,00000
Punjab,20,35,Kapurthala,205,1,Bhulath,,1,00205
Punjab,21,37,Mansa,248,2,Budhlada,ਬੁਢਲਾਡਾ,2,00248
Punjab,22,42,Rupnagar,265,4,Chamkaur Sahib,ਚਮਕੌਰ ਸਾਹਿਬ,0,00265
Punjab,23,33,Hoshiarpur,214,5,Dasua,,1,00214
Punjab,24,32,Gurdaspur,204,1,Dera Baba Nanak,,5,00204
Punjab,25,608,S.A.S Nagar,268,8,Dera Bassi,,5,00268
Punjab,26,38,Moga,5996,2,Dharamkot,,,00000
Punjab,27,662,Pathankot,200,2,Dhar Kalan,,1,00200
Punjab,28,43,Sangrur,270,7,Dhuri,,3,00270
Punjab,29,32,Gurdaspur,6860,4,Dinanagar,Dinanagar,,00000
Punjab,30,43,Sangrur,6852,1,Dirba,,,00000
Punjab,31,41,Patiala,6849,3,Dudhan Sadhan,,,00000
Punjab,32,29,Faridkot,242,4,Faridkot,,1,00242
Punjab,33,32,Gurdaspur,7191,1,Fatehgarh Churian,,,00000
Punjab,34,30,Fatehgarh Sahib,221,1,Fatehgarh Sahib,,2,00221
Punjab,35,651,Fazilka,237,3,Fazilka,,4,00237
Punjab,36,31,Ferozepur,235,14,Firozpur,,0,00235
Punjab,37,33,Hoshiarpur,217,1,Garhshankar,,4,00217
Punjab,38,39,Sri Muktsar Sahib,240,1,Gidderbaha,,0,00240
Punjab,39,32,Gurdaspur,202,7,Gurdaspur,,3,00202
Punjab,40,31,Ferozepur,6011,18,Guruharsahai,,,00000
Punjab,41,33,Hoshiarpur,216,1,Hoshiarpur,,3,00216
Punjab,42,36,Ludhiana,230,1,Jagraon,,7,00230
Punjab,43,29,Faridkot,243,1,Jaitu,,2,00243
Punjab,44,651,Fazilka,236,15,Jalalabad,,3,00236
Punjab,45,34,Jalandhar,212,4,Jalandhar - I,,4,00212
Punjab,46,34,Jalandhar,213,2,Jalandhar - II,,0005,00213
Punjab,47,32,Gurdaspur,6859,2,Kalanaur,Kalanaur,,00000
Punjab,48,35,Kapurthala,206,1,Kapurthala,,2,00206
Punjab,49,609,Tarn Taran,261,1,Khadur Sahib,,6,00261
Punjab,50,30,Fatehgarh Sahib,223,1,Khamanon,,4,00223
Punjab,51,36,Ludhiana,225,1,Khanna,,2,00225
Punjab,52,608,S.A.S Nagar,266,1,Kharar,,3,00266
Punjab,53,29,Faridkot,5984,3,Kotkapura,ਕੋਟਕਪੂਰਾ,,00000
Punjab,54,43,Sangrur,273,1,Lehra,,0,00273
Punjab,55,27,Amritsar,7341,4,Lopoke,,,00000
Punjab,56,36,Ludhiana,227,1,Ludhiana (East),,4,00227
Punjab,57,36,Ludhiana,228,1,Ludhiana (West),,5,00228
Punjab,58,27,Amritsar,6854,1,Majitha,Majitha,,00000
Punjab,59,737,Malerkotla,269,18,Malerkotla,,2,00269
Punjab,60,39,Sri Muktsar Sahib,239,1,Malout,,1,00239
Punjab,61,37,Mansa,249,2,Mansa,ਮਾਨਸਾ,3,00249
Punjab,62,28,Bathinda,6858,2,Maur,,,00000
Punjab,63,605,Barnala,7409,1,Mehal Kalan,ਮਹਿਲ ਕਲਾਂ,,00000
Punjab,64,38,Moga,233,3,Moga,,3,00233
Punjab,65,43,Sangrur,274,1,Moonak,,6,00274
Punjab,66,42,Rupnagar,6857,3,Morinda,,,00000
Punjab,67,33,Hoshiarpur,215,1,Mukerian,,2,00215
Punjab,68,41,Patiala,252,1,Nabha,,2,00252
Punjab,69,34,Jalandhar,210,1,Nakodar,,2,00210
Punjab,70,42,Rupnagar,263,1,Nangal,ਨੰਗਲ,0,00263
Punjab,71,40,Shahid Bhagat Singh Nagar,218,2,Nawanshahr,,1,00218
Punjab,72,38,Moga,231,1,Nihal Singhwala,,1,00231
Punjab,73,662,Pathankot,201,2,Pathankot,,2,00201
Punjab,74,41,Patiala,253,4,Patiala,,3,00253
Punjab,75,41,Patiala,251,1,Patran,,0,00251
Punjab,76,609,Tarn Taran,260,4,Patti,,5,00260
Punjab,77,36,Ludhiana,226,1,Payal,,3,00226
Punjab,78,35,Kapurthala,208,1,Phagwara,,4,00208
Punjab,79,34,Jalandhar,211,1,Phillaur,,3,00211
Punjab,80,36,Ludhiana,229,1,Raikot,,6,00229
Punjab,81,41,Patiala,254,12,Rajpura,,4,00254
Punjab,82,28,Bathinda,244,3,Rampura Phul,ਰਾਮਪੁਰਾ ਫੁਲ,1,00244
Punjab,83,42,Rupnagar,264,1,Rup Nagar,ਰੂਪਨਗਰ,2,00264
Punjab,84,41,Patiala,250,1,Samana,,1,00250
Punjab,85,36,Ludhiana,224,1,Samrala,,1,00224
Punjab,86,43,Sangrur,271,3,Sangrur,,4,00271
Punjab,87,37,Mansa,247,2,Sardulgarh,ਸਰਦੂਲਗੜ,1,00247
Punjab,88,608,S.A.S Nagar,267,13,Sas Nagar (Mohali),,0,00267
Punjab,89,34,Jalandhar,209,1,Shahkot,,1,00209
Punjab,90,39,Sri Muktsar Sahib,241,2,Sri Muktsar Sahib,ਸ੍ਰੀ ਮੁਕਤਸਰ ਸਾਹਿਬ,3,00241
Punjab,91,35,Kapurthala,207,1,Sultanpur Lodhi,,3,00207
Punjab,92,43,Sangrur,272,2,Sunam,,5,00272
Punjab,93,28,Bathinda,246,3,Talwandi Sabo,ਤਲਵੰਡੀ ਸਾਬੋ,3,00246
Punjab,94,33,Hoshiarpur,7193,3,Tanda,,,00000
Punjab,95,605,Barnala,276,1,Tapa,,0,00276
Punjab,96,609,Tarn Taran,259,2,Tarn Taran,,0004,00259
Punjab,97,31,Ferozepur,234,1,Zira,,1,00234
Punjab,,,,,,,,,
Punjab,"Sep 5, 2026, 6:49 PM",,,,,,,,
Rajasthan,,,,,,(In English),(In Local),,
Rajasthan,1,772,Phalodi,7146,4,Aau,आऊ,,00000
Rajasthan,2,88,Banswara,6612,1,Abapura,Abapura,,00000
Rajasthan,3,115,Sirohi,595,3,Abu Road,,4,00595
Rajasthan,4,104,Jalore,586,3,Ahore,,2,00586
Rajasthan,5,86,Ajmer,607,5,Ajmer,,2,00607
Rajasthan,6,105,Jhalawar,680,2,Aklera,,3,00680
Rajasthan,7,116,Tonk,7371,3,Aligarh,अलीगढ़,,00000
Rajasthan,8,87,Alwar,499,5,Alwar,,7,00499
Rajasthan,9,102,Jaipur,547,5,Amber,,10,00547
Rajasthan,10,112,Rajsamand,641,7,Amet,,3,00641
Rajasthan,11,88,Banswara,6061,1,Anandpuri,ANANDPURI,,00000
Rajasthan,12,102,Jaipur,7140,7,Andhi,आंधी,,00000
Rajasthan,13,89,Baran,671,2,Anta,अन्‍ता,2,00671
Rajasthan,14,92,Bhilwara,7362,10,Antali,अंटाली,,00000
Rajasthan,15,100,Ganganagar,462,10,Anupgarh,,6,00462
Rajasthan,16,86,Ajmer,6659,11,Arain,Arain,,00000
Rajasthan,17,629,Pratapgarh,700,3,Arnod,,13,00700
Rajasthan,18,88,Banswara,6922,8,Arthuna,अरथूना,,00000
Rajasthan,19,92,Bhilwara,627,14,Asind,,1,00627
Rajasthan,20,105,Jhalawar,6055,4,Asnawar,ASNAWAR,,00000
Rajasthan,21,99,Dungarpur,647,2,Aspur,,2,00647
Rajasthan,22,89,Baran,673,2,Atru,अटरु,4,00673
Rajasthan,23,117,Udaipur,6903,4,Badgaon,बडगॉव,,00000
Rajasthan,24,774,Beawar,6066,7,Badnor,Badnor,,00000
Rajasthan,25,88,Banswara,653,5,Bagidora,,4,00653
Rajasthan,26,104,Jalore,589,4,Bagora,,5,00589
Rajasthan,27,97,Dausa,7134,4,Bahrawanda,बहरावण्डा,,00000
Rajasthan,28,97,Dausa,7135,5,Baijupara,बैजूपाडा,,00000
Rajasthan,29,93,Bikaner,6913,2,Bajju,बज्जू,,00000
Rajasthan,30,105,Jhalawar,6666,1,Bakani,Bakani,,00000
Rajasthan,31,107,Jodhpur,6049,11,Balesar,Balesar,,00000
Rajasthan,32,108,Karauli,7360,3,Balghat,बालघाट,,00000
Rajasthan,33,111,Pali,605,1,Bali,,9,00605
Rajasthan,34,113,Sawai Madhopur,527,5,Bamanwas,,2,00527
Rajasthan,35,97,Dausa,7210,8,Bandikui,बाँदीकुई,,00000
Rajasthan,36,92,Bhilwara,630,4,Banera,,4,00630
Rajasthan,37,782,Kotputli-Behror,500,4,Bansur,,8,00500
Rajasthan,38,88,Banswara,652,6,Banswara,,3,00652
Rajasthan,39,107,Jodhpur,6047,10,Baori,Baori,,00000
Rajasthan,40,772,Phalodi,6048,50,Bap,Bap,,00000
Rajasthan,41,772,Phalodi,6916,9,Bapini,बापिणी,,00000
Rajasthan,42,89,Baran,672,1,Baran,बारां,3,00672
Rajasthan,43,117,Udaipur,7361,3,Barapal,बारापाल,,00000
Rajasthan,44,98,Dholpur,516,1,Bari,,2,00516
Rajasthan,45,95,Chittorgarh,664,1,Bari Sadri,,11,00664
Rajasthan,46,90,Barmer,582,6,Barmer,,6,00582
Rajasthan,47,90,Barmer,7131,5,Barmer Gramin,बाड़मेर ग्रामीण,,00000
Rajasthan,48,113,Sawai Madhopur,7224,4,Barnala,बरनाला,,00000
Rajasthan,49,98,Dholpur,7372,2,Basai Nawab,बसई नवाब,,00000
Rajasthan,50,98,Dholpur,515,2,Baseri,,1,00515
Rajasthan,51,102,Jaipur,549,5,Bassi,,12,00549
Rajasthan,52,95,Chittorgarh,7133,2,Bassi,बस्सी,,00000
Rajasthan,53,97,Dausa,533,11,Baswa,Baswa,1,00533
Rajasthan,54,90,Barmer,7363,6,Batadoo,बाटाडू,,00000
Rajasthan,55,91,Bharatpur,513,1,Bayana,,9,00513
Rajasthan,56,90,Barmer,578,12,Baytoo,,2,00578
Rajasthan,57,774,Beawar,609,6,Beawar,,4,00609
Rajasthan,58,95,Chittorgarh,657,1,Begun,,3,00657
Rajasthan,59,782,Kotputli-Behror,493,4,Behror,,1,00493
Rajasthan,60,95,Chittorgarh,662,1,Bhadesar,,8,00662
Rajasthan,61,101,Hanumangarh,472,1,Bhadra,,7,00472
Rajasthan,62,104,Jalore,7217,2,Bhadrajun,भाद्राजून,,00000
Rajasthan,63,97,Dausa,7373,4,Bhandarej,भाण्‍डारेज,,00000
Rajasthan,64,96,Churu,7209,4,Bhanipura,भानीपुरा,,00000
Rajasthan,65,103,Jaisalmer,6040,6,Bhaniyana,Bhaniyana,,00000
Rajasthan,66,91,Bharatpur,511,1,Bharatpur,,7,00511
Rajasthan,67,92,Bhilwara,634,8,Bhilwara,,8,00634
Rajasthan,68,112,Rajsamand,639,3,Bhim,,1,00639
Rajasthan,69,86,Ajmer,612,3,Bhinay,,7,00612
Rajasthan,70,117,Udaipur,6917,9,Bhinder,भिण्डर,,00000
Rajasthan,71,104,Jalore,588,3,Bhinmal,,4,00588
Rajasthan,72,107,Jodhpur,569,9,Bhopalgarh,,3,00569
Rajasthan,73,95,Chittorgarh,6057,10,Bhupalsagar,भूपालसागर,,00000
Rajasthan,74,91,Bharatpur,6665,5,Bhusawar,Bhusawar,,00000
Rajasthan,75,99,Dungarpur,6058,17,Bichhiwara,बिछीवाडा,,00000
Rajasthan,76,96,Churu,6426,2,Bidasar,बीदासर,,00000
Rajasthan,77,92,Bhilwara,638,7,Bijoliya,Bijoliya,12,00638
Rajasthan,78,93,Bikaner,473,1,Bikaner,,1,00473
Rajasthan,79,107,Jodhpur,573,4,Bilara,,7,00573
Rajasthan,80,106,Jhunjhunu,7218,3,Bissau,बिसाऊ,,00000
Rajasthan,81,113,Sawai Madhopur,529,5,Bonli,,4,00529
Rajasthan,82,106,Jhunjhunu,489,1,Buhana,,3,00489
Rajasthan,83,94,Bundi,626,9,Bundi,,0005,00626
Rajasthan,84,102,Jaipur,550,9,Chaksu,,13,00550
Rajasthan,85,107,Jodhpur,7374,3,Chamu,चामू,,00000
Rajasthan,86,113,Sawai Madhopur,530,1,Chauth Ka Barwara,,5,00530
Rajasthan,87,109,Kota,7375,6,Chechat,चेचट,,00000
Rajasthan,88,89,Baran,676,1,Chhabra,छ्बडा,7,00676
Rajasthan,89,93,Bikaner,479,6,Chhatargarh,,7,00479
Rajasthan,90,89,Baran,677,1,Chhipabarod,छिपाबडौद,8,00677
Rajasthan,91,768,Didwana-Kuchaman,7364,2,Chhoti Khatoo,छोटी खाटू,,00000
Rajasthan,92,629,Pratapgarh,698,1,Chhoti Sadri,,10,00698
Rajasthan,93,88,Banswara,6042,4,Chhoti Sarwan,CHHOTI SARWAN,,00000
Rajasthan,94,99,Dungarpur,6059,4,Chikhali,Chikhali,,00000
Rajasthan,95,106,Jhunjhunu,488,2,Chirawa,,2,00488
Rajasthan,96,104,Jalore,6046,5,Chitalwana,,,00000
Rajasthan,97,95,Chittorgarh,659,4,Chittorgarh,चित्तौड़गढ़,5,00659
Rajasthan,98,90,Barmer,584,9,Chohtan,,8,00584
Rajasthan,99,102,Jaipur,541,3,Chomu,,4,00541
Rajasthan,100,96,Churu,484,1,Churu,,4,00484
Rajasthan,101,105,Jhalawar,6926,3,Dag,डग,,00000
Rajasthan,102,629,Pratapgarh,7151,3,Dalot,दलोट,,00000
Rajasthan,103,114,Sikar,554,1,Danta Ramgarh,,4,00554
Rajasthan,104,97,Dausa,536,7,Dausa,,4,00536
Rajasthan,105,772,Phalodi,6937,8,Dechoo,देचू,,00000
Rajasthan,106,767,Deeg,508,4,Deeg,,4,00508
Rajasthan,107,110,Nagaur,563,9,Degana,,7,00563
Rajasthan,108,110,Nagaur,7223,3,Deh,डेह,,00000
Rajasthan,109,115,Sirohi,7154,2,Deldar,देलदर,,00000
Rajasthan,110,112,Rajsamand,6935,6,Delwara,देलवाड़ा,,00000
Rajasthan,111,112,Rajsamand,640,4,Deogarh,,2,00640
Rajasthan,112,116,Tonk,620,6,Deoli,,6,00620
Rajasthan,113,111,Pali,603,3,Desuri,,7,00603
Rajasthan,114,90,Barmer,6912,11,Dhanau,धनाउ,,00000
Rajasthan,115,629,Pratapgarh,696,1,Dhariawad,,7,00696
Rajasthan,116,114,Sikar,6387,6,Dhod,धोद,,00000
Rajasthan,117,98,Dholpur,518,6,Dholpur,धौलपुर,4,00518
Rajasthan,118,775,Balotra,6050,6,Dhorimanna,,,00000
Rajasthan,119,768,Didwana-Kuchaman,558,5,Didwana,,2,00558
Rajasthan,120,109,Kota,666,1,Digod,,2,00666
Rajasthan,121,116,Tonk,6910,7,Dooni,दूनी,,00000
Rajasthan,122,99,Dungarpur,7137,6,Dovda,दोवड़ा,,00000
Rajasthan,123,102,Jaipur,6027,5,Dudu,दूदू,,00000
Rajasthan,124,99,Dungarpur,646,18,Dungarpur,,1,00646
Rajasthan,125,95,Chittorgarh,661,1,Dungla,,7,00661
Rajasthan,126,103,Jaisalmer,576,1,Fatehgarh,,3,00576
Rajasthan,127,114,Sikar,551,4,Fatehpur,,1,00551
Rajasthan,128,90,Barmer,6906,4,Gadraroad,गडरारोड,,00000
Rajasthan,129,100,Ganganagar,7376,4,Gajsinghpur,गजसिंहपुर,,00000
Rajasthan,130,99,Dungarpur,6060,4,Galiyakot,Galiyakot,,00000
Rajasthan,131,99,Dungarpur,7138,8,Gamri Ahara,गामडी आहडा,,00000
Rajasthan,132,88,Banswara,6610,1,Gangadtalai,Gangadtalai,,00000
Rajasthan,133,100,Ganganagar,458,2,Ganganagar,,2,00458
Rajasthan,134,113,Sawai Madhopur,526,11,Gangapur,,1,00526
Rajasthan,135,105,Jhalawar,684,4,Gangdhar,,7,00684
Rajasthan,136,95,Chittorgarh,656,1,Gangrar,,2,00656
Rajasthan,137,88,Banswara,6611,6,Ganora,गनोड़ा,,00000
Rajasthan,138,112,Rajsamand,6392,1,Garhbor,गढबोर,,00000
Rajasthan,139,88,Banswara,651,8,Garhi,,2,00651
Rajasthan,140,772,Phalodi,7221,4,Ghantiyali,घंटियाली,,00000
Rajasthan,141,100,Ganganagar,463,10,Gharsana,,7,00463
Rajasthan,142,117,Udaipur,7377,2,Ghasa,घासा,,00000
Rajasthan,143,88,Banswara,650,6,Ghatol,,1,00650
Rajasthan,144,775,Balotra,6907,6,Gida,गिडा,,00000
Rajasthan,145,117,Udaipur,689,10,Girwa,,5,00689
Rajasthan,146,117,Udaipur,686,9,Gogunda,,2,00686
Rajasthan,147,87,Alwar,6383,6,Govindgarh,गोविन्दगढ़,,00000
Rajasthan,148,106,Jhunjhunu,7144,6,Gudhagorji,गुढागौड़जी,,00000
Rajasthan,149,775,Balotra,581,9,Gudha Malani,,5,00581
Rajasthan,150,93,Bikaner,7378,3,Hadan,हदां,,00000
Rajasthan,151,92,Bhilwara,6068,8,Hameergarh,Hameergarh,,00000
Rajasthan,152,101,Hanumangarh,468,1,Hanumangarh,,3,00468
Rajasthan,153,770,Khairthal-Tijara,7208,4,Harsoli,हरसौली,,00000
Rajasthan,154,108,Karauli,522,7,Hindaun,,3,00522
Rajasthan,155,94,Bundi,622,2,Hindoli,,1,00622
Rajasthan,156,92,Bhilwara,628,3,Hurda,,2,00628
Rajasthan,157,94,Bundi,624,1,Indragarh,,3,00624
Rajasthan,158,92,Bhilwara,636,3,Jahazpur,,10,00636
Rajasthan,159,102,Jaipur,546,3,Jaipur,,9,00546
Rajasthan,160,103,Jaisalmer,574,7,Jaisalmer,,1,00574
Rajasthan,161,774,Beawar,597,2,Jaitaran,,1,00597
Rajasthan,162,104,Jalore,587,2,Jalore,जालोर,3,00587
Rajasthan,163,102,Jaipur,7379,6,Jalsu,जालसू,,00000
Rajasthan,164,102,Jaipur,548,8,Jamwaramgarh,जमवारामगढ,11,00548
Rajasthan,165,767,Deeg,7380,3,Janoothar,जनूथर,,00000
Rajasthan,166,93,Bikaner,7365,2,Jasrasar,जसरासर,,00000
Rajasthan,167,104,Jalore,6044,1,Jaswantpura,,,00000
Rajasthan,168,110,Nagaur,559,4,Jayal,,3,00559
Rajasthan,169,117,Udaipur,688,6,Jhadol,,4,00688
Rajasthan,170,777,Salumbar,7229,3,Jhallara,झल्लारा,,00000
Rajasthan,171,105,Jhalawar,679,6,Jhalrapatan,,2,00679
Rajasthan,172,107,Jodhpur,7220,4,Jhanwar,झंवर,,00000
Rajasthan,173,99,Dungarpur,6070,5,Jhonthripal,झोंथरीपाल,,00000
Rajasthan,174,106,Jhunjhunu,487,7,Jhunjhunu,झुंझुनू,1,00487
Rajasthan,175,102,Jaipur,7141,14,Jobner,जोबनेर,,00000
Rajasthan,176,107,Jodhpur,570,3,Jodhpur,,4,00570
Rajasthan,177,767,Deeg,7381,2,Jurhara,जुरहरा,,00000
Rajasthan,178,92,Bhilwara,7366,6,Kachhola,काछोला,,00000
Rajasthan,179,102,Jaipur,7215,2,Kalwar,कालवाड़,,00000
Rajasthan,180,775,Balotra,7130,3,Kalyanpur,कल्याणपुर,,00000
Rajasthan,181,767,Deeg,506,4,Kaman,,2,00506
Rajasthan,182,117,Udaipur,6929,7,Kanod,कानोड,,00000
Rajasthan,183,109,Kota,6054,8,Kanwas,Kanwas,,00000
Rajasthan,184,95,Chittorgarh,660,11,Kapasan,,6,00660
Rajasthan,185,100,Ganganagar,457,3,Karanpur,,1,00457
Rajasthan,186,108,Karauli,523,13,Karauli,,4,00523
Rajasthan,187,92,Bhilwara,6064,4,Karera,Kareda,,00000
Rajasthan,188,87,Alwar,504,4,Kathumar,,12,00504
Rajasthan,189,86,Ajmer,614,6,Kekri,,9,00614
Rajasthan,190,94,Bundi,625,2,Keshoraipatan,,4,00625
Rajasthan,191,770,Khairthal-Tijara,7207,3,Khairthal,खैरथल,,00000
Rajasthan,192,93,Bikaner,478,5,Khajuwala,,6,00478
Rajasthan,193,112,Rajsamand,6393,2,Khamnor,खमनोर,,00000
Rajasthan,194,113,Sawai Madhopur,532,1,Khandar,,7,00532
Rajasthan,195,114,Sikar,6384,6,Khandela,खण्डेला,,00000
Rajasthan,196,105,Jhalawar,678,1,Khanpur,,1,00678
Rajasthan,197,110,Nagaur,561,4,Kheenvsar,,5,00561
Rajasthan,198,117,Udaipur,695,6,Kherwara,,10,00695
Rajasthan,199,106,Jhunjhunu,490,5,Khetri,,4,00490
Rajasthan,200,89,Baran,674,1,Kishanganj,किशनगंज,5,00674
Rajasthan,201,86,Ajmer,606,13,Kishangarh,,1,00606
Rajasthan,202,770,Khairthal-Tijara,497,5,Kishangarhbas,किशनगढ़बास,5,00497
Rajasthan,203,102,Jaipur,6026,17,Kishangarh Renwal,किशनगढ् रेनवाल,,00000
Rajasthan,204,93,Bikaner,476,5,Kolayat,,4,00476
Rajasthan,205,770,Khairthal-Tijara,495,4,Kotkasim,,3,00495
Rajasthan,206,102,Jaipur,6028,8,Kotkhawda,कोटखावदा,,00000
Rajasthan,207,782,Kotputli-Behror,538,8,Kotputli,,1,00538
Rajasthan,208,117,Udaipur,687,1,Kotra,,3,00687
Rajasthan,209,92,Bhilwara,635,5,Kotri,,9,00635
Rajasthan,210,768,Didwana-Kuchaman,6065,5,Kuchaman City,KUCHAMAN CITY,,00000
Rajasthan,211,107,Jodhpur,7219,4,Kudi Bhagtasni,कुड़ी भगतासनी,,00000
Rajasthan,212,112,Rajsamand,642,3,Kumbhalgarh,,4,00642
Rajasthan,213,767,Deeg,510,8,Kumher,,6,00510
Rajasthan,214,97,Dausa,7382,2,Kundal,कुण्‍डल,,00000
Rajasthan,215,112,Rajsamand,6928,6,Kunwariya,कुंवारिया,,00000
Rajasthan,216,117,Udaipur,7156,5,Kurabar,कुराबड़,,00000
Rajasthan,217,88,Banswara,654,2,Kushalgarh,,5,00654
Rajasthan,218,114,Sikar,552,10,Lachhmangarh,,0002,00552
Rajasthan,219,87,Alwar,503,7,Lachhmangarh,,11,00503
Rajasthan,220,768,Didwana-Kuchaman,557,3,Ladnu,,1,00557
Rajasthan,221,109,Kota,667,4,Ladpura,,3,00667
Rajasthan,222,97,Dausa,537,8,Lalsot,,5,00537
Rajasthan,223,777,Salumbar,691,2,Lasadiya,,0,00691
Rajasthan,224,97,Dausa,6909,3,Lawan,लवाण,,00000
Rajasthan,225,772,Phalodi,6391,17,Lohawat,लोहावत,,00000
Rajasthan,226,107,Jodhpur,572,5,Luni,,6,00572
Rajasthan,227,93,Bikaner,475,3,Lunkaransar,,3,00475
Rajasthan,228,102,Jaipur,7139,4,Madhorajpura,माधोराजपुरा,,00000
Rajasthan,229,97,Dausa,534,4,Mahwa,,2,00534
Rajasthan,230,768,Didwana-Kuchaman,565,3,Makrana,,9,00565
Rajasthan,231,87,Alwar,6382,4,Malakhera,मालाखेडा,,00000
Rajasthan,232,113,Sawai Madhopur,528,1,Malarna Doongar,,3,00528
Rajasthan,233,116,Tonk,615,2,Malpura,,1,00615
Rajasthan,234,106,Jhunjhunu,6370,5,Malsisar,मलसीसर,,00000
Rajasthan,235,92,Bhilwara,631,11,Mandal,,5,00631
Rajasthan,236,92,Bhilwara,637,6,Mandalgarh,,11,00637
Rajasthan,237,106,Jhunjhunu,7145,7,Mandawa,मण्डावा,,00000
Rajasthan,238,97,Dausa,6914,6,Mandawar,मण्डावर,,00000
Rajasthan,239,782,Kotputli-Behror,7383,2,Mandhan,मांढण,,00000
Rajasthan,240,108,Karauli,524,2,Mandrayal,Mandrayal,5,00524
Rajasthan,241,89,Baran,670,1,Mangrol,मांगरोल,1,00670
Rajasthan,242,98,Dholpur,6933,5,Maniya,मनियां,,00000
Rajasthan,243,105,Jhalawar,681,1,Manohar Thana,,4,00681
Rajasthan,244,111,Pali,602,1,Marwar Junction,,6,00602
Rajasthan,245,108,Karauli,6379,12,Masalpur,मासलपुर,,00000
Rajasthan,246,774,Beawar,610,7,Masuda,,5,00610
Rajasthan,247,768,Didwana-Kuchaman,7222,3,Maulasar,मौलासर,,00000
Rajasthan,248,102,Jaipur,543,7,Mauzamabad,,0006,00543
Rajasthan,249,117,Udaipur,685,6,Mavli,,1,00685
Rajasthan,250,110,Nagaur,562,5,Merta,,6,00562
Rajasthan,251,113,Sawai Madhopur,7152,4,Mitrapura,मित्रपुरा,,00000
Rajasthan,252,770,Khairthal-Tijara,494,3,Mundawar,मुण्डावर,2,00494
Rajasthan,253,110,Nagaur,6378,2,Mundwa,मुंडवा,,00000
Rajasthan,254,91,Bharatpur,509,1,Nadbai,,5,00509
Rajasthan,255,108,Karauli,521,3,Nadoti,,2,00521
Rajasthan,256,767,Deeg,507,6,Nagar,,3,00507
Rajasthan,257,116,Tonk,7155,12,Nagarfort,नगरफोर्ट,,00000
Rajasthan,258,110,Nagaur,560,6,Nagaur,,4,00560
Rajasthan,259,94,Bundi,623,1,Nainwa,,2,00623
Rajasthan,260,97,Dausa,6053,6,Nangal Rajawatan,,,00000
Rajasthan,261,782,Kotputli-Behror,6936,6,Narayanpur,नारायणपुर,,00000
Rajasthan,262,86,Ajmer,611,3,Nasirabad,,6,00611
Rajasthan,263,112,Rajsamand,645,8,Nathdwara,,7,00645
Rajasthan,264,87,Alwar,7129,3,Nauganwa,नौगांवा,,00000
Rajasthan,265,768,Didwana-Kuchaman,566,7,Nawa,,10,00566
Rajasthan,266,106,Jhunjhunu,491,1,Nawalgarh,,5,00491
Rajasthan,267,117,Udaipur,7157,4,Nayagaon,नयागांव,,00000
Rajasthan,268,114,Sikar,7153,10,Nechhwa,नेछवा,,00000
Rajasthan,269,114,Sikar,556,8,Neem Ka Thana,नीम का थाना,6,00556
Rajasthan,270,782,Kotputli-Behror,6380,6,Neemrana,नीमराणा,,00000
Rajasthan,271,95,Chittorgarh,663,1,Nimbahera,,9,00663
Rajasthan,272,97,Dausa,7211,5,Nirjharna,निरर्झना,,00000
Rajasthan,273,116,Tonk,617,2,Niwai,,3,00617
Rajasthan,274,101,Hanumangarh,471,1,Nohar,,6,00471
Rajasthan,275,93,Bikaner,477,3,Nokha,,5,00477
Rajasthan,276,90,Barmer,7132,8,Nokhra,नौखड़ा,,00000
Rajasthan,277,99,Dungarpur,7384,5,Obri,ओबरी,,00000
Rajasthan,278,107,Jodhpur,568,12,Osian,,2,00568
Rajasthan,279,775,Balotra,579,11,Pachpadra,पचपदरा,3,00579
Rajasthan,280,105,Jhalawar,682,1,Pachpahar,,5,00682
Rajasthan,281,100,Ganganagar,460,3,Padampur,,4,00460
Rajasthan,282,767,Deeg,505,2,Pahari,,1,00505
Rajasthan,283,99,Dungarpur,7212,3,Paldewal,पालदेवल,,00000
Rajasthan,284,111,Pali,601,8,Pali,,5,00601
Rajasthan,285,101,Hanumangarh,7213,2,Pallu,पल्लू,,00000
Rajasthan,286,782,Kotputli-Behror,6924,7,Paota,पावटा,,00000
Rajasthan,287,97,Dausa,7367,2,Paparda,पापड़दा,,00000
Rajasthan,288,768,Didwana-Kuchaman,564,3,Parbatsar,,8,00564
Rajasthan,289,114,Sikar,7227,7,Patan,पाटन,,00000
Rajasthan,290,775,Balotra,7368,5,Patodi,पाटोदी,,00000
Rajasthan,291,629,Pratapgarh,697,5,Peepalkhoont,,0,00697
Rajasthan,292,116,Tonk,616,1,Peeplu,,2,00616
Rajasthan,293,86,Ajmer,608,2,Peesangan,,3,00608
Rajasthan,294,102,Jaipur,544,5,Phagi,,7,00544
Rajasthan,295,117,Udaipur,7385,6,Phalasiyan,फलासियां,,00000
Rajasthan,296,772,Phalodi,567,15,Phalodi,,1,00567
Rajasthan,297,103,Jaisalmer,7214,4,Phalsoond,फलसूण्ड,,00000
Rajasthan,298,92,Bhilwara,6067,5,Phooliya Kalan,Phooliya Kalan,,00000
Rajasthan,299,102,Jaipur,542,17,Phulera (Hq.Sambhar),,5,00542
Rajasthan,300,106,Jhunjhunu,7386,4,Pilani,पिलानी,,00000
Rajasthan,301,101,Hanumangarh,469,1,Pilibanga,,4,00469
Rajasthan,302,115,Sirohi,594,1,Pindwara,,3,00594
Rajasthan,303,109,Kota,665,2,Pipalda,,1,00665
Rajasthan,304,107,Jodhpur,6051,8,Pipar Shahar,,,00000
Rajasthan,305,105,Jhalawar,683,6,Pirawa,,6,00683
Rajasthan,306,103,Jaisalmer,575,36,Pokaran,,2,00575
Rajasthan,307,93,Bikaner,474,5,Poogal,,2,00474
Rajasthan,308,87,Alwar,7387,2,Pratapgarh,प्रतापगढ़,,00000
Rajasthan,309,629,Pratapgarh,699,1,Pratapgarh,,12,00699
Rajasthan,310,86,Ajmer,6655,2,Pushkar,Pushkar,,00000
Rajasthan,311,97,Dausa,6932,2,Rahuwas,राहुवास,,00000
Rajasthan,312,112,Rajsamand,644,3,Railmagra,,6,00644
Rajasthan,313,92,Bhilwara,632,1,Raipur,,0006,00632
Rajasthan,314,105,Jhalawar,6925,3,Raipur,रायपुर,,00000
Rajasthan,315,774,Beawar,598,2,Raipur,,2,00598
Rajasthan,316,100,Ganganagar,461,6,Raisinghnagar,,5,00461
Rajasthan,317,94,Bundi,7359,6,Raithal,रायथल,,00000
Rajasthan,318,98,Dholpur,519,1,Rajakhera,,5,00519
Rajasthan,319,96,Churu,7388,4,Rajaldesar,राजलदेसर,,00000
Rajasthan,320,96,Churu,482,7,Rajgarh,,2,00482
Rajasthan,321,87,Alwar,502,8,Rajgarh,,0010,00502
Rajasthan,322,112,Rajsamand,643,8,Rajsamand,,5,00643
Rajasthan,323,109,Kota,668,6,Ramganj Mandi,,4,00668
Rajasthan,324,103,Jaisalmer,7216,3,Ramgarh,रामगढ़,,00000
Rajasthan,325,87,Alwar,498,4,Ramgarh,,6,00498
Rajasthan,326,97,Dausa,6908,6,Ramgarh Pachwara,रामगढ पचवारा,,00000
Rajasthan,327,114,Sikar,6388,4,Ramgarh Shekhawati,रामगढ़ शेखावाटी,,00000
Rajasthan,328,102,Jaipur,7391,5,Rampura Dabri,रामपुरा डाबड़ी,,00000
Rajasthan,329,90,Barmer,583,2,Ramsar,,7,00583
Rajasthan,330,111,Pali,6898,6,Rani,रानी,,00000
Rajasthan,331,104,Jalore,591,3,Raniwara,,7,00591
Rajasthan,332,767,Deeg,7369,2,Rarah,रारह,,00000
Rajasthan,333,95,Chittorgarh,655,1,Rashmi,,1,00655
Rajasthan,334,96,Churu,485,4,Ratangarh,,6,00485
Rajasthan,335,95,Chittorgarh,658,2,Rawatbhata,,4,00658
Rajasthan,336,101,Hanumangarh,470,3,Rawatsar,,5,00470
Rajasthan,337,100,Ganganagar,6915,8,Rawla,रावला,,00000
Rajasthan,338,114,Sikar,7226,5,Reengus,रींगस,,00000
Rajasthan,339,87,Alwar,6381,5,Reni,रैणी,,00000
Rajasthan,340,115,Sirohi,596,2,Reodar,,5,00596
Rajasthan,341,117,Udaipur,694,5,Rishabhdeo,,0,00694
Rajasthan,342,110,Nagaur,6069,5,Riyan Bari,रियांबड़ी,,00000
Rajasthan,343,111,Pali,600,4,Rohat,,4,00600
Rajasthan,344,86,Ajmer,6657,10,Roopangarh,Roopangarh,,00000
Rajasthan,345,91,Bharatpur,7389,2,Rudawal,रूदावल,,00000
Rajasthan,346,91,Bharatpur,514,5,Rupbas,,10,00514
Rajasthan,347,99,Dungarpur,6062,1,Sabla,Sabla,,00000
Rajasthan,348,100,Ganganagar,459,2,Sadulshahar,,3,00459
Rajasthan,349,99,Dungarpur,648,7,Sagwara,,3,00648
Rajasthan,350,92,Bhilwara,633,3,Sahara,,7,00633
Rajasthan,351,97,Dausa,7136,4,Sainthal,सैंथल,,00000
Rajasthan,352,88,Banswara,6043,1,Sajjangarh,SAJJANGARH,,00000
Rajasthan,353,777,Salumbar,692,6,Salumbar,,8,00692
Rajasthan,354,103,Jaisalmer,7143,6,Sam,सम,,00000
Rajasthan,355,775,Balotra,6904,3,Samdari,समदड़ी,,00000
Rajasthan,356,104,Jalore,590,6,Sanchore,,6,00590
Rajasthan,357,102,Jaipur,545,1,Sanganer,,8,00545
Rajasthan,358,101,Hanumangarh,466,1,Sangaria,,1,00466
Rajasthan,359,109,Kota,669,8,Sangod,,5,00669
Rajasthan,360,110,Nagaur,7149,6,Sanjoo,सांजू,,00000
Rajasthan,361,108,Karauli,525,1,Sapotra,,6,00525
Rajasthan,362,777,Salumbar,693,6,Sarada,,9,00693
Rajasthan,363,112,Rajsamand,7370,2,Sardargarh,सरदारगढ़,,00000
Rajasthan,364,96,Churu,483,5,Sardarshahar,,3,00483
Rajasthan,365,98,Dholpur,6389,2,Sarmathura,सर्माथुरा,,00000
Rajasthan,366,86,Ajmer,613,8,Sarwar,,8,00613
Rajasthan,367,113,Sawai Madhopur,531,1,Sawai Madhopur,,6,00531
Rajasthan,368,86,Ajmer,6660,6,Sawar,Sawar,,00000
Rajasthan,369,104,Jalore,585,1,Sayla,,1,00585
Rajasthan,370,117,Udaipur,7390,7,Sayra,सायरा,,00000
Rajasthan,371,90,Barmer,6045,8,Sedwa,,,00000
Rajasthan,372,107,Jodhpur,6927,22,Sekhala,सेखाला,,00000
Rajasthan,373,777,Salumbar,6911,7,Semari,सेमारी,,00000
Rajasthan,374,98,Dholpur,517,3,Sepau,,3,00517
Rajasthan,375,772,Phalodi,7147,3,Setrawa,सेतरावा,,00000
Rajasthan,376,89,Baran,675,2,Shahbad,शाहबाद,6,00675
Rajasthan,377,92,Bhilwara,629,7,Shahpura,,3,00629
Rajasthan,378,102,Jaipur,540,4,Shahpura,,3,00540
Rajasthan,379,90,Barmer,577,5,Sheo,,1,00577
Rajasthan,380,115,Sirohi,592,1,Sheoganj,,1,00592
Rajasthan,381,107,Jodhpur,571,15,Shergarh,,5,00571
Rajasthan,382,114,Sikar,555,9,Shrimadhopur,श्रीमाधोपुर,5,00555
Rajasthan,383,108,Karauli,7148,2,Shrimahaveer Ji,श्रीमहावीर जी,,00000
Rajasthan,384,96,Churu,6931,6,Sidhmukh,सिद्धमुख,,00000
Rajasthan,385,114,Sikar,553,6,Sikar,,3,00553
Rajasthan,386,114,Sikar,7228,5,Sikar Gramin,सीकर ग्रामीण,,00000
Rajasthan,387,97,Dausa,535,4,Sikrai,,3,00535
Rajasthan,388,767,Deeg,6930,5,Sikri,सीकरी,,00000
Rajasthan,389,99,Dungarpur,649,10,Simalwara,,4,00649
Rajasthan,390,775,Balotra,6052,4,Sindhari,,,00000
Rajasthan,391,115,Sirohi,593,3,Sirohi,,2,00593
Rajasthan,392,775,Balotra,580,4,Siwana,,4,00580
Rajasthan,393,111,Pali,599,1,Sojat,,3,00599
Rajasthan,394,93,Bikaner,480,1,Sridungargarh,,0,00480
Rajasthan,395,629,Pratapgarh,7150,3,Suhagpura,सुहागपुरा,,00000
Rajasthan,396,96,Churu,486,3,Sujangarh,,7,00486
Rajasthan,397,111,Pali,604,1,Sumerpur,,8,00604
Rajasthan,398,105,Jhalawar,6667,5,Sunel,Sunel,,00000
Rajasthan,399,106,Jhunjhunu,6371,5,Surajgarh,सुरजगढ़,,00000
Rajasthan,400,100,Ganganagar,465,6,Suratgarh,,9,00465
Rajasthan,401,108,Karauli,6934,2,Suroth,सूरौठ,,00000
Rajasthan,402,113,Sawai Madhopur,7225,7,Talawara,तलावड़ा,,00000
Rajasthan,403,94,Bundi,6033,9,Talera,TALERA,,00000
Rajasthan,404,86,Ajmer,6658,7,Tantoti,टांटोटी,,00000
Rajasthan,405,770,Khairthal-Tijara,7128,6,Tapukara,टपूकड़ा,,00000
Rajasthan,406,96,Churu,481,1,Taranagar,,1,00481
Rajasthan,407,774,Beawar,6656,5,Tatgarh,Tatgarh,,00000
Rajasthan,408,87,Alwar,7113,3,Tehla,टहला,,00000
Rajasthan,409,87,Alwar,501,9,Thanagazi,,9,00501
Rajasthan,410,101,Hanumangarh,467,2,Tibbi,टिब्बी,2,00467
Rajasthan,411,770,Khairthal-Tijara,496,7,Tijara,,4,00496
Rajasthan,412,107,Jodhpur,6390,8,Tinwari,तिन्वारी,,00000
Rajasthan,413,108,Karauli,520,7,Todabhim,,1,00520
Rajasthan,414,116,Tonk,619,5,Todaraisingh,,5,00619
Rajasthan,415,116,Tonk,618,2,Tonk,,4,00618
Rajasthan,416,102,Jaipur,7142,5,Toonga,तूंगा,,00000
Rajasthan,417,91,Bharatpur,6923,3,Uchchain,उच्चैन,,00000
Rajasthan,418,106,Jhunjhunu,492,7,Udaipurwati,,6,00492
Rajasthan,419,116,Tonk,621,11,Uniara,,7,00621
Rajasthan,420,117,Udaipur,690,8,Vallabhnagar,,6,00690
Rajasthan,421,100,Ganganagar,464,14,Vijainagar,,8,00464
Rajasthan,422,774,Beawar,6661,5,Vijainagar,Vijaynagar,,00000
Rajasthan,423,782,Kotputli-Behror,539,3,Viratnagar,,2,00539
Rajasthan,424,113,Sawai Madhopur,6386,5,Wazeerpur,वजीरपुर,,00000
Rajasthan,425,91,Bharatpur,512,6,Weir,,8,00512
Rajasthan,,,,,,,,,
Rajasthan,"Sep 5, 2026, 6:50 PM",,,,,,,,
Sikkim,,,,,,(In English),(In Local),,
Sikkim,1,226,Mangan,1547,5,Chungthang,,0001,01547
Sikkim,2,228,Gyalshing,6398,1,Dentam,Dentam,,00000
Sikkim,3,226,Mangan,6402,2,Dzongu,Dzongu,,00000
Sikkim,4,225,Gangtok,1553,11,Gangtok,,1,01553
Sikkim,5,228,Gyalshing,1549,3,Gyalshing,,1,01549
Sikkim,6,227,Namchi,6399,4,Jorethang,Jorethang,,00000
Sikkim,7,226,Mangan,6401,5,Kabi,Kabi,,00000
Sikkim,8,742,Soreng,7178,1,Mangalbarey,Mangalbarey,,00000
Sikkim,9,226,Mangan,1548,7,Mangan,,2,01548
Sikkim,10,227,Namchi,1551,6,Namchi,,1,01551
Sikkim,11,227,Namchi,7542,1,Namthang,NAMTHANG,,00000
Sikkim,12,741,Pakyong,1554,8,Pakyong,,2,01554
Sikkim,13,225,Gangtok,7177,7,Rabdang,Rabdang,,00000
Sikkim,14,741,Pakyong,6396,4,Rangpo,,,00000
Sikkim,15,227,Namchi,1552,5,Ravangla,,2,01552
Sikkim,16,741,Pakyong,1555,3,Rongli,,3,01555
Sikkim,17,742,Soreng,1550,5,Soreng,,2,01550
Sikkim,18,227,Namchi,6400,2,Yangang,yangyang,,00000
Sikkim,19,228,Gyalshing,6397,1,Yuksom,Yuksam,,00000
Sikkim,,,,,,,,,
Sikkim,"Sep 5, 2026, 6:50 PM",,,,,,,,
Tamil Nadu,,,,,,(In English),(In Local),,
Tamil Nadu,1,575,Kanniyakumari,5884,1,Agastheeswaram,,4,05884
Tamil Nadu,2,568,Chennai,5704,7,Alandur,,0,05704
Tamil Nadu,3,582,Pudukkottai,5824,1,Alangudi,,6,05824
Tamil Nadu,4,733,Tenkasi,5875,2,Alangulam,,6,05875
Tamil Nadu,5,581,Perambalur,5951,7,Alathur,,,00000
Tamil Nadu,6,592,Tirunelveli,5878,6,Ambasamudram,,9,05878
Tamil Nadu,7,568,Chennai,5700,4,Ambattur,,8,05700
Tamil Nadu,8,732,Tirupathur,5719,16,Ambur,,0,05719
Tamil Nadu,9,568,Chennai,7161,1,Aminjikarai,அமைந்தகரை,,00000
Tamil Nadu,10,595,Vellore,5964,12,Anaicut,,,00000
Tamil Nadu,11,569,Coimbatore,6643,1,Anaimalai,ஆனைமலை,,00000
Tamil Nadu,12,577,Krishnagiri,6662,1,Anchetty,அஞ்செட்டி,,00000
Tamil Nadu,13,610,Ariyalur,5983,4,Andimadam,ஆண்டிமடம்,,00000
Tamil Nadu,14,588,Theni,5846,1,Andipatti,,5,05846
Tamil Nadu,15,569,Coimbatore,5955,1,Annur,,,00000
Tamil Nadu,16,573,Erode,5969,1,Anthiyur,,,00000
Tamil Nadu,17,731,Ranipet,5715,13,Arakonam,,4,05715
Tamil Nadu,18,593,Tiruvannamalai,5721,2,Arani,,1,05721
Tamil Nadu,19,582,Pudukkottai,5826,1,Aranthangi,,7,05826
Tamil Nadu,20,576,Karur,5768,2,Aravakurichi,,1,05768
Tamil Nadu,21,731,Ranipet,5716,9,Arcot,,5,05716
Tamil Nadu,22,610,Ariyalur,5787,2,Ariyalur,அரியலூர்,3,05787
Tamil Nadu,23,597,Virudhunagar,5853,1,Aruppukkottai,,7,05853
Tamil Nadu,24,572,Dindigul,5994,1,Athoor,Athoor,,00000
Tamil Nadu,25,584,Salem,5743,3,Attur,,8,05743
Tamil Nadu,26,589,Thiruvallur,6621,1,Avadi,ஆவடி,,00000
Tamil Nadu,27,634,Tiruppur,5903,2,Avinashi,,2,05903
Tamil Nadu,28,582,Pudukkottai,5828,1,Avudayarkoil,,9,05828
Tamil Nadu,29,568,Chennai,7163,3,Ayanavaram,அயனாவரம,,00000
Tamil Nadu,30,577,Krishnagiri,6613,1,Bargur,பர்கூர்,,00000
Tamil Nadu,31,573,Erode,5750,2,Bhavani,,2,05750
Tamil Nadu,32,570,Cuddalore,6645,1,Bhuvanagiri,புவனகிரி,,00000
Tamil Nadu,33,588,Theni,5842,1,Bodinayakanur,,1,05842
Tamil Nadu,34,586,Thanjavur,5966,1,Budalur,,,00000
Tamil Nadu,35,730,Chengalpattu,5706,8,Chengalpattu,,3,05706
Tamil Nadu,36,593,Tiruvannamalai,5725,1,Chengam,,5,05725
Tamil Nadu,37,592,Tirunelveli,6648,1,Cheranmahadevi,சேரன்மகாதேவி,,00000
Tamil Nadu,38,593,Tiruvannamalai,6617,1,Chetpet,சேத்துபட்டு,,00000
Tamil Nadu,39,593,Tiruvannamalai,5722,3,Cheyyar,,2,05722
Tamil Nadu,40,730,Chengalpattu,5711,2,Cheyyur,,8,05711
Tamil Nadu,41,570,Cuddalore,5791,2,Chidambaram,,3,05791
Tamil Nadu,42,729,Kallakurichi,5977,3,Chinnasalem,,,00000
Tamil Nadu,43,569,Coimbatore,5897,2,Coimbatore North,,5,05897
Tamil Nadu,44,569,Coimbatore,5898,4,Coimbatore South,,6,05898
Tamil Nadu,45,587,The Nilgiris,5758,1,Coonoor,,5,05758
Tamil Nadu,46,570,Cuddalore,5789,1,Cuddalore,,2,05789
Tamil Nadu,47,577,Krishnagiri,5892,2,Denkanikottai,தேன்கனிக்கோட்டை,3,05892
Tamil Nadu,48,585,Sivaganga,5831,1,Devakottai,,3,05831
Tamil Nadu,49,634,Tiruppur,5902,1,Dharapuram,,7,05902
Tamil Nadu,50,571,Dharmapuri,5888,2,Dharmapuri,,9,05888
Tamil Nadu,51,572,Dindigul,5980,1,Dindiguleast,,,00000
Tamil Nadu,52,572,Dindigul,5979,1,Dindigulwest,,,00000
Tamil Nadu,53,584,Salem,5738,1,Edappadi,,3,05738
Tamil Nadu,54,568,Chennai,7164,2,Egmore,எழும்பூர்,,00000
Tamil Nadu,55,594,Thoothukkudi,6633,1,Eral,ஏரல்,,00000
Tamil Nadu,56,573,Erode,5753,3,Erode,,5,05753
Tamil Nadu,57,594,Thoothukkudi,5863,1,Ettayapuram,,2,05863
Tamil Nadu,58,582,Pudukkottai,5820,1,Gandarvakkottai,,3,05820
Tamil Nadu,59,584,Salem,5744,2,Gangavalli,,9,05744
Tamil Nadu,60,596,Viluppuram,5728,10,Gingee,,1,05728
Tamil Nadu,61,573,Erode,5751,2,Gobichettipalayam,,0,05751
Tamil Nadu,62,587,The Nilgiris,5755,1,Gudalur,,2,05755
Tamil Nadu,63,595,Vellore,5712,11,Gudiyatham,,1,05712
Tamil Nadu,64,568,Chennai,7169,1,Guindy,கிண்டி,,00000
Tamil Nadu,65,572,Dindigul,6700,1,Gujiliamparai,குஜிலியம்பாறை,,00000
Tamil Nadu,66,589,Thiruvallur,5693,2,Gummidipoondi,,1,05693
Tamil Nadu,67,571,Dharmapuri,5886,1,Harur,,7,05886
Tamil Nadu,68,577,Krishnagiri,5890,2,Hosur,ஓசூர்,1,05890
Tamil Nadu,69,585,Sivaganga,5834,1,Ilayangudi,,6,05834
Tamil Nadu,70,582,Pudukkottai,5818,2,Iluppur,,1,05818
Tamil Nadu,71,593,Tiruvannamalai,6631,1,Jamunamarathoor,ஜமுனாமரத்தூர்,,00000
Tamil Nadu,72,583,Ramanathapuram,5859,2,Kadaladi,,5,05859
Tamil Nadu,73,576,Karur,5772,1,Kadavur,,0,05772
Tamil Nadu,74,584,Salem,6619,1,Kadayampatti,காடயாம்பட்டி,,00000
Tamil Nadu,75,733,Tenkasi,6639,2,Kadayanallur,கடையநல்லூா்,,00000
Tamil Nadu,76,585,Sivaganga,6644,1,Kalaiyarkoil,காளையார்கோவில்,,00000
Tamil Nadu,77,593,Tiruvannamalai,5959,1,Kalasapakkam,,,00000
Tamil Nadu,78,731,Ranipet,7059,4,Kalavai,கலவை,,00000
Tamil Nadu,79,575,Kanniyakumari,5882,4,Kalkulam,,2,05882
Tamil Nadu,80,729,Kallakurichi,5734,8,Kallakkurichi,,7,05734
Tamil Nadu,81,578,Madurai,6615,1,Kalligudi,,,00000
Tamil Nadu,82,729,Kallakurichi,7055,1,Kalvarayan Hills,கல்வராயன் மலை,,00000
Tamil Nadu,83,583,Ramanathapuram,5858,1,Kamuthi,,4,05858
Tamil Nadu,84,574,Kancheepuram,5707,5,Kancheepuram,,4,05707
Tamil Nadu,85,596,Viluppuram,6651,12,Kandachipuram,கண்டாச்சிபுரம்,,00000
Tamil Nadu,86,634,Tiruppur,5901,1,Kangeyam,,6,05901
Tamil Nadu,87,585,Sivaganga,5830,1,Karaikkudi,,2,05830
Tamil Nadu,88,582,Pudukkottai,5825,1,Karambakudi,,0,05825
Tamil Nadu,89,597,Virudhunagar,5851,1,Kariapatti,,5,05851
Tamil Nadu,90,571,Dharmapuri,6622,1,Karimangalam,காரிமங்கலம்,,00000
Tamil Nadu,91,576,Karur,5769,2,Karur,,2,05769
Tamil Nadu,92,595,Vellore,5713,6,Katpadi,,2,05713
Tamil Nadu,93,570,Cuddalore,5792,3,Kattumannarkoil,,4,05792
Tamil Nadu,94,594,Thoothukkudi,6628,5,Kayathar,கயத்தார்,,00000
Tamil Nadu,95,583,Ramanathapuram,6654,1,Kilakarai,கீழக்கரை,,00000
Tamil Nadu,96,575,Kanniyakumari,6673,3,Killiyoor,கிள்ளியூர்,,00000
Tamil Nadu,97,593,Tiruvannamalai,6630,1,Kilpennathur,கீழ்பென்னாத்தூர்,,00000
Tamil Nadu,98,579,Nagapattinam,5800,1,Kilvelur,,5,05800
Tamil Nadu,99,569,Coimbatore,5956,3,Kinathukadavu,,,00000
Tamil Nadu,100,572,Dindigul,5766,1,Kodaikanal,,6,05766
Tamil Nadu,101,573,Erode,6637,1,Kodumudi,கொடுமுடி,,00000
Tamil Nadu,102,568,Chennai,7514,1,Kolathur,கொளத்தூர்,,00000
Tamil Nadu,103,580,Namakkal,6625,1,Kolli Hills,கொல்லிமலை,,00000
Tamil Nadu,104,590,Thiruvarur,6627,2,Koothanallur,கூத்தாநல்லூர்,,00000
Tamil Nadu,105,587,The Nilgiris,5757,1,Kotagiri,,4,05757
Tamil Nadu,106,594,Thoothukkudi,5862,8,Kovilpatti,,1,05862
Tamil Nadu,107,577,Krishnagiri,5891,2,Krishnagiri,கிருஷ்ணகிரி,2,05891
Tamil Nadu,108,576,Karur,5770,1,Krishnarayapuram,,3,05770
Tamil Nadu,109,590,Thiruvarur,5804,2,Kudavasal,குடவாசல்,2,05804
Tamil Nadu,110,582,Pudukkottai,5819,4,Kulathur,,2,05819
Tamil Nadu,111,576,Karur,5771,1,Kulithalai,,4,05771
Tamil Nadu,112,580,Namakkal,6634,1,Kumarapalayam,குமாரபாளையம்,,00000
Tamil Nadu,113,586,Thanjavur,5811,1,Kumbakonam,,2,05811
Tamil Nadu,114,587,The Nilgiris,5759,1,Kundah,,6,05759
Tamil Nadu,115,574,Kancheepuram,7057,6,Kundrathur,குன்றத்தூர்,,00000
Tamil Nadu,116,581,Perambalur,5976,1,Kunnam,,,00000
Tamil Nadu,117,570,Cuddalore,5790,1,Kurinjipadi,,0,05790
Tamil Nadu,118,735,Mayiladuthurai,5797,2,Kuthalam,,0,05797
Tamil Nadu,119,595,Vellore,7052,2,K V Kuppam,கே வி குப்பம்,,00000
Tamil Nadu,120,591,Tiruchirappalli,5777,1,Lalgudi,,5,05777
Tamil Nadu,121,634,Tiruppur,5907,1,Madathukulam,,0,05907
Tamil Nadu,122,569,Coimbatore,5986,1,Madukkari,,,00000
Tamil Nadu,123,578,Madurai,5960,1,Madurai East,,,00000
Tamil Nadu,124,578,Madurai,5836,4,Madurai North,,2,05836
Tamil Nadu,125,578,Madurai,5841,1,Madurai South,,7,05841
Tamil Nadu,126,578,Madurai,5961,1,Madurai West,,,00000
Tamil Nadu,127,730,Chengalpattu,5710,2,Maduranthakam,,7,05710
Tamil Nadu,128,568,Chennai,5981,10,Maduravoyal,,,00000
Tamil Nadu,129,568,Chennai,7165,1,Mambalam,மாம்பலம்,,00000
Tamil Nadu,130,591,Tiruchirappalli,5776,1,Manachanallur,,4,05776
Tamil Nadu,131,585,Sivaganga,5833,2,Manamadurai,,5,05833
Tamil Nadu,132,582,Pudukkottai,5827,1,Manamelkudi,,8,05827
Tamil Nadu,133,591,Tiruchirappalli,5781,2,Manapparai,,8,05781
Tamil Nadu,134,576,Karur,5985,2,Manmangalam,,,00000
Tamil Nadu,135,590,Thiruvarur,5808,3,Mannargudi,,6,05808
Tamil Nadu,136,592,Tirunelveli,6647,2,Manur,மானூா்,,00000
Tamil Nadu,137,596,Viluppuram,6650,1,Marakanam,மரக்காணம்,,00000
Tamil Nadu,138,591,Tiruchirappalli,5954,1,Marungapuri,,,00000
Tamil Nadu,139,568,Chennai,5701,7,Mathavaram,,8,05701
Tamil Nadu,140,735,Mayiladuthurai,5796,2,Mayiladuthurai,,2,05796
Tamil Nadu,141,596,Viluppuram,6652,1,Melmalaiyanur,மேல்மலையனூர்,,00000
Tamil Nadu,142,578,Madurai,5835,1,Melur,,1,05835
Tamil Nadu,143,569,Coimbatore,5895,2,Mettupalayam,,1,05895
Tamil Nadu,144,584,Salem,5736,1,Mettur,,1,05736
Tamil Nadu,145,573,Erode,6636,1,Modakkurichi,மொடக்குறிச்சி,,00000
Tamil Nadu,146,580,Namakkal,6635,1,Mohanur,மோகனூா்,,00000
Tamil Nadu,147,583,Ramanathapuram,5857,1,Mudukulathur,,3,05857
Tamil Nadu,148,591,Tiruchirappalli,5774,1,Musiri,,2,05774
Tamil Nadu,149,590,Thiruvarur,7408,4,Muthupettai,முத்துப்பேட்டை,,00000
Tamil Nadu,150,568,Chennai,7170,2,Mylapore,மயிலாப்பூர்,,00000
Tamil Nadu,151,579,Nagapattinam,5799,1,Nagapattinam,,4,05799
Tamil Nadu,152,571,Dharmapuri,6623,1,Nallampalli,நல்லம்பள்ளி,,00000
Tamil Nadu,153,580,Namakkal,5747,4,Namakkal,,3,05747
Tamil Nadu,154,573,Erode,6638,1,Nambiyur,நம்பியூர்,,00000
Tamil Nadu,155,592,Tirunelveli,5879,2,Nanguneri,,10,05879
Tamil Nadu,156,590,Thiruvarur,5805,1,Nannilam,,3,05805
Tamil Nadu,157,572,Dindigul,5763,1,Natham,,4,05763
Tamil Nadu,158,732,Tirupathur,5963,8,Natrampalli,,,00000
Tamil Nadu,159,590,Thiruvarur,5807,2,Needamangalam,,5,05807
Tamil Nadu,160,731,Ranipet,6664,12,Nemili,நெமிலி,,00000
Tamil Nadu,161,572,Dindigul,5767,1,Nilakkottai,,7,05767
Tamil Nadu,162,572,Dindigul,5761,1,Oddanchatram,,2,05761
Tamil Nadu,163,584,Salem,5737,2,Omalur,,2,05737
Tamil Nadu,164,586,Thanjavur,5815,3,Orathanadu,,6,05815
Tamil Nadu,165,594,Thoothukkudi,5865,2,Ottapidaram,,4,05865
Tamil Nadu,166,571,Dharmapuri,5885,2,Palakkodu,,4,05885
Tamil Nadu,167,572,Dindigul,5760,1,Palani,,1,05760
Tamil Nadu,168,592,Tirunelveli,5877,1,Palayamkottai,,8,05877
Tamil Nadu,169,634,Tiruppur,5905,1,Palladam,,4,05905
Tamil Nadu,170,730,Chengalpattu,6629,3,Pallavaram,பல்லாவரம்,,00000
Tamil Nadu,171,589,Thiruvallur,5697,2,Pallipattu,,5,05697
Tamil Nadu,172,570,Cuddalore,5788,1,Panruti,,1,05788
Tamil Nadu,173,587,The Nilgiris,5754,1,Panthalur,,1,05754
Tamil Nadu,174,586,Thanjavur,5812,1,Papanasam,,3,05812
Tamil Nadu,175,571,Dharmapuri,5887,1,Pappireddipatti,,8,05887
Tamil Nadu,176,583,Ramanathapuram,5856,2,Paramakudi,,2,05856
Tamil Nadu,177,580,Namakkal,5748,2,Paramathi-Velur,,4,05748
Tamil Nadu,178,586,Thanjavur,5816,2,Pattukkottai,,7,05816
Tamil Nadu,179,571,Dharmapuri,5889,1,Pennagaram,,10,05889
Tamil Nadu,180,578,Madurai,5839,1,Peraiyur,,5,05839
Tamil Nadu,181,581,Perambalur,5973,1,Perambalur,,,00000
Tamil Nadu,182,568,Chennai,7166,2,Perambur,பெரம்புர்,,00000
Tamil Nadu,183,586,Thanjavur,5817,1,Peravurani,,8,05817
Tamil Nadu,184,588,Theni,5843,1,Periyakulam,,2,05843
Tamil Nadu,185,595,Vellore,6663,14,Pernambut,பேர்ணாம்பட்டு,,00000
Tamil Nadu,186,573,Erode,5752,1,Perundurai,,4,05752
Tamil Nadu,187,569,Coimbatore,5957,2,Perur,,,00000
Tamil Nadu,188,584,Salem,6618,1,Pethanaickanpalayam,பெத்தநாய்க்கன்பாளையம்,,00000
Tamil Nadu,189,577,Krishnagiri,5893,2,Pochampalli,போச்சம்பள்ளி,5,05893
Tamil Nadu,190,569,Coimbatore,5899,4,Pollachi,,7,05899
Tamil Nadu,191,593,Tiruvannamalai,5724,2,Polur,,4,05724
Tamil Nadu,192,582,Pudukkottai,5823,1,Ponnamaravathi,,0,05823
Tamil Nadu,193,589,Thiruvallur,5694,6,Ponneri,,2,05694
Tamil Nadu,194,589,Thiruvallur,5699,1,Poonamallee,,7,05699
Tamil Nadu,195,582,Pudukkottai,5821,1,Pudukkottai,,4,05821
Tamil Nadu,196,576,Karur,6676,1,Pugalur,புகளூர்,,00000
Tamil Nadu,197,568,Chennai,7167,2,Purasawalkam,புரசைவாக்கம்,,00000
Tamil Nadu,198,592,Tirunelveli,5880,2,Radhapuram,,11,05880
Tamil Nadu,199,597,Virudhunagar,5847,2,Rajapalayam,,1,05847
Tamil Nadu,200,583,Ramanathapuram,6653,1,Rajasingamangalam,இராஜசிங்கமங்கலம்,,00000
Tamil Nadu,201,583,Ramanathapuram,5860,2,Ramanathapuram,,6,05860
Tamil Nadu,202,583,Ramanathapuram,5861,1,Rameswaram,,7,05861
Tamil Nadu,203,580,Namakkal,5746,2,Rasipuram,,2,05746
Tamil Nadu,204,589,Thiruvallur,6674,1,R K Pet,ஆர் கே பேட்டை,,00000
Tamil Nadu,205,584,Salem,5740,3,Salem,,5,05740
Tamil Nadu,206,584,Salem,5970,1,Salem South,,,00000
Tamil Nadu,207,584,Salem,5971,1,Salem West,,,00000
Tamil Nadu,208,733,Tenkasi,5871,5,Sankarankoil,,2,05871
Tamil Nadu,209,729,Kallakurichi,5733,9,Sankarapuram,,6,05733
Tamil Nadu,210,584,Salem,5739,1,Sankari,,4,05739
Tamil Nadu,211,594,Thoothukkudi,5869,1,Sathankulam,,8,05869
Tamil Nadu,212,573,Erode,5749,5,Sathyamangalam,,1,05749
Tamil Nadu,213,597,Virudhunagar,5854,2,Sattur,,8,05854
Tamil Nadu,214,580,Namakkal,6632,2,Sendamangalam,சேந்தமங்கலம்,,00000
Tamil Nadu,215,610,Ariyalur,5785,1,Sendurai,செந்துறை,1,05785
Tamil Nadu,216,733,Tenkasi,5874,3,Shenkottai,,5,05874
Tamil Nadu,217,568,Chennai,5705,4,Sholinganallur,,0,05705
Tamil Nadu,218,731,Ranipet,7060,3,Sholinghur,சோளிங்கர்,,00000
Tamil Nadu,219,577,Krishnagiri,6641,1,Shoolagiri,சூளகிரி,,00000
Tamil Nadu,220,585,Sivaganga,5995,2,Singampunari,சிங்கம்புணரி,,00000
Tamil Nadu,221,735,Mayiladuthurai,5795,2,Sirkali,,1,05795
Tamil Nadu,222,585,Sivaganga,5832,3,Sivaganga,,4,05832
Tamil Nadu,223,733,Tenkasi,5870,3,Sivagiri,,1,05870
Tamil Nadu,224,597,Virudhunagar,5849,2,Sivakasi,,3,05849
Tamil Nadu,225,570,Cuddalore,6646,1,Srimushnam,ஸ்ரீமுஷ்ணம்,,00000
Tamil Nadu,226,574,Kancheepuram,5702,7,Sriperumbudur,,1,05702
Tamil Nadu,227,591,Tiruchirappalli,5778,1,Srirangam,,6,05778
Tamil Nadu,228,594,Thoothukkudi,5867,2,Srivaikuntam,,6,05867
Tamil Nadu,229,597,Virudhunagar,5848,4,Srivilliputhur,,2,05848
Tamil Nadu,230,569,Coimbatore,5896,1,Sulur,,0,05896
Tamil Nadu,231,730,Chengalpattu,5703,2,Tambaram,,2,05703
Tamil Nadu,232,733,Tenkasi,5873,7,Tenkasi,,4,05873
Tamil Nadu,233,584,Salem,7120,1,Thalaivasal,தலைவாசல்,,00000
Tamil Nadu,234,573,Erode,6539,3,Thalavadi,தாளவாடி,,00000
Tamil Nadu,235,593,Tiruvannamalai,5726,1,Thandrampet,,0,05726
Tamil Nadu,236,586,Thanjavur,5814,2,Thanjavur,,5,05814
Tamil Nadu,237,735,Mayiladuthurai,5798,2,Tharangambadi,,3,05798
Tamil Nadu,238,588,Theni,5844,1,Theni,,0,05844
Tamil Nadu,239,579,Nagapattinam,5801,1,Thirukkuvalai,,6,05801
Tamil Nadu,240,578,Madurai,5840,2,Thirumangalam,,6,05840
Tamil Nadu,241,582,Pudukkottai,5822,1,Thirumayam,,5,05822
Tamil Nadu,242,578,Madurai,5962,1,Thirupparankundram,,,00000
Tamil Nadu,243,585,Sivaganga,5829,2,Thiruppathur,திருப்பத்தூர்,8,05829
Tamil Nadu,244,585,Sivaganga,5965,2,Thiruppuvanam,திருப்புவனம்,,00000
Tamil Nadu,245,590,Thiruvarur,5809,4,Thiruthuraipoondi,,7,05809
Tamil Nadu,246,586,Thanjavur,5813,1,Thiruvaiyaru,,4,05813
Tamil Nadu,247,589,Thiruvallur,5698,1,Thiruvallur,,6,05698
Tamil Nadu,248,590,Thiruvarur,5806,1,Thiruvarur,,4,05806
Tamil Nadu,249,575,Kanniyakumari,6672,4,Thiruvattar,திருவட்டார்,,00000
Tamil Nadu,250,596,Viluppuram,7053,10,Thiruvennainallur,திருவெண்ணைநல்லூர்,,00000
Tamil Nadu,251,591,Tiruchirappalli,5780,1,Thiruverumbur,,0,05780
Tamil Nadu,252,586,Thanjavur,5810,1,Thiruvidaimarudur,,1,05810
Tamil Nadu,253,586,Thanjavur,7406,2,Thiruvonam,திருவோணம்,,00000
Tamil Nadu,254,594,Thoothukkudi,5866,1,Thoothukkudi,,5,05866
Tamil Nadu,255,591,Tiruchirappalli,5773,1,Thottiyam,,1,05773
Tamil Nadu,256,575,Kanniyakumari,5883,1,Thovala,,3,05883
Tamil Nadu,257,591,Tiruchirappalli,5775,1,Thuraiyur,,3,05775
Tamil Nadu,258,596,Viluppuram,5729,2,Tindivanam,,2,05729
Tamil Nadu,259,594,Thoothukkudi,5868,2,Tiruchendur,,7,05868
Tamil Nadu,260,580,Namakkal,5745,2,Tiruchengode,,1,05745
Tamil Nadu,261,591,Tiruchirappalli,6620,1,Tiruchirappalli East,திருச்சிராப்பள்ளி  கிழக்கு,,00000
Tamil Nadu,262,591,Tiruchirappalli,5779,3,Tiruchirappalli West,திருச்சிராப்பள்ளி மேற்கு,7,05779
Tamil Nadu,263,597,Virudhunagar,5852,1,Tiruchuli,,6,05852
Tamil Nadu,264,730,Chengalpattu,5709,3,Tirukalukundram,,6,05709
Tamil Nadu,265,729,Kallakurichi,5732,19,Tirukkoyilur,,5,05732
Tamil Nadu,266,592,Tirunelveli,5876,2,Tirunelveli,,7,05876
Tamil Nadu,267,732,Tirupathur,5720,12,Tirupathur,,8,05720
Tamil Nadu,268,730,Chengalpattu,5958,9,Tiruporur,,,00000
Tamil Nadu,269,634,Tiruppur,5967,1,Tiruppurnorth,,,00000
Tamil Nadu,270,634,Tiruppur,5968,1,Tiruppursouth,,,00000
Tamil Nadu,271,589,Thiruvallur,5696,1,Tiruttani,,4,05696
Tamil Nadu,272,583,Ramanathapuram,5855,2,Tiruvadanai,,1,05855
Tamil Nadu,273,593,Tiruvannamalai,5727,2,Tiruvannamalai,,6,05727
Tamil Nadu,274,733,Tenkasi,6642,4,Tiruvengadam,திருவேங்கடம்,,00000
Tamil Nadu,275,568,Chennai,5982,7,Tiruvottiyur,,,00000
Tamil Nadu,276,592,Tirunelveli,6649,2,Tisayanvilai,திசையன்விளை,,00000
Tamil Nadu,277,570,Cuddalore,5794,2,Tittakudi,,6,05794
Tamil Nadu,278,568,Chennai,7168,2,Tondiarpet,தண்டையார்பேட்டை,,00000
Tamil Nadu,279,610,Ariyalur,5786,1,Udayarpalayam,உடையார்பாளையம்,2,05786
Tamil Nadu,280,587,The Nilgiris,5756,1,Udhagamandalam,,3,05756
Tamil Nadu,281,634,Tiruppur,5906,1,Udumalaipettai,,8,05906
Tamil Nadu,282,729,Kallakurichi,5735,18,Ulundurpettai,,8,05735
Tamil Nadu,283,578,Madurai,5838,2,Usilampatti,,4,05838
Tamil Nadu,284,588,Theni,5845,1,Uthamapalayam,,4,05845
Tamil Nadu,285,577,Krishnagiri,5894,1,Uthangarai,ஊத்தங்கரை,6,05894
Tamil Nadu,286,574,Kancheepuram,5708,1,Uthiramerur,,5,05708
Tamil Nadu,287,589,Thiruvallur,5695,1,Uthukkottai,,3,05695
Tamil Nadu,288,634,Tiruppur,6616,1,Uthukuli,,,00000
Tamil Nadu,289,578,Madurai,5837,1,Vadipatti,,3,05837
Tamil Nadu,290,590,Thiruvarur,5803,1,Valangaiman,,1,05803
Tamil Nadu,291,569,Coimbatore,5900,1,Valparai,,9,05900
Tamil Nadu,292,729,Kallakurichi,7405,7,Vanapuram,வாணாபுரம்,,00000
Tamil Nadu,293,730,Chengalpattu,7058,5,Vandalur,வண்டலூர்,,00000
Tamil Nadu,294,593,Tiruvannamalai,5723,1,Vandavasi,,3,05723
Tamil Nadu,295,732,Tirupathur,5718,5,Vaniyambadi,,7,05718
Tamil Nadu,296,596,Viluppuram,5730,3,Vanur,,3,05730
Tamil Nadu,297,584,Salem,5742,1,Vazhapadi,,7,05742
Tamil Nadu,298,579,Nagapattinam,5802,1,Vedaranyam,,7,05802
Tamil Nadu,299,572,Dindigul,5762,2,Vedasandur,,3,05762
Tamil Nadu,300,733,Tenkasi,5872,2,Veerakeralamputhur,,3,05872
Tamil Nadu,301,568,Chennai,7171,2,Velachery,வேளச்சேரி,,00000
Tamil Nadu,302,595,Vellore,5717,6,Vellore,,6,05717
Tamil Nadu,303,593,Tiruvannamalai,6624,1,Vembakkam,வெம்பாக்கம்,,00000
Tamil Nadu,304,597,Virudhunagar,6640,1,Vembakottai,வெம்பக்கோட்டை,,00000
Tamil Nadu,305,581,Perambalur,5974,1,Veppanthattai,,,00000
Tamil Nadu,306,570,Cuddalore,5953,1,Veppur,,,00000
Tamil Nadu,307,596,Viluppuram,5978,7,Vikravandi,,,00000
Tamil Nadu,308,594,Thoothukkudi,5864,1,Vilathikulam,,3,05864
Tamil Nadu,309,575,Kanniyakumari,5881,5,Vilavancode,,1,05881
Tamil Nadu,310,596,Viluppuram,5731,4,Viluppuram,,4,05731
Tamil Nadu,311,582,Pudukkottai,6614,3,Viralimalai,,,00000
Tamil Nadu,312,570,Cuddalore,5793,2,Virudhachalam,,5,05793
Tamil Nadu,313,597,Virudhunagar,5850,1,Virudhunagar,,4,05850
Tamil Nadu,314,574,Kancheepuram,6626,4,Walajabad,வாலாஜாபாத்,,00000
Tamil Nadu,315,731,Ranipet,5714,6,Wallajah,,3,05714
Tamil Nadu,316,597,Virudhunagar,6675,3,Watrap,வத்திராயிருப்பு,,00000
Tamil Nadu,317,584,Salem,5741,1,Yercaud,,6,05741
Tamil Nadu,,,,,,,,,
Tamil Nadu,"Sep 5, 2026, 6:51 PM",,,,,,,,
Telangana,,,,,,(In English),(In Local),,
Telangana,1,518,Ranga Reddy,6319,2,Abdullapurmet,అబ్దుల్లాపూర్మెట్,,00000
Telangana,2,694,Nagarkurnool,4579,2,Achampet,అచ్చం పేట,31,04579
Telangana,3,514,Nalgonda,6304,3,Adavidevulapalli,అడవిదేవులపల్లి,,00000
Telangana,4,697,Yadadri Bhuvanagiri,6310,2,Adda Guduru,అడ్డగూడూరు,,00000
Telangana,5,512,Mahabubnagar,4586,4,Addakal,అడ్డాకల్,38,04586
Telangana,6,501,Adilabad,6221,5,Adilabad Rural,ఆదిలాబాద్ (రూరల్),,00000
Telangana,7,501,Adilabad,4306,6,Adilabad Urban,ఆదిలాబాద్ (అర్బన్),2,04306
Telangana,8,692,Siddipet,7524,1,Akberpet-Bhoompally,Akberpet-Bhoompally,,00000
Telangana,9,692,Siddipet,6285,2,Akkannapet,అక్కన్నపేట,,00000
Telangana,10,697,Yadadri Bhuvanagiri,4617,3,Alair,ఆలేరు,5,04617
Telangana,11,695,Jogulamba Gadwal,4612,3,Alampur,ఆలంపూర్,64,04612
Telangana,12,513,Medak,4470,2,Alladurg,అల్లాదుర్గ్,20,04470
Telangana,13,690,Bhadradri Kothagudem,6267,3,Allapalli,ఆళ్ళపల్లి,,00000
Telangana,14,516,Nizamabad,7528,1,Aloor,Aloor,,00000
Telangana,15,700,Medchal Malkajgiri,6328,1,Alwal,అల్వాల్,,00000
Telangana,16,518,Ranga Reddy,4563,3,Amangal,అమంగల్,15,04563
Telangana,17,693,Wanaparthy,6290,2,Amarchintha,అమరచింత,,00000
Telangana,18,507,Hyderabad,4502,1,Amberpet,అంబర్ పేట్,7,04502
Telangana,19,691,Sangareddy,6276,2,Ameenpur,అమిన్ పూర్,,00000
Telangana,20,507,Hyderabad,4497,1,Ameerpet,అమీర్ పేట్,2,04497
Telangana,21,694,Nagarkurnool,4578,3,Amrabad,అమ్రాబాద్,30,04578
Telangana,22,696,Suryapet,6302,1,Ananthagiri,అనంతగిరి,,00000
Telangana,23,691,Sangareddy,4479,2,Andole,ఆందోల్,29,04479
Telangana,24,690,Bhadradri Kothagudem,6268,1,Annapureddypalli,అన్నపురెడ్డిపల్లి,,00000
Telangana,25,682,Peddapalli,6214,1,Anthergaon,అంతర్ గాం,,00000
Telangana,26,514,Nalgonda,4660,2,Anumula,అనుముల,48,04660
Telangana,27,516,Nizamabad,4360,3,Armoor,ఆర్మూర్,4,04360
Telangana,28,699,Kumuram Bheem Asifabad,4319,2,Asifabad,ఆసిఫాబాద్,15,04319
Telangana,29,507,Hyderabad,4506,2,Asif Nagar,ఆసిఫ్ నగర్,11,04506
Telangana,30,690,Bhadradri Kothagudem,4728,2,Aswapuram,అశ్వాపురం,6,04728
Telangana,31,690,Bhadradri Kothagudem,4749,2,Aswaraopeta,అశ్వారావుపేట,27,04749
Telangana,32,686,Hanumakonda,4694,4,Athmakur,ఆత్మాకూర్,23,04694
Telangana,33,693,Wanaparthy,4592,5,Atmakur,ఆత్మకూర్,44,04592
Telangana,34,697,Yadadri Bhuvanagiri,4626,3,Atmakur (M),ఆత్మకూరు (మో),14,04626
Telangana,35,696,Suryapet,4622,2,Atmakur (S),ఆత్మకూరు (సూ),10,04622
Telangana,36,689,Jangoan,4674,2,Bachannapet,బచ్చన్నపేట,3,04674
Telangana,37,700,Medchal Malkajgiri,6315,1,Bachupally,బాచ్ పల్లి,,00000
Telangana,38,507,Hyderabad,4508,1,Bahadurpura,బహదూర్ పుర,13,04508
Telangana,39,512,Mahabubnagar,4557,2,Balanagar,బాలనగర్,9,04557
Telangana,40,700,Medchal Malkajgiri,4517,3,Balanagar,బాలానగర్,6,04517
Telangana,41,518,Ranga Reddy,6323,1,Balapur,బాలాపూర్,,00000
Telangana,42,516,Nizamabad,4361,3,Balkonda,బాల్కోండ,5,04361
Telangana,43,694,Nagarkurnool,4597,2,Balmoor,బల్మూర్,49,04597
Telangana,44,507,Hyderabad,4509,1,Bandlaguda,బండ్లగూడ,14,04509
Telangana,45,685,Kamareddy,4383,2,Banswada,బాన్స్ వాడ,27,04383
Telangana,46,698,Vikarabad,4532,3,Bantwaram,బంట్వారం,21,04532
Telangana,47,680,Nirmal,6205,2,Basar,బాసర,,00000
Telangana,48,698,Vikarabad,4535,2,Basheerabad,బషీరాబాద్,24,04535
Telangana,49,688,Mahabubabad,4742,2,Bayyaram,బయ్యారం,20,04742
Telangana,50,501,Adilabad,4323,2,Bazarhatnoor,బజార్ హత్నూర్,19,04323
Telangana,51,681,Jagitial,6212,4,Beerpur,బీర్ పూర్,,00000
Telangana,52,692,Siddipet,4437,6,Bejjanki,బెజ్జంకి,44,04437
Telangana,53,699,Kumuram Bheem Asifabad,4317,4,Bejjur,బెజ్జూర్,13,04317
Telangana,54,501,Adilabad,4308,2,Bela,బేల,4,04308
Telangana,55,684,Mancherial,4350,3,Bellampally,బెల్లంపల్లి,46,04350
Telangana,56,690,Bhadradri Kothagudem,4730,2,Bhadrachalam,భద్రాచలం,8,04730
Telangana,57,680,Nirmal,4339,2,Bhainsa,భైంసా,35,04339
Telangana,58,686,Hanumakonda,4448,5,Bheemadevarpalli,భీందేవరపల్లి,55,04448
Telangana,59,684,Mancherial,6228,1,Bheemaram,భీమారం,,00000
Telangana,60,681,Jagitial,7541,1,Bheemaram (20),Bheemaram (20),,00000
Telangana,61,516,Nizamabad,4364,1,Bheemgal,భీంగల్,8,04364
Telangana,62,684,Mancherial,4328,4,Bheemini,భీమిని,24,04328
Telangana,63,501,Adilabad,6223,2,Bheempur,భీంపూర్,,00000
Telangana,64,685,Kamareddy,4391,3,Bhiknoor,బిక్ నూర్,35,04391
Telangana,65,697,Yadadri Bhuvanagiri,4628,2,Bhongir,భూవనగిరి,16,04628
Telangana,66,512,Mahabubnagar,4574,2,Bhoothpur,బూత్పూర్,26,04574
Telangana,67,501,Adilabad,7529,1,Bhoraj,Bhoraj,,00000
Telangana,68,687,Jayashankar Bhupalapally,4682,3,Bhupalpally,భూపాల్ పల్లి,11,04682
Telangana,69,697,Yadadri Bhuvanagiri,4629,2,Bibinagar,బీబినగర్,17,04629
Telangana,70,685,Kamareddy,6242,1,Bibipet,బీబీపేట్,,00000
Telangana,71,685,Kamareddy,4374,3,Bichkunda,బిచ్కుంద,18,04374
Telangana,72,694,Nagarkurnool,4584,3,Bijinapally,బిజినేపల్లి,36,04584
Telangana,73,685,Kamareddy,4375,4,Birkur,బీర్కూర్,19,04375
Telangana,74,501,Adilabad,4324,2,Boath,బోథ్,20,04324
Telangana,75,516,Nizamabad,4370,2,Bodhan,బోధన్,14,04370
Telangana,76,683,Rajanna Sircilla,4429,3,Boinpalli,బోయినిపల్లి,36,04429
Telangana,77,698,Vikarabad,4550,5,Bomaraspeta,బోంరాస్ పేట,2,04550
Telangana,78,697,Yadadri Bhuvanagiri,4613,2,Bommalaramaram,బొమ్మలరామారం,1,04613
Telangana,79,509,Khammam,4765,1,Bonakal,బోనకల్,43,04765
Telangana,80,697,Yadadri Bhuvanagiri,4630,3,B Pochampally,బి.పోచంపల్లి,18,04630
Telangana,81,681,Jagitial,6213,3,Buggaram,బుగ్గారం,,00000
Telangana,82,690,Bhadradri Kothagudem,4736,2,Burgampahad,బూర్గంపాడు,14,04736
Telangana,83,514,Nalgonda,4652,3,Chandampeta,చందంపేట,40,04652
Telangana,84,690,Bhadradri Kothagudem,4747,3,Chandrugonda,చండ్రుగొండ,25,04747
Telangana,85,514,Nalgonda,4655,2,Chandur,చండూరు,43,04655
Telangana,86,516,Nizamabad,6669,1,Chandur,చందూర్,,00000
Telangana,87,683,Rajanna Sircilla,4419,3,Chandurthi,చందుర్తి,26,04419
Telangana,88,694,Nagarkurnool,6293,1,Charakonda,చారకోండ,,00000
Telangana,89,507,Hyderabad,4510,1,Charminar,చార్మినార్,15,04510
Telangana,90,513,Medak,4466,3,Chegunta,చేగుంట,16,04466
Telangana,91,522,Warangal,4712,1,Chennaraopet,చెన్నారావుపేట,41,04712
Telangana,92,684,Mancherial,4356,2,Chennur,చెన్నూర్,52,04356
Telangana,93,692,Siddipet,4672,4,Cherial,చేర్యాల,1,04672
Telangana,94,690,Bhadradri Kothagudem,4726,2,Cherla,చర్ల,4,04726
Telangana,95,518,Ranga Reddy,4529,1,Chevella,చేవెళ్ళ,18,04529
Telangana,96,508,Karimnagar,4442,1,Chigurumamidi,చిగురుమామిడి,49,04442
Telangana,97,696,Suryapet,4667,2,Chilkur,చిలుకూరు,55,04667
Telangana,98,513,Medak,6274,4,Chilpched,చిలపు చెడు,,00000
Telangana,99,689,Jangoan,6259,1,Chilpur,చిల్పూర్,,00000
Telangana,100,512,Mahabubnagar,4587,2,Chinnachintakunta,చిన్నచింతకుంట,39,04587
Telangana,101,688,Mahabubabad,6254,2,Chinnagudur,చిన్నగూడూర్,,00000
Telangana,102,692,Siddipet,4460,3,Chinnakodur,చిన్నకోడూర్,11,04460
Telangana,103,693,Wanaparthy,6287,2,Chinnambavi,చిన్నంబావి,,00000
Telangana,104,699,Kumuram Bheem Asifabad,6314,1,Chintalamanepally,చింతాల మానెపల్లి,,00000
Telangana,105,509,Khammam,4760,1,Chinthakani,చింతకాని,38,04760
Telangana,106,696,Suryapet,6303,1,Chinthalapalem,చింతలపాలెం (మల్లారెడ్డి గూడెం),,00000
Telangana,107,514,Nalgonda,4650,2,Chinthapally,చింతపల్లి,38,04650
Telangana,108,687,Jayashankar Bhupalapally,4681,3,Chityal,చిట్యాల,10,04681
Telangana,109,514,Nalgonda,4633,2,Chityal,చిట్యాల,21,04633
Telangana,110,696,Suryapet,4639,3,Chivemla,చివ్వేంల,27,04639
Telangana,111,508,Karimnagar,4424,1,Choppadandi,చొప్పదండి,31,04424
Telangana,112,697,Yadadri Bhuvanagiri,4631,2,Choutuppal,చౌట్టుప్పల్,19,04631
Telangana,113,698,Vikarabad,7186,4,Chowdapur,,,00000
Telangana,114,691,Sangareddy,7188,1,Chowtakur,,,00000
Telangana,115,690,Bhadradri Kothagudem,6376,1,Chunchupalli,చుంచుపల్లి,,00000
Telangana,116,699,Kumuram Bheem Asifabad,4329,4,Dahegoan,దహెగాం,25,04329
Telangana,117,721,Narayanpet,4553,3,Damargidda,దామర్ గిద్ద,5,04553
Telangana,118,686,Hanumakonda,6375,3,Damera,దామెర,,00000
Telangana,119,514,Nalgonda,4663,3,Dameracherla,దామెరచర్ల,51,04663
Telangana,120,690,Bhadradri Kothagudem,4750,2,Dammapeta,దమ్మపేట,28,04750
Telangana,121,684,Mancherial,4348,3,Dandepally,దండెపల్లి,44,04348
Telangana,122,688,Mahabubabad,6255,1,Danthalapalle,దంతాలపల్లి,,00000
Telangana,123,680,Nirmal,6207,2,Dasturabad,దస్తూరబాద్,,00000
Telangana,124,512,Mahabubnagar,4573,3,Devarakadra,దేవర కద్ర,25,04573
Telangana,125,514,Nalgonda,4653,4,Devarakonda,దేవరకొండ,41,04653
Telangana,126,689,Jangoan,4701,2,Devaruppula,దేవరుప్పుల,30,04701
Telangana,127,721,Narayanpet,4572,3,Dhanwada,దన్వాడ,24,04572
Telangana,128,681,Jagitial,4397,5,Dharmapuri,ధర్మపురి,5,04397
Telangana,129,682,Peddapalli,4411,3,Dharmaram,ధర్మారం,18,04411
Telangana,130,686,Hanumakonda,4677,4,Dharmasagar,ధర్మసాగర్,6,04677
Telangana,131,695,Jogulamba Gadwal,4591,5,Dharoor,ధరూర్,43,04591
Telangana,132,516,Nizamabad,4378,4,Dharpally,ధర్ పల్లి,22,04378
Telangana,133,698,Vikarabad,4531,2,Dharur,ధారూరు,20,04531
Telangana,134,692,Siddipet,7189,1,Dhoolmitta,,,00000
Telangana,135,516,Nizamabad,4377,4,Dichpally,డిచ్ పల్లి,21,04377
Telangana,136,680,Nirmal,4343,4,Dilawarpur,దిలావర్ పూర్,39,04343
Telangana,137,698,Vikarabad,4537,2,Doma,దోమ(M),26,04537
Telangana,138,685,Kamareddy,4392,3,Domakonda,దోమకొండ,36,04392
Telangana,139,685,Kamareddy,7525,1,Dongli,Dongli,,00000
Telangana,140,516,Nizamabad,7530,1,Donkeshwar,Donkeshwar,,00000
Telangana,141,688,Mahabubabad,4722,3,Dornakal,డోర్నకల్,51,04722
Telangana,142,698,Vikarabad,4552,3,Doulathabad,దౌలతాబాద్,4,04552
Telangana,143,692,Siddipet,4465,3,Doultabad,దౌల్తాబాద్,15,04465
Telangana,144,692,Siddipet,4458,3,Dubbak,దుబ్బాక,9,04458
Telangana,145,698,Vikarabad,7540,2,Dudyal,Dudyal,,00000
Telangana,146,522,Warangal,4693,1,Duggondi,దుగ్గొండి,22,04693
Telangana,147,690,Bhadradri Kothagudem,4729,2,Dummugudem,దుమ్ముగూడెం,7,04729
Telangana,148,682,Peddapalli,4410,3,Eligaid,ఎలిగేడు,17,04410
Telangana,149,686,Hanumakonda,4449,3,Elkathurthy,ఎల్కతుర్తి,56,04449
Telangana,150,508,Karimnagar,6234,1,Ellandakunta,ఇల్లంతకుంట,,00000
Telangana,151,681,Jagitial,7539,2,Endapalli,Endapalli,,00000
Telangana,152,509,Khammam,4753,2,Enkoor,ఏనుకూరు,31,04753
Telangana,153,720,Mulugu,4685,5,Eturunagaram,ఏటూర్ నాగారం,14,04685
Telangana,154,518,Ranga Reddy,4559,2,Farooqnagar,ఫరూఖ్ నగర్,11,04559
Telangana,155,501,Adilabad,6225,1,Gadiguda,గాదిగూడ,,00000
Telangana,156,695,Jogulamba Gadwal,4603,2,Gadwal,గద్వాల్,55,04603
Telangana,157,692,Siddipet,4483,2,Gajwel,గజ్వెల్,33,04483
Telangana,158,683,Rajanna Sircilla,4433,2,Gambhiraopet,గంభీరావు పేట,40,04433
Telangana,159,512,Mahabubnagar,4538,3,Gandeed,గండీడ్(M),27,04538
Telangana,160,685,Kamareddy,4382,2,Gandhari,గాందారి,26,04382
Telangana,161,700,Medchal Malkajgiri,6316,2,Gandimaisamma Dundigal,గండిమైసమ్మ దుండిగల్,,00000
Telangana,162,518,Ranga Reddy,6320,1,Gandipet,గండిపెట్,,00000
Telangana,163,508,Karimnagar,4422,1,Gangadhara,గంగాధర,29,04422
Telangana,164,688,Mahabubabad,6253,2,Gangaram,గంగారం,,00000
Telangana,165,508,Karimnagar,6232,3,Ganneruvaram,గన్నేరువరం,,00000
Telangana,166,696,Suryapet,4666,3,Garidepally,గరిడేపల్లి,54,04666
Telangana,167,688,Mahabubabad,4743,2,Garla,గార్ల,21,04743
Telangana,168,514,Nalgonda,7526,1,Gattuppal,Gattuppal,,00000
Telangana,169,522,Warangal,4707,1,Geesugonda,గీసుగొండ,36,04707
Telangana,170,693,Wanaparthy,4585,3,Ghanpur,ఘనపూర్,37,04585
Telangana,171,687,Jayashankar Bhupalapally,4683,2,Ghanpur (Mulug),ఘణపూర్ (ములుగు),12,04683
Telangana,172,689,Jangoan,4676,3,Ghanpur (Station),ఘణపూర్(స్టేషన్),5,04676
Telangana,173,700,Medchal Malkajgiri,4523,4,Ghatkesar,ఘట్కేసర్,12,04523
Telangana,174,695,Jogulamba Gadwal,4605,3,Ghattu,గట్టు,57,04605
Telangana,175,507,Hyderabad,4507,1,Golconda,గోల్కొండ,12,04507
Telangana,176,681,Jagitial,4412,6,Gollapalli,గొల్లపల్లి,19,04412
Telangana,177,693,Wanaparthy,4596,4,Gopalpeta,గోపాల్ పేట,48,04596
Telangana,178,720,Mulugu,4688,3,Govindaraopet,గోవిందరావుపేట,17,04688
Telangana,179,501,Adilabad,4310,2,Gudihatnoor,గుడిహత్నూర్,6,04310
Telangana,180,514,Nalgonda,7527,1,Gudipally,Gudipally,,00000
Telangana,181,688,Mahabubabad,4711,2,Gudur,గూడూర్,40,04711
Telangana,182,691,Sangareddy,6277,1,Gummadidala,గుమ్మడిదల,,00000
Telangana,183,690,Bhadradri Kothagudem,4741,5,Gundala,గుండాల,19,04741
Telangana,184,697,Yadadri Bhuvanagiri,4618,3,Gundala,గుండాల,6,04618
Telangana,185,514,Nalgonda,4651,2,Gundlapally,గుండ్లపల్లి,39,04651
Telangana,186,721,Narayanpet,7523,1,Gundumal,Gundumal,,00000
Telangana,187,514,Nalgonda,4657,1,Gurrampode,గుర్రంపూడ్,45,04657
Telangana,188,684,Mancherial,6227,2,Hajipur,హజిపూర్,,00000
Telangana,189,686,Hanumakonda,4695,7,Hanamkonda,హన్మకొండ,24,04695
Telangana,190,512,Mahabubnagar,4555,1,Hanwada,హన్వాడ,7,04555
Telangana,191,686,Hanumakonda,4678,2,Hasanparthy,హసన్ పర్తి,7,04678
Telangana,192,691,Sangareddy,4489,2,Hathnoora,హత్నూర,39,04489
Telangana,193,513,Medak,6270,2,Havelighanapur,హవెలి ఘనాపూర్,,00000
Telangana,194,518,Ranga Reddy,4525,3,Hayathnagar,హయత్ నగర్,14,04525
Telangana,195,507,Hyderabad,4503,2,Himayatnagar,హిమాయత్ నగర్,8,04503
Telangana,196,692,Siddipet,4444,3,Husnabad,హుస్నాబాద్,51,04444
Telangana,197,508,Karimnagar,4446,1,Huzurabad,హుజురాబాద్,53,04446
Telangana,198,696,Suryapet,4669,2,Huzurnagar,హుజుర్ నగర్,57,04669
Telangana,199,518,Ranga Reddy,4546,2,Ibrahimpatnam,ఇబ్రహీంపట్నం,35,04546
Telangana,200,681,Jagitial,4393,5,Ibrahimpatnam,ఇబ్రహీంపట్నం,1,04393
Telangana,201,501,Adilabad,4322,2,Ichoda,ఇచ్చోడ,18,04322
Telangana,202,695,Jogulamba Gadwal,4606,3,Ieeja,అయిజ,58,04606
Telangana,203,683,Rajanna Sircilla,4436,4,Illanthakunta,ఇల్లంతకుంట,43,04436
Telangana,204,686,Hanumakonda,6249,2,Inavole,ఐనవోలు,,00000
Telangana,205,516,Nizamabad,6236,1,Indalwai,ఇందల్ వాయి,,00000
Telangana,206,501,Adilabad,4311,4,Inderavelly,ఇందర్ వెల్లి,7,04311
Telangana,207,688,Mahabubabad,7538,1,Inugurthy,Inugurthy,,00000
Telangana,208,695,Jogulamba Gadwal,4607,5,Itikyala,ఇటిక్యాల,59,04607
Telangana,209,512,Mahabubnagar,4567,1,Jadcherla,జడ్చర్ల,19,04567
Telangana,210,692,Siddipet,4484,4,Jagdevpur,జగదేవ్ పూర్,34,04484
Telangana,211,681,Jagitial,4414,4,Jagitial,జగిత్యాల్,21,04414
Telangana,212,681,Jagitial,6211,3,Jagitial Rural,జగిత్యాల రూరల్,,00000
Telangana,213,501,Adilabad,4307,4,Jainath,జైనధ్,3,04307
Telangana,214,699,Kumuram Bheem Asifabad,4320,2,Jainoor,జైనూర్,16,04320
Telangana,215,684,Mancherial,4355,3,Jaipur,జైపూర్,51,04355
Telangana,216,696,Suryapet,4623,4,Jajireddygudem,జాజిరెడ్డిగూడెం,11,04623
Telangana,217,516,Nizamabad,4366,2,Jakranpally,జక్రాన్ పల్లి,10,04366
Telangana,218,508,Karimnagar,4440,2,Jammikunta,జమ్మికుంట,47,04440
Telangana,219,689,Jangoan,4699,3,Jangoan,ఙనగామ,28,04699
Telangana,220,684,Mancherial,4334,2,Jannaram,జన్నారం,30,04334
Telangana,221,691,Sangareddy,4476,2,Jharasangam,ఝరాసంఘం,26,04476
Telangana,222,518,Ranga Reddy,6322,5,Jilled Chowdergudem,జిల్లెడ్ చౌదెర్గూడెం,,00000
Telangana,223,691,Sangareddy,4493,3,Jinnaram,జిన్నారం,43,04493
Telangana,224,685,Kamareddy,4373,4,Jukkal,జుక్కల్,17,04373
Telangana,225,682,Peddapalli,4409,4,Julapalli,జూలపల్లి,17,04409
Telangana,226,690,Bhadradri Kothagudem,4746,3,Julurpadu,జూలురుపాడు,24,04746
Telangana,227,680,Nirmal,4335,5,Kaddam Peddur,కడం పెద్దూర్,31,04335
Telangana,228,518,Ranga Reddy,6324,2,Kadthal,కడ్తాల్,,00000
Telangana,229,699,Kumuram Bheem Asifabad,4318,3,Kagaznagar,కాగజ్ నగర్,14,04318
Telangana,230,691,Sangareddy,4453,4,Kalher,కల్హేర్,4,04453
Telangana,231,509,Khammam,4763,2,Kalluru,కల్లూరు,41,04763
Telangana,232,695,Jogulamba Gadwal,6297,2,Kaloor Thimmandoddi,కలూరి తిమ్మన్ దొడ్డి,,00000
Telangana,233,694,Nagarkurnool,4576,2,Kalwakurthy,కల్వకుర్తి,28,04576
Telangana,234,686,Hanumakonda,4447,4,Kamalapur,కమలాపూర్,54,04447
Telangana,235,682,Peddapalli,4400,6,Kamanpur,కమాన్ పూర్,8,04400
Telangana,236,685,Kamareddy,4390,2,Kamareddy,కామారెడ్డి,34,04390
Telangana,237,509,Khammam,4745,2,Kamepalli,కామేపల్లి,23,04745
Telangana,238,516,Nizamabad,4363,2,Kammarpally,కమ్మర్ పల్లి,7,04363
Telangana,239,514,Nalgonda,4656,2,Kanagal,కనగల్,44,04656
Telangana,240,691,Sangareddy,6275,1,Kandi,కంది,,00000
Telangana,241,518,Ranga Reddy,4545,1,Kandukur,కందుకూరు,34,04545
Telangana,242,691,Sangareddy,4450,5,Kangti,కంగ్టి,1,04450
Telangana,243,720,Mulugu,6251,2,Kannaigudem,కన్నాయిగూడెం,,00000
Telangana,244,684,Mancherial,6229,2,Kannepally,కన్నేపల్లి,,00000
Telangana,245,700,Medchal Malkajgiri,6317,1,Kapra,కాప్రా,,00000
Telangana,246,690,Bhadradri Kothagudem,6269,1,Karakagudem,కరకగూడెం,,00000
Telangana,247,508,Karimnagar,6231,3,Karimnagar,కరీంనగర్,,00000
Telangana,248,508,Karimnagar,4428,4,Karimnagar Rural,కరీంనగర్ రూరల్,35,04428
Telangana,249,684,Mancherial,4349,2,Kasipet,కాసిపేట్,45,04349
Telangana,250,687,Jayashankar Bhupalapally,4402,2,Kataram,కాటారం,10,04402
Telangana,251,681,Jagitial,4418,2,Kathlapur,కథలాపూర్,25,04418
Telangana,252,514,Nalgonda,4635,2,Kattangur,కట్టంగూర్,23,04635
Telangana,253,700,Medchal Malkajgiri,4522,4,Keesara,కీసర(M),11,04522
Telangana,254,699,Kumuram Bheem Asifabad,4313,2,Kerameri,కెరమెరి,9,04313
Telangana,255,688,Mahabubabad,4717,3,Kesamudram,కేసముద్రం,46,04717
Telangana,256,518,Ranga Reddy,4561,2,Keshampet,కేశంపేట,13,04561
Telangana,257,514,Nalgonda,4637,2,Kethepally,కేతేపల్లి,25,04637
Telangana,258,507,Hyderabad,4505,1,Khairatabad,ఖైరతాబాద్,10,04505
Telangana,259,509,Khammam,4756,3,Khammam (Rural),ఖమ్మం రూరల్,34,04756
Telangana,260,509,Khammam,6326,1,Khammam Urban,ఖమ్మం అర్బన్,,00000
Telangana,261,680,Nirmal,4347,4,Khanapur,ఖానాపూర్,43,04347
Telangana,262,522,Warangal,4709,1,Khanapur,ఖానాపూర్,38,04709
Telangana,263,686,Hanumakonda,6247,3,Khazipet,కాజిపేట,,00000
Telangana,264,522,Warangal,6246,5,Khila Warangal,ఖిలా వరంగల్,,00000
Telangana,265,696,Suryapet,4668,3,Kodad,కోదాడ్,56,04668
Telangana,266,694,Nagarkurnool,4600,3,Kodair,కోడేరు,52,04600
Telangana,267,689,Jangoan,4702,2,Kodakandla,కొడకండ్ల,31,04702
Telangana,268,698,Vikarabad,4549,3,Kodangal,కోడంగల్,1,04549
Telangana,269,681,Jagitial,4420,2,Kodimial,కొడిమ్యాల,27,04420
Telangana,270,692,Siddipet,4443,2,Koheda,కోహెడ,50,04443
Telangana,271,691,Sangareddy,4475,2,Kohir,కోహిర్,25,04475
Telangana,272,512,Mahabubnagar,4569,2,Koilkonda,కోయిల్ కోండ,21,04569
Telangana,273,694,Nagarkurnool,4609,3,Kollapur,కొల్లాపూర్,61,04609
Telangana,274,692,Siddipet,6284,1,Komuravelli,కొమురవెల్లి,,00000
Telangana,275,683,Rajanna Sircilla,4431,3,Konaraopet,కోనరావు పేట,38,04431
Telangana,276,514,Nalgonda,6307,3,Kondamallepally,కౌండమల్లెపల్లి,,00000
Telangana,277,692,Siddipet,4462,3,Kondapak,కొండపాక,13,04462
Telangana,278,691,Sangareddy,4491,2,Kondapur,కొండాపూర్,41,04491
Telangana,279,518,Ranga Reddy,4558,3,Kondurg,కోందుర్గు,10,04558
Telangana,280,509,Khammam,4761,1,Konijerla,కొణిజర్ల,39,04761
Telangana,281,681,Jagitial,4416,5,Korutla,కోరుట్ల,23,04416
Telangana,282,721,Narayanpet,4551,4,Kosgi,కోస్గి,3,04551
Telangana,283,516,Nizamabad,4371,4,Kotagiri,కోటగిరి,15,04371
Telangana,284,684,Mancherial,4351,3,Kotapally,కోటపల్లి,47,04351
Telangana,285,698,Vikarabad,6312,2,Kotepally,కోటెపల్లి,,00000
Telangana,286,688,Mahabubabad,4710,5,Kothaguda,కొత్తగూడ,39,04710
Telangana,287,690,Bhadradri Kothagudem,4738,5,Kothagudem,కొత్తగూడెం,16,04738
Telangana,288,693,Wanaparthy,4593,3,Kothakota,కోత్తకోట,45,04593
Telangana,289,508,Karimnagar,6230,3,Kothapally,కొత్తపల్లి,,00000
Telangana,290,721,Narayanpet,7537,1,Kothapally (15),Kothapally (15),,00000
Telangana,291,687,Jayashankar Bhupalapally,7531,1,Kothapallygori,Kothapallygori,,00000
Telangana,292,518,Ranga Reddy,4560,3,Kothur,కోత్తూర్,12,04560
Telangana,293,512,Mahabubnagar,7522,1,Koukuntla,Koukuntla,,00000
Telangana,294,699,Kumuram Bheem Asifabad,4316,4,Koutala,కౌటాల,12,04316
Telangana,295,513,Medak,4480,5,Kowdipally,కౌడిపల్లి,30,04480
Telangana,296,721,Narayanpet,6264,3,Krishna,క్రిష్ణ,,00000
Telangana,297,680,Nirmal,4338,2,Kubeer,కుబీర్,34,04338
Telangana,298,700,Medchal Malkajgiri,6327,1,Kukatpally,కూకట్ పల్లి,,00000
Telangana,299,692,Siddipet,7521,1,Kukunoorpally,Kukunoorpally,,00000
Telangana,300,513,Medak,4468,1,Kulcharam,కుల్చారం,18,04468
Telangana,301,698,Vikarabad,4539,3,Kulkacharla,కుల్కచర్ల(M),28,04539
Telangana,302,680,Nirmal,4337,3,Kuntala,కుంటాల,33,04337
Telangana,303,688,Mahabubabad,4721,3,Kuravi,కురవి,50,04721
Telangana,304,509,Khammam,4755,1,Kusumanchi,కూసుమంచి,33,04755
Telangana,305,680,Nirmal,4345,3,Laxmanchanda,లక్ష్మణ్ చాంద,41,04345
Telangana,306,690,Bhadradri Kothagudem,6266,2,Laxmidevipalli,లక్ష్మీదేవిపల్లి,,00000
Telangana,307,694,Nagarkurnool,4598,2,Lingal,లింగాల్,50,04598
Telangana,308,689,Jangoan,4700,3,Lingalaghanpur,లింగాలఘణపూర్,29,04700
Telangana,309,685,Kamareddy,4388,2,Lingampet,లింగంపేట్,32,04388
Telangana,310,699,Kumuram Bheem Asifabad,6311,1,Lingapur,లింగాపూర్,,00000
Telangana,311,680,Nirmal,4342,2,Lokeswaram,లోకేశ్వరం,38,04342
Telangana,312,684,Mancherial,4353,2,Luxettipet,లక్సెట్టిపేట్,49,04353
Telangana,313,685,Kamareddy,4380,4,Machareddy,మాచారెడ్డి,24,04380
Telangana,314,693,Wanaparthy,6289,1,Madanapur,మదనాపురం,,00000
Telangana,315,696,Suryapet,6300,1,Maddirala,మద్దిరాల,,00000
Telangana,316,692,Siddipet,4673,4,Maddur,మద్దూరు,2,04673
Telangana,317,721,Narayanpet,4554,4,Maddur,మద్దూర్,6,04554
Telangana,318,518,Ranga Reddy,4564,2,Madgul,మాడ్గుల,16,04564
Telangana,319,509,Khammam,4766,1,Madhira,మధిర,44,04766
Telangana,320,685,Kamareddy,4372,3,Madnoor,మద్నూర్,16,04372
Telangana,321,514,Nalgonda,6305,2,Madugulapally,మడుగుల పల్లె,,00000
Telangana,322,721,Narayanpet,4590,4,Maganoor,మాగనూరు,42,04590
Telangana,323,688,Mahabubabad,4718,2,Mahabubabad,మహబూబాబాద్,47,04718
Telangana,324,512,Mahabubnagar,6258,1,Mahabubnagar Rural,మహబూబ్ నగర్ (రూరల్),,00000
Telangana,325,512,Mahabubnagar,4568,4,Mahabubnagar Urban,మహబూబ్ నగర్ (అర్బన్),20,04568
Telangana,326,687,Jayashankar Bhupalapally,4403,4,Mahadevpur,మహాదేవపూర్,11,04403
Telangana,327,518,Ranga Reddy,4544,2,Maheshwaram,మహేశ్వరం,33,04544
Telangana,328,516,Nizamabad,4367,2,Makloor,మక్లూర్,11,04367
Telangana,329,721,Narayanpet,4589,2,Makthal,మఖ్తల్,41,04589
Telangana,330,695,Jogulamba Gadwal,4604,2,Maldakal,మల్దకల్,56,04604
Telangana,331,687,Jayashankar Bhupalapally,4405,2,Malharrao,మల్హార్ రావు,13,04405
Telangana,332,700,Medchal Malkajgiri,4521,3,Malkajgiri,మల్కాజగిరి,10,04521
Telangana,333,720,Mulugu,7536,1,Mallampally,Mallampally,,00000
Telangana,334,681,Jagitial,4394,3,Mallapur,మల్లాపూర్,2,04394
Telangana,335,681,Jagitial,4413,2,Mallial,మల్యాల,20,04413
Telangana,336,680,Nirmal,4346,3,Mamada,మామడ,42,04346
Telangana,337,508,Karimnagar,4427,1,Manakondur,మానకొండూర్,34,04427
Telangana,338,518,Ranga Reddy,4547,2,Manchal,మంచాల్,36,04547
Telangana,339,684,Mancherial,4354,5,Mancherial,మంచిర్యాల్,50,04354
Telangana,340,684,Mancherial,4352,2,Mandamarri,మందమర్రి,48,04352
Telangana,341,720,Mulugu,4686,3,Mangapet,మంగపేట,15,04686
Telangana,342,513,Medak,6273,1,Manoharabad,మనోహరాబాద్,,00000
Telangana,343,691,Sangareddy,4451,3,Manoor,మనూర్,2,04451
Telangana,344,695,Jogulamba Gadwal,4611,5,Manopad,మనాపడ్,63,04611
Telangana,345,682,Peddapalli,4401,2,Manthani,మంథని,9,04401
Telangana,346,690,Bhadradri Kothagudem,4727,2,Manuguru,మణుగూరు,5,04727
Telangana,347,721,Narayanpet,6263,2,Marikal,మరికల్,,00000
Telangana,348,688,Mahabubabad,4720,3,Maripeda,మరిపెడ,49,04720
Telangana,349,692,Siddipet,6282,1,Markook,మర్కుక్,,00000
Telangana,350,698,Vikarabad,4512,2,Marpalle,మర్పల్లి(M),1,04512
Telangana,351,507,Hyderabad,4500,2,Marredpally,మారెడ్ పల్లి,5,04500
Telangana,352,514,Nalgonda,4649,2,Marriguda,మర్రిగూడ,37,04649
Telangana,353,513,Medak,7190,1,Masaipet,,,00000
Telangana,354,696,Suryapet,4670,3,Mattampally,మట్టంపల్లి,58,04670
Telangana,355,501,Adilabad,6222,2,Mavala,మావల,,00000
Telangana,356,513,Medak,4456,2,Medak,మెదక్,7,04456
Telangana,357,700,Medchal Malkajgiri,4519,2,Medchal,మేడ్చల్(M),8,04519
Telangana,358,681,Jagitial,4415,4,Medipalli,మేడిపల్లి,22,04415
Telangana,359,700,Medchal Malkajgiri,6318,1,Medipally,మేడిపల్లి,,00000
Telangana,360,696,Suryapet,4671,4,Mellachervu,మేళ్ళచెరువు,59,04671
Telangana,361,516,Nizamabad,6237,1,Mendora,మెండొర,,00000
Telangana,362,681,Jagitial,4417,7,Metpalli,మెట్ పల్లి,24,04417
Telangana,363,512,Mahabubnagar,4566,3,Midjil,మిడ్జిల్,18,04566
Telangana,364,692,Siddipet,4464,3,Mirdoddi,మిర్ దొడ్డి,14,04464
Telangana,365,514,Nalgonda,4664,1,Miryalaguda,మిర్యాలగూడ,52,04664
Telangana,366,691,Sangareddy,6278,1,Mogudampally,మొగుడంపల్లి,,00000
Telangana,367,687,Jayashankar Bhupalapally,4680,4,Mogullapally,మొగుళ్ళపల్లి,9,04680
Telangana,368,512,Mahabubnagar,7187,1,Mohammadabad,,,00000
Telangana,369,685,Kamareddy,7520,1,Mohammadnagar,Mohammadnagar,,00000
Telangana,370,518,Ranga Reddy,4528,1,Moinabad,మోయినా బాద్,17,04528
Telangana,371,698,Vikarabad,4513,2,Mominpet,మోమిన్ పేట్,2,04513
Telangana,372,512,Mahabubnagar,6260,2,Moosapet,మూసాపేట్,,00000
Telangana,373,516,Nizamabad,4362,3,Morthad,మోర్తాడ్,6,04362
Telangana,374,516,Nizamabad,6668,1,Mosara,మోస్రా,,00000
Telangana,375,697,Yadadri Bhuvanagiri,6309,2,Motakonduru,మూటకొండూరు,,00000
Telangana,376,696,Suryapet,4640,2,Mothey,మోతె,28,04640
Telangana,377,697,Yadadri Bhuvanagiri,4625,3,Mothkur,మోతుకూరు,13,04625
Telangana,378,680,Nirmal,4341,3,Mudhole,ముధోల్,37,04341
Telangana,379,509,Khammam,4758,1,Mudigonda,ముదిగొండ,36,04758
Telangana,380,700,Medchal Malkajgiri,6671,1,Muduchinthalapally,ముడుచింతలపల్లి,,00000
Telangana,381,516,Nizamabad,6235,1,Mugpal,ముగ్పాల్,,00000
Telangana,382,690,Bhadradri Kothagudem,4748,3,Mulkalapally,ములకలపల్లి,26,04748
Telangana,383,692,Siddipet,4486,3,Mulug,ములుగు,36,04486
Telangana,384,720,Mulugu,4689,4,Mulug,ములుగు,18,04689
Telangana,385,696,Suryapet,4642,2,Munagala,మునగాల,30,04642
Telangana,386,691,Sangareddy,4477,3,Munipally,మునిపల్లి,27,04477
Telangana,387,514,Nalgonda,4647,2,Munugode,మునుగోడు,35,04647
Telangana,388,516,Nizamabad,6238,1,Mupkal,ముప్ కాల్,,00000
Telangana,389,507,Hyderabad,4501,1,Musheerabad,ముషీరాబాద్,6,04501
Telangana,390,683,Rajanna Sircilla,4434,2,Mustabad,ముస్తాబాద్,41,04434
Telangana,391,687,Jayashankar Bhupalapally,4404,5,Mutharam Mahadevpur,ముత్తారం (మహదేవ్ పూర్),12,04404
Telangana,392,682,Peddapalli,4406,3,Mutharam (Manthani),ముత్తారం(మంథని),14,04406
Telangana,393,696,Suryapet,4641,3,Nadigudem,నడిగూడెం,29,04641
Telangana,394,686,Hanumakonda,6547,4,Nadikuda,నడికూడ,,00000
Telangana,395,691,Sangareddy,6280,1,Nagalgidda,నాగల్ గిద్ద,,00000
Telangana,396,696,Suryapet,6298,1,Nagaram,నాగారం,,00000
Telangana,397,694,Nagarkurnool,4583,3,Nagarkurnool,నాగర్ కర్నూల్,35,04583
Telangana,398,685,Kamareddy,4387,3,Nagireddypet,నాగిరెడ్డిపెట్,31,04387
Telangana,399,514,Nalgonda,4636,1,Nakrekal,నకిరేకల్,24,04636
Telangana,400,514,Nalgonda,4646,1,Nalgonda,నల్లగొండ,34,04646
Telangana,401,522,Warangal,4692,2,Nallabelli,నల్లబెల్లి,21,04692
Telangana,402,514,Nalgonda,4654,2,Nampally,నాంపల్లి,42,04654
Telangana,403,507,Hyderabad,4504,1,Nampally,నాంపల్లి,9,04504
Telangana,404,518,Ranga Reddy,6321,2,Nandigama,నందిగామ,,00000
Telangana,405,516,Nizamabad,4359,2,Nandipet,నందిపేట్,3,04359
Telangana,406,692,Siddipet,4461,2,Nangnoor,నంగునూరు,12,04461
Telangana,407,692,Siddipet,6670,1,Narayanaraopet,నారాయణరావు పెట్,,00000
Telangana,408,691,Sangareddy,4452,4,Narayankhed,నారాయణఖేడ్,3,04452
Telangana,409,721,Narayanpet,4570,2,Narayanpet,నారయణ పేట్,22,04570
Telangana,410,697,Yadadri Bhuvanagiri,4648,3,Narayanpur,నారాయణపూర్,36,04648
Telangana,411,514,Nalgonda,4634,2,Narketpally,నార్కటుపల్లి,22,04634
Telangana,412,689,Jangoan,4675,3,Narmetta,నర్మెట్ట,4,04675
Telangana,413,501,Adilabad,4312,2,Narnoor,నార్నూర్,8,04312
Telangana,414,522,Warangal,4708,1,Narsampet,నర్సంపేట,37,04708
Telangana,415,513,Medak,4488,1,Narsapur,నర్సాపూర్,38,04488
Telangana,416,680,Nirmal,6208,2,Narsapur G,నర్సాపూర్ (జి),,00000
Telangana,417,688,Mahabubabad,4719,4,Narsimhulapet,నర్సింహులపేట,48,04719
Telangana,418,513,Medak,6272,1,Narsingi,నర్సింగి,,00000
Telangana,419,721,Narayanpet,4588,4,Narwa,నర్వ,40,04588
Telangana,420,684,Mancherial,6226,1,Naspur,నస్పూరు,,00000
Telangana,421,685,Kamareddy,6244,1,Nasurullabad,నసురుల్లాబాద్,,00000
Telangana,422,516,Nizamabad,4358,1,Navipet,నవీపేట్,2,04358
Telangana,423,698,Vikarabad,4514,2,Nawabpet,నవాబ్ పేట్,3,04514
Telangana,424,512,Mahabubnagar,4556,4,Nawabpet,నవాబ్ పేట,8,04556
Telangana,425,522,Warangal,4713,1,Nekkonda,నెక్కొండ,42,04713
Telangana,426,509,Khammam,4759,2,Nelakondapalli,నేలకొండపల్లి,37,04759
Telangana,427,688,Mahabubabad,4716,4,Nellikudur,నెల్లికుదురు,45,04716
Telangana,428,684,Mancherial,4331,3,Nennel,నెన్నెల్,27,04331
Telangana,429,501,Adilabad,4325,1,Neradigonda,నేరడిగొండ,21,04325
Telangana,430,696,Suryapet,4665,5,Nereducherla,నేరేడ్ చర్ల,53,04665
Telangana,431,514,Nalgonda,6308,1,Neredugommu,నేరెడుగొమ్ము,,00000
Telangana,432,514,Nalgonda,4661,4,Nidmanoor,నిడమనూరు,49,04661
Telangana,433,680,Nirmal,6210,4,Nirmal Rural,నిర్మల్ (రూరల్),,00000
Telangana,434,680,Nirmal,4344,6,Nirmal U,నిర్మల్ (యు),40,04344
Telangana,435,516,Nizamabad,4368,6,Nizamabad North,నిజామాబాదు నార్త్,12,04368
Telangana,436,516,Nizamabad,6233,1,Nizamabad Rural,నిజామాబాదు రూరల్,,00000
Telangana,437,516,Nizamabad,6385,1,Nizamabad South,నిజామాబాదు సౌత్,,00000
Telangana,438,513,Medak,6271,1,Nizampet,నిజాంపేట్,,00000
Telangana,439,691,Sangareddy,7535,2,Nizampet (28),Nizampet (28),,00000
Telangana,440,685,Kamareddy,4385,3,Nizamsagar,నిజాంసాగర్,29,04385
Telangana,441,696,Suryapet,4621,4,Nuthanakal,నూతనకల్లు,9,04621
Telangana,442,691,Sangareddy,4473,2,Nyalkal,న్యాల్ కల్,23,04473
Telangana,443,682,Peddapalli,4426,2,Odela,ఓదెల,33,04426
Telangana,444,694,Nagarkurnool,6294,1,Padara,పదర,,00000
Telangana,445,696,Suryapet,6301,2,Palakeedu,పాలకీడు,,00000
Telangana,446,682,Peddapalli,6215,3,Palakurthy,పాలకుర్తి,,00000
Telangana,447,689,Jangoan,4697,3,Palakurthy,పాలకుర్తి,26,04697
Telangana,448,687,Jayashankar Bhupalapally,6250,2,Palimela,పల్మెల,,00000
Telangana,449,690,Bhadradri Kothagudem,4737,3,Palvoncha,పాల్వంచ,15,04737
Telangana,450,685,Kamareddy,7519,1,Palwancha,Plawancha,,00000
Telangana,451,693,Wanaparthy,4601,2,Pangal,పాన్ గల్,53,04601
Telangana,452,513,Medak,4455,1,Papannapet,పాపన్నపేట్,6,04455
Telangana,453,698,Vikarabad,4540,2,Pargi,పరిగి,29,04540
Telangana,454,686,Hanumakonda,4679,3,Parkal,పర్కాల,8,04679
Telangana,455,522,Warangal,4714,1,Parvathagiri,పర్వతగిరి,43,04714
Telangana,456,691,Sangareddy,4494,4,Patancheru,పటాన్ చెరు,44,04494
Telangana,457,693,Wanaparthy,4602,5,Pebbair,పెబ్బెర్,54,04602
Telangana,458,514,Nalgonda,4658,4,Pedda Adesherlapally,పెద్ద అడిశర్లపల్లి,46,04658
Telangana,459,685,Kamareddy,6245,2,Pedda Kodapgal,పెద్ద కోడపగల్,,00000
Telangana,460,694,Nagarkurnool,4599,3,Peddakothapally,పెద్దకొత్తపల్లి,51,04599
Telangana,461,693,Wanaparthy,4594,2,Peddamandadi,పెద్ద మందడి,46,04594
Telangana,462,682,Peddapalli,4408,3,Peddapalli,పెద్దపల్లి,16,04408
Telangana,463,688,Mahabubabad,6256,1,Peddavangara,పెద్దవంగర,,00000
Telangana,464,514,Nalgonda,4659,2,Peddavoora,పెద్దవూర,47,04659
Telangana,465,698,Vikarabad,4533,4,Peddemul,పెద్దముల్,22,04533
Telangana,466,681,Jagitial,4421,5,Pegadapalli,పెగడపల్లి,28,04421
Telangana,467,680,Nirmal,6206,2,Pembi,పెంబి,,00000
Telangana,468,699,Kumuram Bheem Asifabad,6313,2,Penchicalpet,పెంచికల్ పేట్,,00000
Telangana,469,696,Suryapet,4643,2,Penpahad,పెనుపహడ్,31,04643
Telangana,470,694,Nagarkurnool,6292,2,Pentlavelli,పెంట్లవెల్లి,,00000
Telangana,471,509,Khammam,4752,1,Penuballi,పెనుబల్లి,30,04752
Telangana,472,690,Bhadradri Kothagudem,4725,3,Pinapaka,పినపాక,3,04725
Telangana,473,685,Kamareddy,4384,3,Pitlam,పిట్లం,28,04384
Telangana,474,516,Nizamabad,7534,1,Pothangal,Pothangal,,00000
Telangana,475,698,Vikarabad,4541,2,Pudur,పూడూర్(M),30,04541
Telangana,476,691,Sangareddy,4478,3,Pulkal,పుల్కల్,28,04478
Telangana,477,700,Medchal Malkajgiri,4518,5,Qutballapur,ఖుతుబుల్లాపూర్,7,04518
Telangana,478,509,Khammam,4757,3,Raghunadhapalem,రఘునాథపాలెం,35,04757
Telangana,479,689,Jangoan,4698,4,Ragunathpally,రఘునాథపల్లి,27,04698
Telangana,480,681,Jagitial,4395,2,Raikal,రాయికల్,3,04395
Telangana,481,691,Sangareddy,4472,2,Raikode,రాయకోడ్,22,04472
Telangana,482,692,Siddipet,6283,1,Raipole,రాయపోల్,,00000
Telangana,483,685,Kamareddy,6241,1,Rajampet,రాజంపెట్,,00000
Telangana,484,697,Yadadri Bhuvanagiri,4615,3,Rajapeta,రాజాపేట,3,04615
Telangana,485,512,Mahabubnagar,6261,1,Rajapur,రాజాపూర్,,00000
Telangana,486,518,Ranga Reddy,4527,2,Rajendranagar,రాజేంద్ర నగర్,16,04527
Telangana,487,695,Jogulamba Gadwal,6296,1,Rajoli,రాజోలి,,00000
Telangana,488,508,Karimnagar,4423,1,Ramadugu,రామడుగు,30,04423
Telangana,489,682,Peddapalli,6216,3,Ramagiri,రామగిరి,,00000
Telangana,490,682,Peddapalli,4399,5,Ramagundam,రామగుండం,7,04399
Telangana,491,697,Yadadri Bhuvanagiri,4632,3,Ramannapet,రామన్నపేట,20,04632
Telangana,492,685,Kamareddy,6243,2,Ramareddy,రామారెడ్డి,,00000
Telangana,493,513,Medak,4457,2,Ramayampet,రామాయంపేట,8,04457
Telangana,494,691,Sangareddy,4495,3,Ramchandrapuram,రామచంద్రాపురం,45,04495
Telangana,495,522,Warangal,4703,2,Rayaparthy,రాయపర్తి,32,04703
Telangana,496,699,Kumuram Bheem Asifabad,4327,3,Rebbena,రెబ్బెన,23,04327
Telangana,497,513,Medak,4471,2,Regode,రేగోడు,21,04471
Telangana,498,687,Jayashankar Bhupalapally,4690,3,Regonda,రేగోండ,19,04690
Telangana,499,516,Nizamabad,4357,2,Renjal,రేంజల్,1,04357
Telangana,500,693,Wanaparthy,6286,3,Revally,రేవల్లి,,00000
Telangana,501,683,Rajanna Sircilla,6219,1,Rudrangi,రుద్రంగి,,00000
Telangana,502,516,Nizamabad,6240,1,Rudrur,రుద్రూర్,,00000
Telangana,503,685,Kamareddy,4381,4,Sadashivanagar,సదాశివ్ నగర్,25,04381
Telangana,504,691,Sangareddy,4490,2,Sadasivpet,సదాశివపేట్,40,04490
Telangana,505,507,Hyderabad,4511,2,Saidabad,సైదాబాద్,16,04511
Telangana,506,516,Nizamabad,7532,1,Saloora,Saloora,,00000
Telangana,507,691,Sangareddy,4492,3,Sangareddy,సంగారెడ్డి,42,04492
Telangana,508,522,Warangal,4705,5,Sangem,సంగెం,34,04705
Telangana,509,680,Nirmal,4336,4,Sarangapur,సారంగపూర్,32,04336
Telangana,510,681,Jagitial,4396,5,Sarangapur,సారంగాపూర్,4,04396
Telangana,511,518,Ranga Reddy,4526,3,Saroornagar,సరూర్ నగర్,15,04526
Telangana,512,501,Adilabad,7515,1,Sathnala,Sathnala,,00000
Telangana,513,509,Khammam,4751,2,Sathupalli,సత్తుపల్లి,29,04751
Telangana,514,507,Hyderabad,4498,1,Secunderabad,సికింద్రాబాద్,3,04498
Telangana,515,688,Mahabubabad,7518,1,Seerole,Seerole,,00000
Telangana,516,518,Ranga Reddy,4516,1,Serilingampally,శేరిలింగంపల్లి,5,04516
Telangana,517,518,Ranga Reddy,4542,1,Shabad,షాబాద్,31,04542
Telangana,518,507,Hyderabad,4496,1,Shaikpet,షేక్ పేట్,1,04496
Telangana,519,514,Nalgonda,4624,2,Shaligouraram,శాలిగౌరారం,12,04624
Telangana,520,700,Medchal Malkajgiri,4520,4,Shamirpet,షామీర్ పేట్,9,04520
Telangana,521,518,Ranga Reddy,4543,1,Shamshabad,శంషాబాద్,32,04543
Telangana,522,513,Medak,4454,2,Shankarampet (A),శంకరంపేట్ (ఎ),5,04454
Telangana,523,513,Medak,4467,2,Shankarampet (R),శంకరంపేట(ఆర్),17,04467
Telangana,524,508,Karimnagar,4441,1,Shankarapatnam,శంకరపట్నం,48,04441
Telangana,525,518,Ranga Reddy,4515,1,Shankarpalle,శంకర్ పల్లి,4,04515
Telangana,526,686,Hanumakonda,4691,2,Shayampet,శాయంపేట్,20,04691
Telangana,527,513,Medak,4487,2,Shivampet,శివ్వంపేట్,37,04487
Telangana,528,692,Siddipet,6281,2,Siddipet Rural,సిద్దిపేట (రూరల్),,00000
Telangana,529,692,Siddipet,4459,4,Siddipet Urban,సిద్దిపేట (అర్బన్),10,04459
Telangana,530,509,Khammam,4744,1,Singareni,సింగరేణి,22,04744
Telangana,531,683,Rajanna Sircilla,4435,3,Sircilla,సిరిసిల్ల,42,04435
Telangana,532,691,Sangareddy,6279,1,Sirgapoor,సిర్గాపూర్,,00000
Telangana,533,516,Nizamabad,4379,3,Sirikonda,సిరికోండ,23,04379
Telangana,534,501,Adilabad,6224,3,Sirikonda,సిరికొండ,,00000
Telangana,535,699,Kumuram Bheem Asifabad,4315,2,Sirpur (T),సిర్పూర్ (టి),11,04315
Telangana,536,699,Kumuram Bheem Asifabad,4326,4,Sirpur U,సిర్పూర్ ( యు ),22,04326
Telangana,537,680,Nirmal,6209,2,Soan,సోన్,,00000
Telangana,538,501,Adilabad,7516,1,Sonala,Sonala,,00000
Telangana,539,682,Peddapalli,4407,2,Srirampur,శ్రీ రాంపూర్,15,04407
Telangana,540,693,Wanaparthy,6288,3,Srirangapur,శ్రీ రంగాపూర్,,00000
Telangana,541,690,Bhadradri Kothagudem,6265,1,Sujathanagar,సుజాతనగర్,,00000
Telangana,542,682,Peddapalli,4425,3,Sulthanabad,సుల్తానాబాద్,32,04425
Telangana,543,696,Suryapet,4638,2,Suryapet,సూర్యాపేట,26,04638
Telangana,544,694,Nagarkurnool,4582,2,Tadoor,తాడూరు,34,04582
Telangana,545,720,Mulugu,4687,3,Tadvai,తాడ్వాయి (సమ్మక్క సారక్క),16,04687
Telangana,546,685,Kamareddy,4389,3,Tadwai,తాడ్వాయి,33,04389
Telangana,547,501,Adilabad,4309,1,Talamadugu,తలమడుగు,5,04309
Telangana,548,501,Adilabad,4305,3,Tamsi,తాంసి,1,04305
Telangana,549,698,Vikarabad,4534,2,Tandur,తాండూర్,23,04534
Telangana,550,684,Mancherial,4332,2,Tandur,తాండూర్,28,04332
Telangana,551,680,Nirmal,4340,2,Tanoor,తానూర్,36,04340
Telangana,552,513,Medak,4469,1,Tekmal,టేక్మాల్,19,04469
Telangana,553,690,Bhadradri Kothagudem,4739,3,Tekulapalli,టేకులపల్లి,17,04739
Telangana,554,687,Jayashankar Bhupalapally,6248,1,Tekumatla,టేకుమట్ల,,00000
Telangana,555,694,Nagarkurnool,4581,3,Telkapally,తెల్కపల్లి,33,04581
Telangana,556,518,Ranga Reddy,4562,5,Thalakondapally,తలకోండపల్లి,14,04562
Telangana,557,509,Khammam,4762,2,Thallada,తల్లాడ,40,04762
Telangana,558,683,Rajanna Sircilla,6217,1,Thangallapalli,తంగళ్ల పల్లి,,00000
Telangana,559,689,Jangoan,6257,1,Tharigoppula,తరిగొప్పుల,,00000
Telangana,560,694,Nagarkurnool,4575,2,Thimmajipet,తిమ్మాజీపేట్,27,04575
Telangana,561,508,Karimnagar,4438,3,Thimmapur LMD,తిమ్మాపూర్(LMD),45,04438
Telangana,562,514,Nalgonda,4645,3,Thipparthy,తిప్పర్తి,33,04645
Telangana,563,696,Suryapet,4619,4,Thirumalagiri,తిర్మలగిరి,7,04619
Telangana,564,692,Siddipet,4463,2,Thoguta,తొగుట,13,04463
Telangana,565,688,Mahabubabad,4715,3,Thorrur,తొర్రూర్,44,04715
Telangana,566,696,Suryapet,4620,5,Thungaturthy,తుంగతుర్తి,8,04620
Telangana,567,697,Yadadri Bhuvanagiri,4614,3,Thurkapally,తుర్కపల్లి,2,04614
Telangana,568,514,Nalgonda,6306,1,Tirumalagiri Sagar,తిరుమలగిరి సాగర్,,00000
Telangana,569,509,Khammam,4754,2,Tirumalayapalem,తిరుమలాయపాలెం,32,04754
Telangana,570,507,Hyderabad,4499,2,Tirumalgiri,తిరుమలగిరి,4,04499
Telangana,571,699,Kumuram Bheem Asifabad,4333,3,Tiryani,తిర్యాని,29,04333
Telangana,572,513,Medak,4482,3,Toopran,తూప్రాన్,32,04482
Telangana,573,514,Nalgonda,4662,4,Tripuraram,త్రిపురారం,50,04662
Telangana,574,695,Jogulamba Gadwal,6299,3,Undavelly,ఉండవెల్లి,,00000
Telangana,575,700,Medchal Malkajgiri,4524,2,Uppal,ఉప్పల్,13,04524
Telangana,576,694,Nagarkurnool,4580,2,Uppununthala,ఉప్పునుంతల,32,04580
Telangana,577,694,Nagarkurnool,6295,3,Urkonda,ఊర్కొండ,,00000
Telangana,578,721,Narayanpet,4571,2,Utkoor,ఉట్కురు,23,04571
Telangana,579,501,Adilabad,4321,1,Utnoor,ఉట్నూర్,17,04321
Telangana,580,516,Nizamabad,4365,2,Vailpoor,వేల్పూర్,9,04365
Telangana,581,697,Yadadri Bhuvanagiri,4627,2,Valigonda,వలిగొండ,15,04627
Telangana,582,694,Nagarkurnool,4577,3,Vangoor,వంగూరు,29,04577
Telangana,583,516,Nizamabad,4376,4,Varni,వర్ని,20,04376
Telangana,584,691,Sangareddy,6291,2,Vatpally,వట్ పల్లి,,00000
Telangana,585,508,Karimnagar,4439,1,Veenavanka,వీణవంక,46,04439
Telangana,586,683,Rajanna Sircilla,6220,2,Veernapalli,వీర్న పల్లి,,00000
Telangana,587,686,Hanumakonda,6252,3,Velair,వేలేరు,,00000
Telangana,588,694,Nagarkurnool,4565,3,Veldanda,వేల్దండ,17,04565
Telangana,589,681,Jagitial,4398,5,Velgatur,వెల్గటూరు,6,04398
Telangana,590,684,Mancherial,4330,4,Vemanpally,వేమన్ పల్లి,26,04330
Telangana,591,509,Khammam,4768,1,Vemsoor,వేంసూరు,46,04768
Telangana,592,514,Nalgonda,4644,3,Vemulapally,వేములపల్లి,32,04644
Telangana,593,683,Rajanna Sircilla,4430,4,Vemulawada,వేములవాడ,37,04430
Telangana,594,683,Rajanna Sircilla,6218,2,Vemulawada Rural,వేములవాడ రూరల్,,00000
Telangana,595,720,Mulugu,4684,3,Venkatapur,వెంకటాపూర్,13,04684
Telangana,596,720,Mulugu,4724,3,Venkatapuram,వెంకటాపురం,2,04724
Telangana,597,698,Vikarabad,4530,3,Vikarabad,వికారాబాద్,19,04530
Telangana,598,508,Karimnagar,4445,2,V.Saidapur,సైదాపూర్,52,04445
Telangana,599,695,Jogulamba Gadwal,4610,4,Waddepally,వడ్డెపల్లి,62,04610
Telangana,600,720,Mulugu,4723,4,Wajedu,వాజేడు,1,04723
Telangana,601,693,Wanaparthy,4595,2,Wanaparthy,వనపర్తి,47,04595
Telangana,602,699,Kumuram Bheem Asifabad,4314,3,Wankidi,వాంకిడి,10,04314
Telangana,603,522,Warangal,4706,5,Warangal,వరంగల్,35,04706
Telangana,604,522,Warangal,4704,1,Wardhannapet,వర్దన్నపేట,33,04704
Telangana,605,692,Siddipet,4485,3,Wargal,వర్గల్,35,04485
Telangana,606,693,Wanaparthy,4608,6,Weepangandla,వీపన్ గండ్ల,60,04608
Telangana,607,509,Khammam,4764,1,Wyra,వైరా,42,04764
Telangana,608,518,Ranga Reddy,4548,1,Yacharam,యాచారం,37,04548
Telangana,609,697,Yadadri Bhuvanagiri,4616,3,Yadagirigutta,యాదగిరి గుట్ట,4,04616
Telangana,610,516,Nizamabad,4369,3,Yedapally,ఎడపల్లి,13,04369
Telangana,611,693,Wanaparthy,7533,2,Yedula,Yedula,,00000
Telangana,612,698,Vikarabad,4536,2,Yelal,యాలాల్(M),25,04536
Telangana,613,513,Medak,4481,2,Yeldurthy,ఎల్దుర్తి,31,04481
Telangana,614,690,Bhadradri Kothagudem,4740,2,Yellandu,ఎల్లందు,18,04740
Telangana,615,683,Rajanna Sircilla,4432,4,Yellareddipet,యెల్లరెడ్డి పేట్,39,04432
Telangana,616,685,Kamareddy,4386,2,Yellareddy,ఎల్లారెడ్డి,30,04386
Telangana,617,516,Nizamabad,6239,1,Yergatla,ఎర్ గట్ల,,00000
Telangana,618,695,Jogulamba Gadwal,7517,2,Yerravalli,Yerravalli,,00000
Telangana,619,509,Khammam,4767,1,Yerrupalem,ఎర్రుపాలెం,45,04767
Telangana,620,689,Jangoan,4696,2,Zaffergadh,జఫర్ గడ్,25,04696
Telangana,621,691,Sangareddy,4474,3,Zahirabad,జహీరాబాద్,24,04474
Telangana,,,,,,,,,
Telangana,"Sep 5, 2026, 6:52 PM",,,,,,,,
Tripura,,,,,,(In English),(In Local),,
Tripura,1,654,Gomati,6695,1,Amarpur,অমরপুর,2,00000
Tripura,2,269,Dhalai,6697,1,Ambassa,আমবাসা,3,00000
Tripura,3,271,South Tripura,6687,1,Belonia,বিলোনিয়া,5,00000
Tripura,4,653,Sepahijala,6699,1,Bishalgarh,বিশালগড়,12,00000
Tripura,5,270,North Tripura,6691,1,Dharmanagar,ধর্ম্মনগর,,00000
Tripura,6,269,Dhalai,6686,2,Gonda Twisa,গন্ডা টুইসা,5,00000
Tripura,7,653,Sepahijala,6677,1,Jampuijala,জম্পুইজলা,11,00000
Tripura,8,272,West Tripura,6679,1,Jirania,জিরানিয়া,9,00000
Tripura,9,655,Unakoti,6682,1,Kailashahar,কৈলাসহর,1,00000
Tripura,10,269,Dhalai,6681,1,Kamalpur,কমলপুর,1,00000
Tripura,11,270,North Tripura,6685,1,Kanchanpur,কাঞ্চনপুর,,00000
Tripura,12,654,Gomati,6690,1,Karbook,করবুক,8,00000
Tripura,13,652,Khowai,6684,1,Khowai,খোয়াই,4,00000
Tripura,14,655,Unakoti,6694,1,Kumarghat,কুমারঘাট,6,00000
Tripura,15,269,Dhalai,6692,2,Longtharai Valley,লংতরাই ভ্যলী,2,00000
Tripura,16,272,West Tripura,6689,2,Mohanpur,মোহনপুর,1,00000
Tripura,17,270,North Tripura,6678,1,Panisagar,পানিসাগর,3,00000
Tripura,18,271,South Tripura,6688,1,Sabroom,সাৱ্রুম,,00000
Tripura,19,272,West Tripura,6696,2,Sadar,সদর,10,00000
Tripura,20,271,South Tripura,6683,1,Santirbazar,শান্তিরবাজার,,00000
Tripura,21,653,Sepahijala,6680,1,Sonamura,সোনামুড়া,,00000
Tripura,22,652,Khowai,6698,1,Teliamura,তেলিয়ামুড়া,7,00000
Tripura,23,654,Gomati,6693,1,Udaipur,উদয়পুর,,00000
Tripura,,,,,,,,,
Tripura,"Sep 5, 2026, 6:53 PM",,,,,,,,
Uttar Pradesh,,,,,,(In English),(In Local),,
Uttar Pradesh,1,118,Agra,766,1,Agra,,2,00766
Uttar Pradesh,2,122,Auraiya,6877,4,Ajitmal,,,00000
Uttar Pradesh,3,121,Ambedkar Nagar,910,4,Akbarpur,,3,00910
Uttar Pradesh,4,156,Kanpur Dehat,845,8,Akbarpur,,3,00845
Uttar Pradesh,5,138,Etah,1007,1,Aliganj,,3,01007
Uttar Pradesh,6,120,Prayagraj,890,1,Allahabad,,3,00890
Uttar Pradesh,7,121,Ambedkar Nagar,908,2,Allapur,,2,00908
Uttar Pradesh,8,173,Pilibhit,6867,7,Amariya,,,00000
Uttar Pradesh,9,640,Amethi,914,37,Amethi,,3,00914
Uttar Pradesh,10,141,Farrukhabad,831,6,Amritpur,,2,00831
Uttar Pradesh,11,154,Amroha,730,6,Amroha,,2,00730
Uttar Pradesh,12,134,Bulandshahr,748,2,Anupshahr,,4,00748
Uttar Pradesh,13,130,Bareilly,786,1,Aonla,,3,00786
Uttar Pradesh,14,128,Banda,873,1,Atarra,,3,00873
Uttar Pradesh,15,119,Aligarh,754,2,Atrauli,,3,00754
Uttar Pradesh,16,179,Bhadohi,999,8,Aurai,,1,00999
Uttar Pradesh,17,122,Auraiya,842,4,Auraiya,,2,00842
Uttar Pradesh,18,123,Azamgarh,966,4,Azamgarh,,3,00966
Uttar Pradesh,19,128,Banda,872,56,Baberu,,2,00872
Uttar Pradesh,20,152,Jaunpur,982,1,Badlapur,,2,00982
Uttar Pradesh,21,124,Baghpat,736,2,Baghpat,,2,00736
Uttar Pradesh,22,118,Agra,770,1,Bah,,6,00770
Uttar Pradesh,23,130,Bareilly,784,1,Baheri,,1,00784
Uttar Pradesh,24,125,Bahraich,921,19,Bahraich,,3,00921
Uttar Pradesh,25,126,Ballia,980,1,Bairia,,6,00980
Uttar Pradesh,26,162,Lucknow,820,1,Bakshi Ka Talab,,2,00820
Uttar Pradesh,27,185,Sultanpur,6868,12,Baldirai,,,00000
Uttar Pradesh,28,126,Ballia,978,2,Ballia,,4,00978
Uttar Pradesh,29,127,Balrampur,925,1,Balrampur,,1,00925
Uttar Pradesh,30,128,Banda,871,35,Banda,,1,00871
Uttar Pradesh,31,186,Unnao,6160,13,Bangarmau,BANGARMAU,,00000
Uttar Pradesh,32,126,Ballia,979,2,Bansdih,,5,00979
Uttar Pradesh,33,148,Gorakhpur,952,9,Bansgaon,,5,00952
Uttar Pradesh,34,182,Siddharthnagar,934,1,Bansi,,3,00934
Uttar Pradesh,35,120,Prayagraj,891,1,Bara,,0004,00891
Uttar Pradesh,36,124,Baghpat,735,1,Baraut,,1,00735
Uttar Pradesh,37,130,Bareilly,787,2,Bareilly,,4,00787
Uttar Pradesh,38,137,Deoria,961,4,Barhaj,,3,00961
Uttar Pradesh,39,131,Basti,939,1,Basti,,3,00939
Uttar Pradesh,40,177,Saharanpur,701,1,Behat,,1,00701
Uttar Pradesh,41,126,Ballia,975,1,Belthara Road,,1,00975
Uttar Pradesh,42,179,Bhadohi,997,8,Bhadohi,,1,00997
Uttar Pradesh,43,131,Basti,937,1,Bhanpur,,1,00937
Uttar Pradesh,44,139,Etawah,839,7,Bharthana,,4,00839
Uttar Pradesh,45,137,Deoria,963,1,Bhatpar Rani,,5,00963
Uttar Pradesh,46,181,Shrawasti,923,9,Bhinga,,1,00923
Uttar Pradesh,47,121,Ambedkar Nagar,911,3,Bhiti,,4,00911
Uttar Pradesh,48,166,Mainpuri,777,9,Bhogaon,,3,00777
Uttar Pradesh,49,156,Kanpur Dehat,846,1,Bhognipur,,4,00846
Uttar Pradesh,50,122,Auraiya,841,3,Bidhuna,,1,00841
Uttar Pradesh,51,186,Unnao,818,1,Bighapur,,5,00818
Uttar Pradesh,52,132,Bijnor,713,1,Bijnor,,2,00713
Uttar Pradesh,53,140,Ayodhya,906,2,Bikapur,,5,00906
Uttar Pradesh,54,171,Moradabad,720,1,Bilari,,3,00720
Uttar Pradesh,55,176,Rampur,725,2,Bilaspur,,2,00725
Uttar Pradesh,56,150,Hardoi,812,1,Bilgram,,4,00812
Uttar Pradesh,57,157,Kanpur Nagar,848,1,Bilhaur,,1,00848
Uttar Pradesh,58,133,Budaun,780,1,Bilsi,,3,00780
Uttar Pradesh,59,142,Fatehpur,877,1,Bindki,,1,00877
Uttar Pradesh,60,173,Pilibhit,791,3,Bisalpur,,2,00791
Uttar Pradesh,61,133,Budaun,779,1,Bisauli,,2,00779
Uttar Pradesh,62,183,Sitapur,806,23,Biswan,,4,00806
Uttar Pradesh,63,133,Budaun,782,2,Budaun,,5,00782
Uttar Pradesh,64,172,Muzaffarnagar,709,6,Budhana,,4,00709
Uttar Pradesh,65,134,Bulandshahr,746,2,Bulandshahr,,2,00746
Uttar Pradesh,66,123,Azamgarh,964,4,Burhanpur,,1,00964
Uttar Pradesh,67,148,Gorakhpur,948,1,Campierganj,,1,00948
Uttar Pradesh,68,158,Kaushambi,887,1,Chail,,3,00887
Uttar Pradesh,69,139,Etawah,840,1,Chakarnagar,,5,00840
Uttar Pradesh,70,135,Chandauli,994,9,Chakia,,3,00994
Uttar Pradesh,71,135,Chandauli,993,12,Chandauli,,2,00993
Uttar Pradesh,72,659,Sambhal,722,10,Chandausi,,5,00722
Uttar Pradesh,73,132,Bijnor,716,1,Chandpur,,5,00716
Uttar Pradesh,74,165,Mahoba,869,1,Charkhari,,2,00869
Uttar Pradesh,75,148,Gorakhpur,951,4,Chauri Chaura,,4,00951
Uttar Pradesh,76,167,Mathura,761,4,Chhata,,1,00761
Uttar Pradesh,77,155,Kannauj,833,3,Chhibramau,,1,00833
Uttar Pradesh,78,170,Mirzapur,1003,1,Chunar,चुनार,4,01003
Uttar Pradesh,79,147,Gonda,929,1,Colonelganj,,2,00929
Uttar Pradesh,80,144,Gautam Buddha Nagar,742,1,Dadri,,1,00742
Uttar Pradesh,81,175,Rae Bareli,827,2,Dalmau,,5,00827
Uttar Pradesh,82,133,Budaun,783,2,Dataganj,,6,00783
Uttar Pradesh,83,134,Bulandshahr,749,3,Debai,,5,00749
Uttar Pradesh,84,177,Saharanpur,704,1,Deoband,,4,00704
Uttar Pradesh,85,137,Deoria,959,7,Deoria,,1,00959
Uttar Pradesh,86,156,Kanpur Dehat,844,1,Derapur,,2,00844
Uttar Pradesh,87,132,Bijnor,715,1,Dhampur,,3,00715
Uttar Pradesh,88,154,Amroha,729,6,Dhanaura,,1,00729
Uttar Pradesh,89,661,Hapur,6032,6,Dhaulana,DHAULANA,,00000
Uttar Pradesh,90,159,Kheri,802,26,Dhaurahara,,5,00802
Uttar Pradesh,91,182,Siddharthnagar,936,1,Domariyaganj,,5,00936
Uttar Pradesh,92,184,Sonbhadra,1006,1,Dudhi,,3,01006
Uttar Pradesh,93,138,Etah,1008,1,Etah,,4,01008
Uttar Pradesh,94,139,Etawah,838,2,Etawah,,3,00838
Uttar Pradesh,95,118,Agra,765,2,Etmadpur,,1,00765
Uttar Pradesh,96,140,Ayodhya,905,2,Faizabad,,4,00905
Uttar Pradesh,97,130,Bareilly,789,1,Faridpur,,6,00789
Uttar Pradesh,98,141,Farrukhabad,832,6,Farrukhabad,,3,00832
Uttar Pradesh,99,118,Agra,769,1,Fatehabad,,5,00769
Uttar Pradesh,100,142,Fatehpur,878,1,Fatehpur,,2,00878
Uttar Pradesh,101,129,Bara Banki,896,1,Fatehpur,,2,00896
Uttar Pradesh,102,143,Firozabad,772,1,Firozabad,,2,00772
Uttar Pradesh,103,119,Aligarh,753,1,Gabhana,,2,00753
Uttar Pradesh,104,153,Jhansi,857,1,Garautha,,2,00857
Uttar Pradesh,105,661,Hapur,741,2,Garhmukteshwar,,4,00741
Uttar Pradesh,106,640,Amethi,913,41,Gauriganj,,2,00913
Uttar Pradesh,107,144,Gautam Buddha Nagar,743,2,Gautam Buddha Nagar,,2,00743
Uttar Pradesh,108,178,Sant Kabir Nagar,943,1,Ghanghata,,3,00943
Uttar Pradesh,109,157,Kanpur Nagar,850,5,Ghatampur,,3,00850
Uttar Pradesh,110,145,Ghaziabad,739,5,Ghaziabad,,2,00739
Uttar Pradesh,111,146,Ghazipur,989,7,Ghazipur,,3,00989
Uttar Pradesh,112,166,Mainpuri,6873,4,Ghiror,,,00000
Uttar Pradesh,113,184,Sonbhadra,1004,2,Ghorawal,,1,01004
Uttar Pradesh,114,168,Mau,971,1,Ghosi,,1,00971
Uttar Pradesh,115,148,Gorakhpur,954,9,Gola,,0007,00954
Uttar Pradesh,116,159,Kheri,799,41,Gola Gokaran Nath,,2,00799
Uttar Pradesh,117,147,Gonda,928,1,Gonda,,1,00928
Uttar Pradesh,118,148,Gorakhpur,950,7,Gorakhpur,,3,00950
Uttar Pradesh,119,167,Mathura,6832,5,Govardhan,,,00000
Uttar Pradesh,120,659,Sambhal,778,10,Gunnaur,,1,00778
Uttar Pradesh,121,179,Bhadohi,998,5,Gyanpur,,2,00998
Uttar Pradesh,122,129,Bara Banki,901,1,Haidergarh,,6,00901
Uttar Pradesh,123,149,Hamirpur,864,1,Hamirpur,,1,00864
Uttar Pradesh,124,120,Prayagraj,893,1,Handia,,6,00893
Uttar Pradesh,125,661,Hapur,740,8,Hapur,,3,00740
Uttar Pradesh,126,150,Hardoi,811,1,Hardoi,,3,00811
Uttar Pradesh,127,131,Basti,938,1,Harraiya,,2,00938
Uttar Pradesh,128,186,Unnao,815,1,Hasanganj,,2,00815
Uttar Pradesh,129,154,Amroha,731,1,Hasanpur,,3,00731
Uttar Pradesh,130,160,Kushinagar,956,24,Hata,,2,00956
Uttar Pradesh,131,163,Hathras,759,1,Hathras,,3,00759
Uttar Pradesh,132,119,Aligarh,756,3,Iglas,,5,00756
Uttar Pradesh,133,181,Shrawasti,924,3,Ikauna,,2,00924
Uttar Pradesh,134,182,Siddharthnagar,935,1,Itwa,,4,00935
Uttar Pradesh,135,185,Sultanpur,916,2,Jaisinghpur,,4,00916
Uttar Pradesh,136,146,Ghazipur,987,1,Jakhania,,1,00987
Uttar Pradesh,137,180,Shahjahanpur,796,5,Jalalabad,,4,00796
Uttar Pradesh,138,121,Ambedkar Nagar,909,3,Jalalpur,,3,00909
Uttar Pradesh,139,151,Jalaun,852,1,Jalaun,,2,00852
Uttar Pradesh,140,138,Etah,1009,1,Jalesar,,5,01009
Uttar Pradesh,141,181,Shrawasti,6164,10,Jamunaha,,,00000
Uttar Pradesh,142,172,Muzaffarnagar,711,2,Jansath,,5,00711
Uttar Pradesh,143,143,Firozabad,773,1,Jasrana,,3,00773
Uttar Pradesh,144,139,Etawah,836,2,Jaswantnagar,,1,00836
Uttar Pradesh,145,152,Jaunpur,984,5,Jaunpur,,4,00984
Uttar Pradesh,146,144,Gautam Buddha Nagar,744,2,Jewar,,3,00744
Uttar Pradesh,147,153,Jhansi,860,1,Jhansi,,5,00860
Uttar Pradesh,148,185,Sultanpur,918,4,Kadipur,,6,00918
Uttar Pradesh,149,141,Farrukhabad,830,1,Kaimganj,,1,00830
Uttar Pradesh,150,660,Shamli,706,5,Kairana,,1,00706
Uttar Pradesh,151,125,Bahraich,922,11,Kaiserganj,,4,00922
Uttar Pradesh,152,180,Shahjahanpur,6882,3,Kalan,,,00000
Uttar Pradesh,153,173,Pilibhit,6866,15,Kalinagar,,,00000
Uttar Pradesh,154,151,Jalaun,853,1,Kalpi,,3,00853
Uttar Pradesh,155,155,Kannauj,834,1,Kannauj,,2,00834
Uttar Pradesh,156,157,Kanpur Nagar,849,3,Kanpur,,2,00849
Uttar Pradesh,157,171,Moradabad,718,1,Kanth,,1,00718
Uttar Pradesh,158,160,Kushinagar,6879,16,Kaptanganj,,,00000
Uttar Pradesh,159,120,Prayagraj,892,1,Karchhana,,5,00892
Uttar Pradesh,160,166,Mainpuri,776,4,Karhal,,2,00776
Uttar Pradesh,161,136,Chitrakoot,875,10,Karwi,,1,00875
Uttar Pradesh,162,633,Kasganj,1010,1,Kasganj,,1,01010
Uttar Pradesh,163,146,Ghazipur,6834,13,Kasimabad,,,00000
Uttar Pradesh,164,160,Kushinagar,957,2,Kasya,,3,00957
Uttar Pradesh,165,152,Jaunpur,986,1,Kerakat,,6,00986
Uttar Pradesh,166,160,Kushinagar,6878,7,Khadda,,,00000
Uttar Pradesh,167,142,Fatehpur,879,1,Khaga,,3,00879
Uttar Pradesh,168,119,Aligarh,752,2,Khair,,1,00752
Uttar Pradesh,169,148,Gorakhpur,953,8,Khajni,,6,00953
Uttar Pradesh,170,178,Sant Kabir Nagar,942,2,Khalilabad,,2,00942
Uttar Pradesh,171,172,Muzaffarnagar,710,3,Khatauli,,4,00710
Uttar Pradesh,172,124,Baghpat,737,2,Khekada,,3,00737
Uttar Pradesh,173,118,Agra,768,2,Kheragarh,,4,00768
Uttar Pradesh,174,134,Bulandshahr,751,3,Khurja,,7,00751
Uttar Pradesh,175,118,Agra,767,1,Kiraoli,,3,00767
Uttar Pradesh,176,166,Mainpuri,6872,8,Kishni,,,00000
Uttar Pradesh,177,119,Aligarh,755,1,Koil,,4,00755
Uttar Pradesh,178,151,Jalaun,855,1,Konch,,5,00855
Uttar Pradesh,179,120,Prayagraj,895,1,Koraon,,8,00895
Uttar Pradesh,180,165,Mahoba,868,1,Kulpahar,,1,00868
Uttar Pradesh,181,174,Pratapgarh,881,2,Kunda,,2,00881
Uttar Pradesh,182,166,Mainpuri,6874,7,Kurawali,,,00000
Uttar Pradesh,183,183,Sitapur,805,21,Laharpur,,3,00805
Uttar Pradesh,184,159,Kheri,801,23,Lakhimpur,,4,00801
Uttar Pradesh,185,123,Azamgarh,969,10,Lalganj,,4,00969
Uttar Pradesh,186,170,Mirzapur,1001,1,Lalganj,लालगंज,0002,01001
Uttar Pradesh,187,175,Rae Bareli,826,1,Lalganj,,4,00826
Uttar Pradesh,188,174,Pratapgarh,880,1,Lalganj,,4,00880
Uttar Pradesh,189,161,Lalitpur,862,5,Lalitpur,,2,00862
Uttar Pradesh,190,185,Sultanpur,917,1,Lambhua,,5,00917
Uttar Pradesh,191,145,Ghaziabad,6089,3,Loni,,,00000
Uttar Pradesh,192,152,Jaunpur,983,1,Machhlishahr,,3,00983
Uttar Pradesh,193,151,Jalaun,851,1,Madhogarh,,1,00851
Uttar Pradesh,194,168,Mau,972,1,Madhuban,,2,00972
Uttar Pradesh,195,164,Mahrajganj,947,2,Maharajganj,,1,00947
Uttar Pradesh,196,175,Rae Bareli,823,3,Maharajganj,,1,00823
Uttar Pradesh,197,125,Bahraich,920,3,Mahasi,,2,00920
Uttar Pradesh,198,167,Mathura,763,1,Mahavan,,2,00763
Uttar Pradesh,199,183,Sitapur,807,7,Mahmudabad,,5,00807
Uttar Pradesh,200,165,Mahoba,870,1,Mahoba,,3,00870
Uttar Pradesh,201,183,Sitapur,6880,22,Maholi,,,00000
Uttar Pradesh,202,161,Lalitpur,863,9,Mahroni,,3,00863
Uttar Pradesh,203,166,Mainpuri,775,9,Mainpuri,,1,00775
Uttar Pradesh,204,156,Kanpur Dehat,6871,8,Maitha,,,00000
Uttar Pradesh,205,162,Lucknow,819,3,Malihabad,,1,00819
Uttar Pradesh,206,136,Chitrakoot,5930,11,Manikpur,MANIKPUR,,00000
Uttar Pradesh,207,158,Kaushambi,886,1,Manjhanpur,,2,00886
Uttar Pradesh,208,147,Gonda,931,1,Mankapur,,4,00931
Uttar Pradesh,209,152,Jaunpur,985,1,Mariahu,,5,00985
Uttar Pradesh,210,170,Mirzapur,1002,1,Marihan,मड़िहान,3,01002
Uttar Pradesh,211,123,Azamgarh,6165,11,Martinganjon,मार्टिनगंज,,00000
Uttar Pradesh,212,167,Mathura,762,1,Mat,,2,00762
Uttar Pradesh,213,167,Mathura,764,4,Mathura,,3,00764
Uttar Pradesh,214,136,Chitrakoot,876,5,Mau,,0002,00876
Uttar Pradesh,215,149,Hamirpur,867,1,Maudaha,,3,00867
Uttar Pradesh,216,168,Mau,973,1,Maunath Bhanjan,,3,00973
Uttar Pradesh,217,153,Jhansi,859,1,Mauranipur,,4,00859
Uttar Pradesh,218,169,Meerut,733,1,Mawana,,2,00733
Uttar Pradesh,219,161,Lalitpur,6369,9,Mdawara,मडावरा,,00000
Uttar Pradesh,220,130,Bareilly,785,2,Meerganj,,2,00785
Uttar Pradesh,221,169,Meerut,734,1,Meerut,,3,00734
Uttar Pradesh,222,178,Sant Kabir Nagar,941,2,Mehdawal,,1,00941
Uttar Pradesh,223,123,Azamgarh,970,2,Mehnagar,,7,00970
Uttar Pradesh,224,120,Prayagraj,894,1,Meja,,7,00894
Uttar Pradesh,225,125,Bahraich,6862,8,Mihinpurwa Motipur,,,00000
Uttar Pradesh,226,176,Rampur,728,1,Milak,,5,00728
Uttar Pradesh,227,140,Ayodhya,903,1,Milkipur,,2,00903
Uttar Pradesh,228,170,Mirzapur,1000,1,Mirzapur,मिर्ज़ापुर,1,01000
Uttar Pradesh,229,183,Sitapur,803,33,Misrikh,,1,00803
Uttar Pradesh,230,159,Kheri,6875,86,Mitauli,,,00000
Uttar Pradesh,231,145,Ghaziabad,738,3,Modinagar,,1,00738
Uttar Pradesh,232,146,Ghazipur,990,10,Mohammadabad,,4,00990
Uttar Pradesh,233,159,Kheri,800,45,Mohammdi,,3,00800
Uttar Pradesh,234,162,Lucknow,822,1,Mohanlalganj,,4,00822
Uttar Pradesh,235,171,Moradabad,719,2,Moradabad,,2,00719
Uttar Pradesh,236,153,Jhansi,856,1,Moth,,1,00856
Uttar Pradesh,237,168,Mau,974,1,Muhammadabad Gohna,,4,00974
Uttar Pradesh,238,640,Amethi,912,28,Musafirkhana,,1,00912
Uttar Pradesh,239,172,Muzaffarnagar,708,1,Muzaffarnagar,,3,00708
Uttar Pradesh,240,132,Bijnor,714,1,Nagina,,3,00714
Uttar Pradesh,241,132,Bijnor,712,1,Najibabad,,1,00712
Uttar Pradesh,242,177,Saharanpur,703,1,Nakur,,3,00703
Uttar Pradesh,243,125,Bahraich,919,9,Nanpara,,1,00919
Uttar Pradesh,244,128,Banda,874,40,Naraini,,4,00874
Uttar Pradesh,245,157,Kanpur Nagar,6163,3,Narwal,,,00000
Uttar Pradesh,246,135,Chandauli,6870,8,Naugarh,,,00000
Uttar Pradesh,247,182,Siddharthnagar,933,1,Naugarh,,2,00933
Uttar Pradesh,248,154,Amroha,6831,9,Naugawan Sadat,,,00000
Uttar Pradesh,249,164,Mahrajganj,944,2,Nautanwa,,1,00944
Uttar Pradesh,250,130,Bareilly,788,1,Nawabganj,,5,00788
Uttar Pradesh,251,129,Bara Banki,898,1,Nawabganj,,5,00898
Uttar Pradesh,252,164,Mahrajganj,945,1,Nichlaul,,2,00945
Uttar Pradesh,253,159,Kheri,797,28,Nighasan,,1,00797
Uttar Pradesh,254,123,Azamgarh,967,6,Nizamabad,,4,00967
Uttar Pradesh,255,184,Sonbhadra,7127,6,Obra,ओबरा,,00000
Uttar Pradesh,256,151,Jalaun,854,1,Orai,,4,00854
Uttar Pradesh,257,160,Kushinagar,955,11,Padrauna,,1,00955
Uttar Pradesh,258,128,Banda,6157,6,Pailani,Pailani,,00000
Uttar Pradesh,259,161,Lalitpur,6881,12,Pali,,,00000
Uttar Pradesh,260,159,Kheri,798,2,Palia,,1,00798
Uttar Pradesh,261,135,Chandauli,6869,13,Pandit Deendayal Upadhyay Nagar,पंडित दीन दयाल उपाध्याय,,00000
Uttar Pradesh,262,633,Kasganj,1012,1,Patiyali,,2,01012
Uttar Pradesh,263,174,Pratapgarh,883,5,Patti,,4,00883
Uttar Pradesh,264,125,Bahraich,6861,16,Payagpur,,,00000
Uttar Pradesh,265,164,Mahrajganj,946,1,Pharenda,,3,00946
Uttar Pradesh,266,120,Prayagraj,889,2,Phulpur,,2,00889
Uttar Pradesh,267,123,Azamgarh,968,9,Phulpur,,2,00968
Uttar Pradesh,268,173,Pilibhit,790,8,Pilibhit,,1,00790
Uttar Pradesh,269,187,Varanasi,995,18,Pindra,,1,00995
Uttar Pradesh,270,180,Shahjahanpur,793,1,Powayan,,1,00793
Uttar Pradesh,271,174,Pratapgarh,882,6,Pratapgarh,,3,00882
Uttar Pradesh,272,173,Pilibhit,792,18,Puranpur,,3,00792
Uttar Pradesh,273,186,Unnao,817,1,Purwa,,4,00817
Uttar Pradesh,274,175,Rae Bareli,825,2,Rae Bareli,,3,00825
Uttar Pradesh,275,136,Chitrakoot,6156,8,Rajapur,,,00000
Uttar Pradesh,276,187,Varanasi,6093,20,Rajatalab,Rajatalab,,00000
Uttar Pradesh,277,129,Bara Banki,897,1,Ramnagar,,2,00897
Uttar Pradesh,278,176,Rampur,726,3,Rampur,,3,00726
Uttar Pradesh,279,177,Saharanpur,705,1,Rampur Maniharan,,4,00705
Uttar Pradesh,280,129,Bara Banki,900,1,Ramsanehighat,,5,00900
Uttar Pradesh,281,174,Pratapgarh,884,3,Raniganj,,3,00884
Uttar Pradesh,282,126,Ballia,977,2,Rasra,,3,00977
Uttar Pradesh,283,156,Kanpur Dehat,843,3,Rasulabad,,1,00843
Uttar Pradesh,284,149,Hamirpur,865,3,Rath,,2,00865
Uttar Pradesh,285,184,Sonbhadra,1005,7,Robertsganj,,2,01005
Uttar Pradesh,286,140,Ayodhya,902,1,Rudauli,,1,00902
Uttar Pradesh,287,131,Basti,940,1,Rudhauli,,3,00940
Uttar Pradesh,288,137,Deoria,960,1,Rudrapur,,2,00960
Uttar Pradesh,289,163,Hathras,760,1,Sadabad,,4,00760
Uttar Pradesh,290,162,Lucknow,821,10,Sadar,Sadar,3,00821
Uttar Pradesh,291,186,Unnao,814,15,Safipur,,1,00814
Uttar Pradesh,292,123,Azamgarh,965,4,Sagri,,2,00965
Uttar Pradesh,293,177,Saharanpur,702,1,Saharanpur,,2,00702
Uttar Pradesh,294,133,Budaun,781,1,Sahaswan,,4,00781
Uttar Pradesh,295,633,Kasganj,1011,1,Sahawar,,1,01011
Uttar Pradesh,296,148,Gorakhpur,949,4,Sahjanwa,,2,00949
Uttar Pradesh,297,146,Ghazipur,988,1,Saidpur,,2,00988
Uttar Pradesh,298,139,Etawah,837,2,Saifai,,2,00837
Uttar Pradesh,299,135,Chandauli,992,11,Sakaldiha,,1,00992
Uttar Pradesh,300,137,Deoria,962,4,Salempur,,4,00962
Uttar Pradesh,301,175,Rae Bareli,829,4,Salon,,7,00829
Uttar Pradesh,302,659,Sambhal,721,2,Sambhal,,4,00721
Uttar Pradesh,303,150,Hardoi,813,1,Sandila,,5,00813
Uttar Pradesh,304,169,Meerut,732,1,Sardhana,,1,00732
Uttar Pradesh,305,149,Hamirpur,866,3,Sarila,,2,00866
Uttar Pradesh,306,162,Lucknow,6094,10,Sarojani Nagar,Sarojani Nagar,,00000
Uttar Pradesh,307,163,Hathras,757,1,Sasni,,1,00757
Uttar Pradesh,308,150,Hardoi,810,1,Sawayajpur,,2,00810
Uttar Pradesh,309,146,Ghazipur,6835,5,Sewarai,सेवराई,,00000
Uttar Pradesh,310,176,Rampur,727,2,Shahabad,,4,00727
Uttar Pradesh,311,150,Hardoi,809,1,Shahabad,,4,00809
Uttar Pradesh,312,152,Jaunpur,981,5,Shahganj,,1,00981
Uttar Pradesh,313,180,Shahjahanpur,795,3,Shahjahanpur,,3,00795
Uttar Pradesh,314,660,Shamli,707,11,Shamli,,2,00707
Uttar Pradesh,315,134,Bulandshahr,750,2,Shikarpur,,6,00750
Uttar Pradesh,316,143,Firozabad,774,4,Shikohabad,,4,00774
Uttar Pradesh,317,182,Siddharthnagar,932,1,Shohratgarh,,1,00932
Uttar Pradesh,318,134,Bulandshahr,747,4,Siana,,3,00747
Uttar Pradesh,319,183,Sitapur,808,23,Sidhauli,,6,00808
Uttar Pradesh,320,126,Ballia,976,2,Sikanderpur,,2,00976
Uttar Pradesh,321,156,Kanpur Dehat,847,1,Sikandra,,2,00847
Uttar Pradesh,322,134,Bulandshahr,745,1,Sikandrabad,,1,00745
Uttar Pradesh,323,163,Hathras,758,1,Sikandra Rao,,2,00758
Uttar Pradesh,324,158,Kaushambi,885,1,Sirathu,,1,00885
Uttar Pradesh,325,129,Bara Banki,899,1,Sirauli Gauspur,,4,00899
Uttar Pradesh,326,143,Firozabad,6161,3,Sirsaganj,SIRSAGANJ,,00000
Uttar Pradesh,327,183,Sitapur,804,27,Sitapur,,2,00804
Uttar Pradesh,328,140,Ayodhya,904,1,Sohawal,,3,00904
Uttar Pradesh,329,120,Prayagraj,888,2,Soraon,,1,00888
Uttar Pradesh,330,176,Rampur,723,3,Suar,,1,00723
Uttar Pradesh,331,185,Sultanpur,915,9,Sultanpur,,4,00915
Uttar Pradesh,332,153,Jhansi,858,1,Tahrauli,,3,00858
Uttar Pradesh,333,139,Etawah,6158,5,Takha,,,00000
Uttar Pradesh,334,161,Lalitpur,861,1,Talbehat,,1,00861
Uttar Pradesh,335,160,Kushinagar,958,13,Tamkuhi Raj,,4,00958
Uttar Pradesh,336,121,Ambedkar Nagar,907,1,Tanda,,1,00907
Uttar Pradesh,337,176,Rampur,724,3,Tanda,,1,00724
Uttar Pradesh,338,147,Gonda,930,1,Tarabganj,,3,00930
Uttar Pradesh,339,171,Moradabad,717,2,Thakurdwara,,1,00717
Uttar Pradesh,340,180,Shahjahanpur,794,2,Tilhar,,2,00794
Uttar Pradesh,341,640,Amethi,824,2,Tiloi,,2,00824
Uttar Pradesh,342,155,Kannauj,835,4,Tirwa,,3,00835
Uttar Pradesh,343,127,Balrampur,926,1,Tulsipur,,2,00926
Uttar Pradesh,344,143,Firozabad,771,1,Tundla,,1,00771
Uttar Pradesh,345,660,Shamli,6159,5,Un,UN,,00000
Uttar Pradesh,346,175,Rae Bareli,828,2,Unchahar,,6,00828
Uttar Pradesh,347,186,Unnao,816,1,Unnao,,3,00816
Uttar Pradesh,348,127,Balrampur,927,1,Utraula,,3,00927
Uttar Pradesh,349,187,Varanasi,996,24,Varanasi Sadar,वाराणसी सदर,2,00996
Uttar Pradesh,350,146,Ghazipur,991,6,Zamania,,5,00991
Uttar Pradesh,,,,,,,,,
Uttar Pradesh,"Sep 5, 2026, 6:54 PM",,,,,,,,
Uttarakhand,,,,,,(In English),(In Local),,
Uttarakhand,1,47,Chamoli,6345,2,Adibadri,,,00000
Uttarakhand,2,45,Almora,330,11,Almora,,0003,00330
Uttarakhand,3,46,Bageshwar,323,8,Bageshwar,,0,00323
Uttarakhand,4,45,Almora,6341,5,Bagwalipokhar,,,00000
Uttarakhand,5,56,Udham Singh Nagar,348,3,Bajpur,,0,00348
Uttarakhand,6,55,Tehri Garhwal,6374,7,Balganga,,,00000
Uttarakhand,7,53,Pithoragarh,6356,21,Bangapani,,,00000
Uttarakhand,8,48,Champawat,6377,4,Barakot,,,00000
Uttarakhand,9,57,Uttarkashi,6405,6,Barnigad,Barnigad,,00000
Uttarakhand,10,54,Rudraprayag,6334,7,Basukedar,,,00000
Uttarakhand,11,53,Pithoragarh,318,14,Berinag,,0,00318
Uttarakhand,12,51,Nainital,339,1,Betalghat,,0,00339
Uttarakhand,13,50,Haridwar,6022,1,Bhagwanpur,,,00000
Uttarakhand,14,45,Almora,333,7,Bhanoli,,0,00333
Uttarakhand,15,57,Uttarkashi,283,9,Bhatwari,,4,00283
Uttarakhand,16,45,Almora,325,7,Bhikiasain,,0,00325
Uttarakhand,17,52,Pauri Garhwal,6354,7,Bironkhal,,,00000
Uttarakhand,18,52,Pauri Garhwal,6036,5,Chakisain,Chakisain,,00000
Uttarakhand,19,49,Dehradun,300,2,Chakrata,,1,00300
Uttarakhand,20,47,Chamoli,285,5,Chamoli,,2,00285
Uttarakhand,21,48,Champawat,334,7,Champawat,,1,00334
Uttarakhand,22,52,Pauri Garhwal,312,4,Chaubatta Khal,,0,00312
Uttarakhand,23,45,Almora,326,3,Chaukhutiya,,0,00326
Uttarakhand,24,57,Uttarkashi,282,1,Chinyali Saur,,0,00282
Uttarakhand,25,49,Dehradun,304,9,Dehradun,,0003,00304
Uttarakhand,26,53,Pithoragarh,6424,8,Devalthal,,,00000
Uttarakhand,27,55,Tehri Garhwal,294,10,Devprayag,,2,00294
Uttarakhand,28,47,Chamoli,6347,4,Dewal,,,00000
Uttarakhand,29,55,Tehri Garhwal,298,4,Dhanaulti,,0,00298
Uttarakhand,30,53,Pithoragarh,316,8,Dharchula,,2,00316
Uttarakhand,31,51,Nainital,341,4,Dhari,,3,00341
Uttarakhand,32,45,Almora,6338,9,Dhaulchhina,,,00000
Uttarakhand,33,57,Uttarkashi,6365,3,Dhauntari,,,00000
Uttarakhand,34,52,Pauri Garhwal,309,6,Dhoomakot,,4,00309
Uttarakhand,35,45,Almora,6342,6,Dhyari,,,00000
Uttarakhand,36,53,Pithoragarh,317,18,Didihat,,3,00317
Uttarakhand,37,49,Dehradun,6335,10,Doiwala,,,00000
Uttarakhand,38,46,Bageshwar,6331,3,Dugnakuri,,,00000
Uttarakhand,39,57,Uttarkashi,281,6,Dunda,,3,00281
Uttarakhand,40,45,Almora,329,9,Dwarahat,,0,00329
Uttarakhand,41,56,Udham Singh Nagar,350,2,Gadarpur,,0,00350
Uttarakhand,42,47,Chamoli,289,3,Gairsain,,0,00289
Uttarakhand,43,55,Tehri Garhwal,6372,7,Gaja,,,00000
Uttarakhand,44,53,Pithoragarh,6336,11,Ganai Gangoli,,,00000
Uttarakhand,45,53,Pithoragarh,319,14,Gangolihat,,4,00319
Uttarakhand,46,46,Bageshwar,324,1,Garud,,0,00324
Uttarakhand,47,47,Chamoli,6343,3,Ghaat,,,00000
Uttarakhand,48,55,Tehri Garhwal,293,11,Ghansali,,0001,00293
Uttarakhand,49,51,Nainital,342,1,Haldwani,,0004,00342
Uttarakhand,50,50,Haridwar,354,2,Hardwar,,2,00354
Uttarakhand,51,45,Almora,332,5,Jainti,,0,00332
Uttarakhand,52,55,Tehri Garhwal,296,2,Jakhani Dhar,,0,00296
Uttarakhand,53,52,Pauri Garhwal,6373,24,Jakhanikhal,,,00000
Uttarakhand,54,54,Rudraprayag,292,5,Jakholi*,,0,00292
Uttarakhand,55,45,Almora,6340,7,Jalali,,,00000
Uttarakhand,56,56,Udham Singh Nagar,347,1,Jaspur,,0,00347
Uttarakhand,57,47,Chamoli,6346,8,Jilasu,,,00000
Uttarakhand,58,47,Chamoli,284,1,Joshimath,,0001,00284
Uttarakhand,59,57,Uttarkashi,6366,8,Joshiyara,,,00000
Uttarakhand,60,46,Bageshwar,6332,4,Kafligair,,,00000
Uttarakhand,61,51,Nainital,344,1,Kaladhungi,,0,00344
Uttarakhand,62,49,Dehradun,302,1,Kalsi,,0,00302
Uttarakhand,63,53,Pithoragarh,6425,7,Kanalichhina,,,00000
Uttarakhand,64,46,Bageshwar,322,1,Kanda,,0,00322
Uttarakhand,65,55,Tehri Garhwal,6360,7,Kandisaur,,,00000
Uttarakhand,66,46,Bageshwar,321,2,Kapkot,,0,00321
Uttarakhand,67,47,Chamoli,287,4,Karnaprayag,,0004,00287
Uttarakhand,68,56,Udham Singh Nagar,346,4,Kashipur,,1,00346
Uttarakhand,69,56,Udham Singh Nagar,352,1,Khatima,,0,00352
Uttarakhand,70,56,Udham Singh Nagar,349,2,Kichha,,2,00349
Uttarakhand,71,55,Tehri Garhwal,6361,12,Kirtinagar,,,00000
Uttarakhand,72,51,Nainital,338,5,Kosya Kutauli,,1,00338
Uttarakhand,73,52,Pauri Garhwal,313,1,Kotdwara,,0006,00313
Uttarakhand,74,50,Haridwar,355,1,Laksar,,0003,00355
Uttarakhand,75,50,Haridwar,6351,1,Laldhang,,,00000
Uttarakhand,76,51,Nainital,345,1,Lalkuan,,0,00345
Uttarakhand,77,45,Almora,6368,8,Lamgada,,,00000
Uttarakhand,78,52,Pauri Garhwal,310,22,Lansdowne,,0,00310
Uttarakhand,79,48,Champawat,336,7,Lohaghat,,0,00336
Uttarakhand,80,45,Almora,6339,1,Machhor,,,00000
Uttarakhand,81,55,Tehri Garhwal,6362,3,Madannegi,,,00000
Uttarakhand,82,48,Champawat,6348,3,Manch,,,00000
Uttarakhand,83,57,Uttarkashi,279,4,Mori,,0,00279
Uttarakhand,84,53,Pithoragarh,315,21,Munsiari,,1,00315
Uttarakhand,85,49,Dehradun,7393,2,Mussoorie,मसूरी,,00000
Uttarakhand,86,55,Tehri Garhwal,6337,3,Nainbag,,,00000
Uttarakhand,87,51,Nainital,340,4,Nainital,,2,00340
Uttarakhand,88,56,Udham Singh Nagar,6364,5,Nanakmatta,,,00000
Uttarakhand,89,47,Chamoli,6344,7,Nandprayag,,,00000
Uttarakhand,90,47,Chamoli,6333,9,Narayanbagar,,,00000
Uttarakhand,91,55,Tehri Garhwal,299,11,Narendra Nagar,,0005,00299
Uttarakhand,92,50,Haridwar,6352,3,Narsan,,,00000
Uttarakhand,93,51,Nainital,6350,3,Okhalkanda,,,00000
Uttarakhand,94,53,Pithoragarh,6358,6,Pankhu,,,00000
Uttarakhand,95,48,Champawat,335,3,Pati,,0,00335
Uttarakhand,96,52,Pauri Garhwal,307,6,Pauri,,2,00307
Uttarakhand,97,55,Tehri Garhwal,6363,3,Pawkidevi,,,00000
Uttarakhand,98,53,Pithoragarh,320,3,Pithoragarh,,0005,00320
Uttarakhand,99,47,Chamoli,286,8,Pokhari,,0003,00286
Uttarakhand,100,48,Champawat,337,2,Poornagiri,,1,00337
Uttarakhand,101,55,Tehri Garhwal,295,4,Pratapnagar,,3,00295
Uttarakhand,102,48,Champawat,6349,6,Pulla Gumdesh,,,00000
Uttarakhand,103,57,Uttarkashi,278,1,Puraula,,1,00278
Uttarakhand,104,57,Uttarkashi,280,7,Rajgarhi,,2,00280
Uttarakhand,105,51,Nainital,6353,4,Ramgarh,,,00000
Uttarakhand,106,51,Nainital,343,4,Ramnagar,,0,00343
Uttarakhand,107,45,Almora,328,1,Ranikhet,,2,00328
Uttarakhand,108,52,Pauri Garhwal,6355,10,Rikhanikhal,,,00000
Uttarakhand,109,49,Dehradun,305,8,Rishikesh,,0004,00305
Uttarakhand,110,50,Haridwar,353,5,Roorkee,,1,00353
Uttarakhand,111,54,Rudraprayag,291,4,Rudraprayag,,0002,00291
Uttarakhand,112,56,Udham Singh Nagar,6030,2,Rudrapur,Rudrapur,,00000
Uttarakhand,113,57,Uttarkashi,6404,3,Sankari,Sankari,,00000
Uttarakhand,114,52,Pauri Garhwal,311,1,Satpuli,,5,00311
Uttarakhand,115,46,Bageshwar,6367,1,Shama,,,00000
Uttarakhand,116,56,Udham Singh Nagar,351,5,Sitarganj,,3,00351
Uttarakhand,117,45,Almora,331,1,Someshwar,,0,00331
Uttarakhand,118,52,Pauri Garhwal,306,2,Srinagar,,0,00306
Uttarakhand,119,45,Almora,327,6,Sult,,0,00327
Uttarakhand,120,45,Almora,6330,6,Syalde,,,00000
Uttarakhand,121,55,Tehri Garhwal,297,20,Tehri,,4,00297
Uttarakhand,122,53,Pithoragarh,6357,16,Tejam,,,00000
Uttarakhand,123,52,Pauri Garhwal,308,6,Thailisain,,0,00308
Uttarakhand,124,53,Pithoragarh,6359,11,Thal,,,00000
Uttarakhand,125,47,Chamoli,288,13,Tharali,,5,00288
Uttarakhand,126,49,Dehradun,301,2,Tyuni,,0,00301
Uttarakhand,127,54,Rudraprayag,290,5,Ukhimath,,1,00290
Uttarakhand,128,49,Dehradun,303,3,Vikas Nagar,,0002,00303
Uttarakhand,129,52,Pauri Garhwal,314,11,Yamkeshwar,,0,00314
Uttarakhand,,,,,,,,,
Uttarakhand,"Sep 5, 2026, 6:53 PM",,,,,,,,
West Bengal,,,,,,(In English),(In Local),,
West Bengal,1,664,Alipurduar,2173,2,Alipurduar - I,,8,02173
West Bengal,2,664,Alipurduar,2174,2,Alipurduar - II,,9,02174
West Bengal,3,303,North 24 Parganas,2322,1,Amdanga,,7,02322
West Bengal,4,313,Howrah,2400,1,Amta - I,,3,02400
West Bengal,5,313,Howrah,2399,1,Amta - II,,2,02399
West Bengal,6,704,Paschim Bardhaman,2272,4,Andal,অন্ডাল,5,02272
West Bengal,7,312,Hooghly,2340,1,Arambag,,3,02340
West Bengal,8,321,Purulia,2389,1,Arsha,,12,02389
West Bengal,9,306,Purba Bardhaman,2277,1,Ausgram - I,,10,02277
West Bengal,10,306,Purba Bardhaman,2276,1,Ausgram - II,,9,02276
West Bengal,11,303,North 24 Parganas,2328,1,Baduria,,13,02328
West Bengal,12,303,North 24 Parganas,2316,1,Bagda,,1,02316
West Bengal,13,321,Purulia,2392,1,Bagmundi,,15,02392
West Bengal,14,313,Howrah,2408,1,Bagnan - I,,11,02408
West Bengal,15,313,Howrah,2409,1,Bagnan - II,,12,02409
West Bengal,16,312,Hooghly,2345,1,Balagarh,,8,02345
West Bengal,17,321,Purulia,2393,1,Balarampur,,16,02393
West Bengal,18,313,Howrah,2403,1,Bally Jagachha,,6,02403
West Bengal,19,310,Dakshin Dinajpur,2204,1,Balurghat,,5,02204
West Bengal,20,316,Malda,2215,1,Bamangola,,8,02215
West Bengal,21,314,Jalpaiguri,7118,2,Banarhat,BANARHAT,,00000
West Bengal,22,305,Bankura,2361,1,Bankura - I,,6,02361
West Bengal,23,305,Bankura,2362,1,Bankura - II,,7,02362
West Bengal,24,310,Dakshin Dinajpur,2206,1,Bansihari,,7,02206
West Bengal,25,704,Paschim Bardhaman,2269,2,Barabani,,2,02269
West Bengal,26,321,Purulia,2394,1,Barabazar,,17,02394
West Bengal,27,303,North 24 Parganas,2325,1,Barasat - I,,10,02325
West Bengal,28,303,North 24 Parganas,2326,1,Barasat - II,,11,02326
West Bengal,29,305,Bankura,2363,1,Barjora,,8,02363
West Bengal,30,303,North 24 Parganas,2323,1,Barrackpur - I,,8,02323
West Bengal,31,303,North 24 Parganas,2324,1,Barrackpur - II,,9,02324
West Bengal,32,304,South 24 Parganas,2422,1,Baruipur,,11,02422
West Bengal,33,304,South 24 Parganas,2434,1,Basanti,,23,02434
West Bengal,34,303,North 24 Parganas,2329,1,Basirhat - I,,14,02329
West Bengal,35,303,North 24 Parganas,2330,1,Basirhat - II,,15,02330
West Bengal,36,319,Murshidabad,2244,1,Beldanga - I,,22,02244
West Bengal,37,319,Murshidabad,2245,1,Beldanga - II,,23,02245
West Bengal,38,319,Murshidabad,2241,1,Berhampore,,19,02241
West Bengal,39,319,Murshidabad,2231,1,Bhagawangola - I,,9,02231
West Bengal,40,319,Murshidabad,2232,1,Bhagawangola - II,,10,02232
West Bengal,41,317,Purba Medinipur,2480,1,Bhagawanpur - I,,39,02480
West Bengal,42,317,Purba Medinipur,2479,1,Bhagawanpur - II,,38,02479
West Bengal,43,304,South 24 Parganas,2418,1,Bhangar - I,,7,02418
West Bengal,44,304,South 24 Parganas,2419,1,Bhangar - II,,8,02419
West Bengal,45,319,Murshidabad,2247,1,Bharatpur - I,,25,02247
West Bengal,46,319,Murshidabad,2246,1,Bharatpur - II,,24,02246
West Bengal,47,306,Purba Bardhaman,2286,1,Bhatar,,19,02286
West Bengal,48,703,Jhargram,2442,2,Binpur - I,,2,02442
West Bengal,49,703,Jhargram,2441,2,Binpur - II,,1,02441
West Bengal,50,304,South 24 Parganas,2415,1,Bishnupur - I,,4,02415
West Bengal,51,304,South 24 Parganas,2416,1,Bishnupur - II,,5,02416
West Bengal,52,307,Birbhum,2264,1,Bolpur Sriniketan,,16,02264
West Bengal,53,303,North 24 Parganas,2317,1,Bongaon,,2,02317
West Bengal,54,304,South 24 Parganas,2413,1,Budge Budge - I,,2,02413
West Bengal,55,304,South 24 Parganas,2414,1,Budge Budge - II,,3,02414
West Bengal,56,321,Purulia,2397,1,Bundwan,,20,02397
West Bengal,57,306,Purba Bardhaman,2289,1,Burdwan - I,,22,02289
West Bengal,58,306,Purba Bardhaman,2290,1,Burdwan - II,,23,02290
West Bengal,59,319,Murshidabad,2248,1,Burwan,,26,02248
West Bengal,60,304,South 24 Parganas,2420,1,Canning - I,,9,02420
West Bengal,61,304,South 24 Parganas,2421,1,Canning - II,,10,02421
West Bengal,62,320,Nadia,2314,3,Chakdah,,16,02314
West Bengal,63,316,Malda,2210,1,Chanchal - I,,3,02210
West Bengal,64,316,Malda,2211,1,Chanchal - II,,4,02211
West Bengal,65,317,Purba Medinipur,2481,1,Chandipur,,40,02481
West Bengal,66,312,Hooghly,2351,1,Chanditala - I,,14,02351
West Bengal,67,312,Hooghly,2352,1,Chanditala - II,,15,02352
West Bengal,68,318,Paschim Medinipur,2446,1,Chandrakona - I,,6,02446
West Bengal,69,318,Paschim Medinipur,2447,1,Chandrakona - II,,7,02447
West Bengal,70,320,Nadia,2305,1,Chapra,,7,02305
West Bengal,71,305,Bankura,2359,1,Chhatna,,4,02359
West Bengal,72,312,Hooghly,2346,2,Chinsurah - Magra,,9,02346
West Bengal,73,311,Uttar Dinajpur,2191,1,Chopra,,1,02191
West Bengal,74,317,Purba Medinipur,2488,1,Contai - I,,47,02488
West Bengal,75,317,Purba Medinipur,2490,1,Contai - III,,49,02490
West Bengal,76,308,Cooch Behar,2183,3,Cooch Behar - I,কোচবিহার - ১,5,02183
West Bengal,77,308,Cooch Behar,2184,1,Cooch Behar - II,,6,02184
West Bengal,78,318,Paschim Medinipur,2467,1,Dantan - I,,34,02467
West Bengal,79,318,Paschim Medinipur,2468,1,Dantan - II,,35,02468
West Bengal,80,309,Darjeeling,2154,1,Darjeeling Pulbazar,,1,02154
West Bengal,81,318,Paschim Medinipur,2449,1,Daspur - I,,9,02449
West Bengal,82,318,Paschim Medinipur,2450,1,Daspur - II,,10,02450
West Bengal,83,318,Paschim Medinipur,2462,1,Debra,,22,02462
West Bengal,84,303,North 24 Parganas,2327,1,Deganga,,12,02327
West Bengal,85,317,Purba Medinipur,2489,1,Deshopran,,48,02489
West Bengal,86,312,Hooghly,2343,1,Dhaniakhali,,6,02343
West Bengal,87,314,Jalpaiguri,2176,3,Dhupguri,,11,02176
West Bengal,88,304,South 24 Parganas,2426,2,Diamond Harbour - I,,15,02426
West Bengal,89,304,South 24 Parganas,2427,2,Diamond Harbour - II,,16,02427
West Bengal,90,308,Cooch Behar,2187,1,Dinhata - I,,9,02187
West Bengal,91,308,Cooch Behar,2188,1,Dinhata - II,,10,02188
West Bengal,92,313,Howrah,2402,1,Domjur,,5,02402
West Bengal,93,319,Murshidabad,2235,1,Domkal,,13,02235
West Bengal,94,307,Birbhum,2266,1,Dubrajpur,,18,02266
West Bengal,95,704,Paschim Bardhaman,2274,3,Durgapur Faridpur,দুর্গাপুর ফরিদপুর,7,02274
West Bengal,96,317,Purba Medinipur,2491,1,Egra - I,,50,02491
West Bengal,97,317,Purba Medinipur,2492,1,Egra - II,,51,02492
West Bengal,98,316,Malda,2218,1,English Bazar,,11,02218
West Bengal,99,664,Alipurduar,2175,2,Falakata,,10,02175
West Bengal,100,304,South 24 Parganas,2425,1,Falta,,14,02425
West Bengal,101,319,Murshidabad,2223,1,Farakka,,1,02223
West Bengal,102,303,North 24 Parganas,2318,1,Gaighata,,3,02318
West Bengal,103,306,Purba Bardhaman,2287,1,Galsi - I,,20,02287
West Bengal,104,306,Purba Bardhaman,2288,1,Galsi - II,,21,02288
West Bengal,105,305,Bankura,2358,1,Gangajalghati,,3,02358
West Bengal,106,310,Dakshin Dinajpur,2201,1,Gangarampur,,2,02201
West Bengal,107,318,Paschim Medinipur,2444,1,Garbeta - I,,4,02444
West Bengal,108,318,Paschim Medinipur,2443,1,Garbeta - II,,3,02443
West Bengal,109,318,Paschim Medinipur,2445,1,Garbeta - III,,5,02445
West Bengal,110,316,Malda,2214,1,Gazole,,7,02214
West Bengal,111,318,Paschim Medinipur,2448,1,Ghatal,,8,02448
West Bengal,112,311,Uttar Dinajpur,2193,2,Goalpokher - I,গোয়ালপোখের- ১,3,02193
West Bengal,113,311,Uttar Dinajpur,2194,2,Goalpokher - II,গোয়ালপোখের - 2,4,02194
West Bengal,114,312,Hooghly,2338,1,Goghat - I,,1,02338
West Bengal,115,312,Hooghly,2339,1,Goghat - II,,2,02339
West Bengal,116,703,Jhargram,2457,2,Gopiballavpur - I,,17,02457
West Bengal,117,703,Jhargram,2456,2,Gopiballavpur - II,,16,02456
West Bengal,118,702,Kalimpong,2158,2,Gorubathan,,5,02158
West Bengal,119,304,South 24 Parganas,2435,1,Gosaba,,24,02435
West Bengal,120,316,Malda,2216,1,Habibpur,,9,02216
West Bengal,121,303,North 24 Parganas,2320,1,Habra - I,,5,02320
West Bengal,122,303,North 24 Parganas,2321,1,Habra - II,,6,02321
West Bengal,123,317,Purba Medinipur,2483,1,Haldia,,42,02483
West Bengal,124,308,Cooch Behar,2179,1,Haldibari,,1,02179
West Bengal,125,320,Nadia,2310,1,Hanskhali,,12,02310
West Bengal,126,319,Murshidabad,2242,1,Hariharpara,,20,02242
West Bengal,127,320,Nadia,2315,1,Haringhata,,17,02315
West Bengal,128,312,Hooghly,2348,1,Haripal,,11,02348
West Bengal,129,310,Dakshin Dinajpur,2207,2,Harirampur,,8,02207
West Bengal,130,316,Malda,2208,1,Harischandrapur - I,,1,02208
West Bengal,131,316,Malda,2209,1,Harischandrapur - II,,2,02209
West Bengal,132,303,North 24 Parganas,2331,1,Haroa,,16,02331
West Bengal,133,303,North 24 Parganas,2336,1,Hasnabad,,21,02336
West Bengal,134,311,Uttar Dinajpur,2197,1,Hemtabad,,7,02197
West Bengal,135,310,Dakshin Dinajpur,2203,1,Hilli,,4,02203
West Bengal,136,303,North 24 Parganas,2337,1,Hingalganj,,22,02337
West Bengal,137,305,Bankura,2374,1,Hirbandh,,19,02374
West Bengal,138,321,Purulia,2386,1,Hura,,9,02386
West Bengal,139,307,Birbhum,2265,1,Illambazar,,17,02265
West Bengal,140,305,Bankura,2360,1,Indpur,,5,02360
West Bengal,141,305,Bankura,2366,1,Indus,,11,02366
West Bengal,142,311,Uttar Dinajpur,2192,1,Islampur,,2,02192
West Bengal,143,311,Uttar Dinajpur,2199,2,Itahar,,9,02199
West Bengal,144,313,Howrah,2401,1,Jagatballavpur,,4,02401
West Bengal,145,321,Purulia,2378,1,Jaipur,,1,02378
West Bengal,146,319,Murshidabad,2234,1,Jalangi,,12,02234
West Bengal,147,314,Jalpaiguri,2178,1,Jalpaiguri,,13,02178
West Bengal,148,306,Purba Bardhaman,2295,1,Jamalpur,,28,02295
West Bengal,149,703,Jhargram,2455,2,Jamboni,,15,02455
West Bengal,150,704,Paschim Bardhaman,2270,2,Jamuria,,3,02270
West Bengal,151,312,Hooghly,2353,1,Jangipara,,16,02353
West Bengal,152,304,South 24 Parganas,2431,1,Jaynagar - I,,20,02431
West Bengal,153,304,South 24 Parganas,2432,1,Jaynagar - II,,21,02432
West Bengal,154,305,Bankura,2368,1,Jaypur,,13,02368
West Bengal,155,321,Purulia,2390,1,Jhalda - I,,13,02390
West Bengal,156,321,Purulia,2391,1,Jhalda - II,,14,02391
West Bengal,157,703,Jhargram,2454,2,Jhargram,,14,02454
West Bengal,158,309,Darjeeling,2159,1,Jorebunglow Sukiapokhri,,6,02159
West Bengal,159,304,South 24 Parganas,2437,1,Kakdwip,,26,02437
West Bengal,160,664,Alipurduar,2171,2,Kalchini,,6,02171
West Bengal,161,316,Malda,2220,1,Kaliachak - I,,13,02220
West Bengal,162,316,Malda,2221,1,Kaliachak - II,,14,02221
West Bengal,163,316,Malda,2222,1,Kaliachak - III,,15,02222
West Bengal,164,311,Uttar Dinajpur,2198,1,Kaliaganj,,8,02198
West Bengal,165,320,Nadia,2303,1,Kaliganj,,5,02303
West Bengal,166,702,Kalimpong,2156,2,Kalimpong -I,,3,02156
West Bengal,167,306,Purba Bardhaman,2293,1,Kalna - I,,26,02293
West Bengal,168,306,Purba Bardhaman,2294,1,Kalna - II,,27,02294
West Bengal,169,320,Nadia,6966,3,Kalyani,KALYANI,,00000
West Bengal,170,319,Murshidabad,2240,1,Kandi,,18,02240
West Bengal,171,704,Paschim Bardhaman,2275,2,Kanksa,,8,02275
West Bengal,172,311,Uttar Dinajpur,2195,1,Karandighi,,5,02195
West Bengal,173,320,Nadia,2299,1,Karimpur - I,,1,02299
West Bengal,174,320,Nadia,2300,1,Karimpur - II,,2,02300
West Bengal,175,321,Purulia,2385,1,Kashipur,,8,02385
West Bengal,176,306,Purba Bardhaman,2281,1,Katwa - I,,14,02281
West Bengal,177,306,Purba Bardhaman,2282,1,Katwa - II,,15,02282
West Bengal,178,318,Paschim Medinipur,2466,1,Keshiary,,33,02466
West Bengal,179,318,Paschim Medinipur,2451,1,Keshpur,,11,02451
West Bengal,180,306,Purba Bardhaman,2279,1,Ketugram - I,,12,02279
West Bengal,181,306,Purba Bardhaman,2280,1,Ketugram - II,,13,02280
West Bengal,182,312,Hooghly,2354,1,Khanakul - I,,17,02354
West Bengal,183,312,Hooghly,2355,1,Khanakul - II,,18,02355
West Bengal,184,306,Purba Bardhaman,2297,1,Khandaghosh,,30,02297
West Bengal,185,318,Paschim Medinipur,2460,1,Kharagpur - I,,20,02460
West Bengal,186,318,Paschim Medinipur,2461,1,Kharagpur - II,,21,02461
West Bengal,187,319,Murshidabad,2239,1,Khargram,,17,02239
West Bengal,188,309,Darjeeling,2165,1,Kharibari,,12,02165
West Bengal,189,305,Bankura,2373,1,Khatra,,18,02373
West Bengal,190,317,Purba Medinipur,2486,1,Khejuri - I,,45,02486
West Bengal,191,317,Purba Medinipur,2487,1,Khejuri - II,,46,02487
West Bengal,192,307,Birbhum,2267,1,Khoyrasol,,19,02267
West Bengal,193,317,Purba Medinipur,2471,1,Kolaghat,,24,02471
West Bengal,194,305,Bankura,2367,1,Kotulpur,,12,02367
West Bengal,195,314,Jalpaiguri,7119,1,Kranti,KRANTI,,00000
West Bengal,196,320,Nadia,2309,1,Krishnaganj,,11,02309
West Bengal,197,320,Nadia,2308,1,Krishnagar - I,,10,02308
West Bengal,198,320,Nadia,2306,1,Krishnagar - II,,8,02306
West Bengal,199,304,South 24 Parganas,2428,1,Kulpi,,17,02428
West Bengal,200,304,South 24 Parganas,2433,1,Kultali,,22,02433
West Bengal,201,310,Dakshin Dinajpur,2202,1,Kumarganj,,3,02202
West Bengal,202,664,Alipurduar,2172,2,Kumargram,,7,02172
West Bengal,203,309,Darjeeling,2161,1,Kurseong,,8,02161
West Bengal,204,310,Dakshin Dinajpur,2200,1,Kushmundi,,1,02200
West Bengal,205,307,Birbhum,2262,1,Labpur,,14,02262
West Bengal,206,319,Murshidabad,2229,1,Lalgola,,7,02229
West Bengal,207,702,Kalimpong,2157,9,Lava,Lava,4,02157
West Bengal,208,702,Kalimpong,7050,5,Lavaold,,,00000
West Bengal,209,664,Alipurduar,2170,2,Madarihat,,5,02170
West Bengal,210,304,South 24 Parganas,2424,2,Magrahat - I,,13,02424
West Bengal,211,304,South 24 Parganas,2423,1,Magrahat - II,,12,02423
West Bengal,212,317,Purba Medinipur,2475,1,Mahisadal,,28,02475
West Bengal,213,314,Jalpaiguri,2167,2,Mal,,2,02167
West Bengal,214,316,Malda,2217,1,Maldah (Old),,10,02217
West Bengal,215,321,Purulia,2395,1,Manbazar - I,,18,02395
West Bengal,216,321,Purulia,2396,1,Manbazar - II,,19,02396
West Bengal,217,304,South 24 Parganas,2429,2,Mandirbazar,,18,02429
West Bengal,218,306,Purba Bardhaman,2278,1,Mangolkote,,11,02278
West Bengal,219,316,Malda,2219,1,Manikchak,,12,02219
West Bengal,220,306,Purba Bardhaman,2285,1,Manteswar,,18,02285
West Bengal,221,308,Cooch Behar,2181,1,Mathabhanga - I,,3,02181
West Bengal,222,308,Cooch Behar,2182,3,Mathabhanga-II,Mathabhanga-II,4,02182
West Bengal,223,304,South 24 Parganas,2430,1,Mathurapur - I,,19,02430
West Bengal,224,304,South 24 Parganas,2436,1,Mathurapur - II,,25,02436
West Bengal,225,314,Jalpaiguri,2168,1,Matiali,,3,02168
West Bengal,226,309,Darjeeling,2162,1,Matigara,,9,02162
West Bengal,227,314,Jalpaiguri,2177,1,Maynaguri,,12,02177
West Bengal,228,307,Birbhum,2255,1,Mayureswar - I,,7,02255
West Bengal,229,307,Birbhum,2256,1,Mayureswar - II,,8,02256
West Bengal,230,305,Bankura,2357,1,Mejhia,,2,02357
West Bengal,231,308,Cooch Behar,2180,1,Mekliganj,,2,02180
West Bengal,232,306,Purba Bardhaman,2291,1,Memari - I,,24,02291
West Bengal,233,306,Purba Bardhaman,2292,1,Memari - II,,25,02292
West Bengal,234,318,Paschim Medinipur,2453,1,Midnapore,,13,02453
West Bengal,235,303,North 24 Parganas,2333,1,Minakhan,,18,02333
West Bengal,236,309,Darjeeling,2160,3,Mirik,,7,02160
West Bengal,237,307,Birbhum,2257,1,Mohammad Bazar,,9,02257
West Bengal,238,318,Paschim Medinipur,2469,1,Mohanpur,,52,02469
West Bengal,239,317,Purba Medinipur,2476,1,Moyna,,29,02476
West Bengal,240,307,Birbhum,2249,1,Murarai - I,,1,02249
West Bengal,241,307,Birbhum,2250,1,Murarai - II,,2,02250
West Bengal,242,319,Murshidabad,2237,1,Murshidabad Jiaganj,,15,02237
West Bengal,243,320,Nadia,2307,1,Nabadwip,,9,02307
West Bengal,244,319,Murshidabad,2238,1,Nabagram,,16,02238
West Bengal,245,314,Jalpaiguri,2169,1,Nagrakata,,4,02169
West Bengal,246,320,Nadia,2304,1,Nakashipara,,6,02304
West Bengal,247,307,Birbhum,2251,1,Nalhati - I,,3,02251
West Bengal,248,307,Birbhum,2252,1,Nalhati - II,,4,02252
West Bengal,249,304,South 24 Parganas,2439,1,Namkhana,,28,02439
West Bengal,250,317,Purba Medinipur,2474,1,Nanda Kumar,,27,02474
West Bengal,251,317,Purba Medinipur,2484,1,Nandigram - I,,43,02484
West Bengal,252,317,Purba Medinipur,2485,1,Nandigram - II,,44,02485
West Bengal,253,307,Birbhum,2263,1,Nanoor,,15,02263
West Bengal,254,318,Paschim Medinipur,2465,1,Narayangarh,,32,02465
West Bengal,255,319,Murshidabad,2243,1,Nawda,,21,02243
West Bengal,256,309,Darjeeling,2163,3,Naxalbari,,10,02163
West Bengal,257,703,Jhargram,2458,2,Nayagram,,18,02458
West Bengal,258,321,Purulia,2383,1,Neturia,,6,02383
West Bengal,259,305,Bankura,2370,1,Onda,,15,02370
West Bengal,260,313,Howrah,2405,1,Panchla,,8,02405
West Bengal,261,704,Paschim Bardhaman,2273,3,Pandabeswar,,6,02273
West Bengal,262,312,Hooghly,2344,1,Pandua,,7,02344
West Bengal,263,317,Purba Medinipur,2470,1,Panskura,,23,02470
West Bengal,264,321,Purulia,2380,1,Para,,3,02380
West Bengal,265,304,South 24 Parganas,2440,1,Patharpratima,,29,02440
West Bengal,266,305,Bankura,2365,1,Patrasayer,,10,02365
West Bengal,267,702,Kalimpong,7051,2,Pedong,,,00000
West Bengal,268,309,Darjeeling,2164,1,Phansidewa,,11,02164
West Bengal,269,318,Paschim Medinipur,2463,1,Pingla,,30,02463
West Bengal,270,312,Hooghly,2347,1,Polba - Dadpur,,10,02347
West Bengal,271,317,Purba Medinipur,2477,1,Potashpur - I,,36,02477
West Bengal,272,317,Purba Medinipur,2478,1,Potashpur - II,,37,02478
West Bengal,273,321,Purulia,2388,1,Puncha,,11,02388
West Bengal,274,306,Purba Bardhaman,2283,1,Purbasthali - I,,16,02283
West Bengal,275,306,Purba Bardhaman,2284,1,Purbasthali - II,,17,02284
West Bengal,276,312,Hooghly,2341,1,Pursura,,4,02341
West Bengal,277,321,Purulia,2387,1,Purulia - I,,10,02387
West Bengal,278,321,Purulia,2379,1,Purulia - II,,2,02379
West Bengal,279,319,Murshidabad,2227,1,Raghunathganj - I,,5,02227
West Bengal,280,319,Murshidabad,2228,1,Raghunathganj - II,,6,02228
West Bengal,281,321,Purulia,2382,1,Raghunathpur - I,,5,02382
West Bengal,282,321,Purulia,2381,1,Raghunathpur - II,,4,02381
West Bengal,283,311,Uttar Dinajpur,2196,1,Raiganj,,6,02196
West Bengal,284,306,Purba Bardhaman,2296,1,Raina - I,,29,02296
West Bengal,285,306,Purba Bardhaman,2298,1,Raina - II,,31,02298
West Bengal,286,305,Bankura,2376,1,Raipur,,21,02376
West Bengal,287,303,North 24 Parganas,2332,1,Rajarhat,,17,02332
West Bengal,288,314,Jalpaiguri,2166,1,Rajganj,,1,02166
West Bengal,289,307,Birbhum,2258,1,Rajnagar,,10,02258
West Bengal,290,317,Purba Medinipur,2493,1,Ramnagar - I,,53,02493
West Bengal,291,317,Purba Medinipur,2494,1,Ramnagar - II,,54,02494
West Bengal,292,307,Birbhum,2253,1,Rampurhat - I,,5,02253
West Bengal,293,307,Birbhum,2254,1,Rampurhat - II,,6,02254
West Bengal,294,320,Nadia,2312,1,Ranaghat - I,,14,02312
West Bengal,295,320,Nadia,2313,1,Ranaghat - II,,15,02313
West Bengal,296,309,Darjeeling,2155,1,Rangli Rangliot,,2,02155
West Bengal,297,305,Bankura,2375,2,Ranibandh,রানীবাঁধ,20,02375
West Bengal,298,704,Paschim Bardhaman,2271,2,Raniganj,,4,02271
West Bengal,299,319,Murshidabad,2236,1,Raninagar - I,,14,02236
West Bengal,300,319,Murshidabad,2233,1,Raninagar - II,,11,02233
West Bengal,301,316,Malda,2212,1,Ratua - I,,5,02212
West Bengal,302,316,Malda,2213,1,Ratua - II,,6,02213
West Bengal,303,318,Paschim Medinipur,2464,1,Sabang,,31,02464
West Bengal,304,304,South 24 Parganas,2438,1,Sagar,,27,02438
West Bengal,305,319,Murshidabad,2230,1,Sagardighi,,8,02230
West Bengal,306,317,Purba Medinipur,2473,1,Sahid Matangini,,26,02473
West Bengal,307,307,Birbhum,2261,1,Sainthia,,13,02261
West Bengal,308,704,Paschim Bardhaman,2268,2,Salanpur,,1,02268
West Bengal,309,318,Paschim Medinipur,2452,1,Salbani,,12,02452
West Bengal,310,305,Bankura,2356,1,Saltora,,1,02356
West Bengal,311,319,Murshidabad,2224,1,Samserganj,,2,02224
West Bengal,312,303,North 24 Parganas,2334,1,Sandeshkhali - I,,19,02334
West Bengal,313,303,North 24 Parganas,2335,1,Sandeshkhali - II,,20,02335
West Bengal,314,313,Howrah,2404,1,Sankrail,,19,02404
West Bengal,315,703,Jhargram,2459,2,Sankrail,,19,02459
West Bengal,316,320,Nadia,2311,1,Santipur,,13,02311
West Bengal,317,321,Purulia,2384,1,Santuri,,7,02384
West Bengal,318,305,Bankura,2377,1,Sarenga,,22,02377
West Bengal,319,312,Hooghly,2350,1,Serampur Uttarpara,,13,02350
West Bengal,320,313,Howrah,2410,1,Shyampur - I,,13,02410
West Bengal,321,313,Howrah,2411,1,Shyampur - II,,14,02411
West Bengal,322,305,Bankura,2372,1,Simlapal,,17,02372
West Bengal,323,312,Hooghly,2349,1,Singur,,12,02349
West Bengal,324,308,Cooch Behar,2189,1,Sitai,,11,02189
West Bengal,325,308,Cooch Behar,2190,1,Sitalkuchi,,12,02190
West Bengal,326,305,Bankura,2364,1,Sonamukhi,,9,02364
West Bengal,327,304,South 24 Parganas,2417,4,Sonarpur,সোনারপুর,6,02417
West Bengal,328,307,Birbhum,2259,1,Suri - I,,11,02259
West Bengal,329,307,Birbhum,2260,1,Suri - II,,12,02260
West Bengal,330,317,Purba Medinipur,2482,1,Sutahata,,41,02482
West Bengal,331,319,Murshidabad,2225,1,Suti - I,,3,02225
West Bengal,332,319,Murshidabad,2226,1,Suti - II,,4,02226
West Bengal,333,303,North 24 Parganas,2319,1,Swarupnagar,,4,02319
West Bengal,334,305,Bankura,2371,1,Taldangra,,16,02371
West Bengal,335,317,Purba Medinipur,2472,1,Tamluk,,25,02472
West Bengal,336,310,Dakshin Dinajpur,2205,1,Tapan,,6,02205
West Bengal,337,312,Hooghly,2342,1,Tarakeswar,,5,02342
West Bengal,338,320,Nadia,2301,1,Tehatta - I,,3,02301
West Bengal,339,320,Nadia,2302,1,Tehatta - II,,4,02302
West Bengal,340,304,South 24 Parganas,2412,1,Thakurpukur Mahestola,,1,02412
West Bengal,341,308,Cooch Behar,2185,1,Tufanganj - I,,7,02185
West Bengal,342,308,Cooch Behar,2186,1,Tufanganj - II,,8,02186
West Bengal,343,313,Howrah,2398,1,Udaynarayanpur,,1,02398
West Bengal,344,313,Howrah,2407,1,Uluberia - I,,10,02407
West Bengal,345,313,Howrah,2406,1,Uluberia - II,,9,02406
West Bengal,346,305,Bankura,2369,1,Vishnupur,,14,02369
West Bengal,,,,,,,,,
West Bengal,"Sep 5, 2026, 6:55 PM",,,,,,,,
