source_state,S.No.,Localbody Type Code,Localbody Type Name,Localbody Code,Localbody Version,Local Body Name,Local Body Name_1,Census 2001 Code,Census 2011 Code
Andaman and Nicobar Islands,,,,,,(In English),(In Local),,
Andaman and Nicobar Islands,1.0,5,Municipality,253098,6,Port Blair,Port Blair,804041,5
Andaman and Nicobar Islands,,,,,,,,,
Andaman and Nicobar Islands,"Sep 5, 2026, 6:24 PM",,,,,,,,
Andhra Pradesh,,,,,,(In English),(In Local),,
Andhra Pradesh,1.0,4,Municipal Corporation,248112,3,Anantapur,Anantapur,803009,4
Andhra Pradesh,2.0,4,Municipal Corporation,248122,12,Chittoor,Chittoor,803019,4
Andhra Pradesh,3.0,4,Municipal Corporation,251782,2,Cuddapah,Cuddapah,802998,4
Andhra Pradesh,4.0,4,Municipal Corporation,251739,4,Eluru,Eluru,802962,4
Andhra Pradesh,5.0,4,Municipal Corporation,251757,12,Guntur,Guntur,802981,4
Andhra Pradesh,6.0,4,Municipal Corporation,251731,4,Kakinada,Kakinada,802955,4
Andhra Pradesh,7.0,4,Municipal Corporation,251789,4,Kurnool,Kurnool,803002,4
Andhra Pradesh,8.0,4,Municipal Corporation,251750,3,Machilipatnam Municipal Corporation,Machilipatnam Municipal Corporation,802972,4
Andhra Pradesh,9.0,4,Municipal Corporation,251752,7,Mangalagiri Tadepalli,Mangalagiri Tadepalli,802976,4
Andhra Pradesh,10.0,4,Municipal Corporation,251772,6,Nellore Municipal Corporation,నెల్లూరు నగరపాలక సంస్థ,802991,4
Andhra Pradesh,11.0,4,Municipal Corporation,251766,5,Ongole,Ongole,802988,4
Andhra Pradesh,12.0,4,Municipal Corporation,251725,13,Rajahmundry,Rajahmundry,802952,4
Andhra Pradesh,13.0,4,Municipal Corporation,251700,7,Srikakulam,Srikakulam,802942,4
Andhra Pradesh,14.0,4,Municipal Corporation,248121,9,Tirupati,Tirupati,803014,4
Andhra Pradesh,15.0,4,Municipal Corporation,251746,4,Vijayawada Municipal Corporation,విజయవాడ నగరపాలక సంస్థ,802969,4
Andhra Pradesh,16.0,4,Municipal Corporation,251719,8,Visakhapatnam,Visakhapatnam,802947,4
Andhra Pradesh,17.0,4,Municipal Corporation,251709,6,Vizianagaram Municipal Corporation,Vizianagaram Municipal Corporation,802946,4
Andhra Pradesh,18.0,5,Municipality,257868,3,Addanki,Addanki,000000,5
Andhra Pradesh,19.0,5,Municipality,251792,2,Adoni,Adoni,803003,5
Andhra Pradesh,20.0,5,Municipality,253272,5,Allagadda,Allagadda,000000,5
Andhra Pradesh,21.0,5,Municipality,251699,3,Amadalavalasa,Amadalavalasa,802941,5
Andhra Pradesh,22.0,5,Municipality,251735,3,Amalapuram,Amalapuram,802958,5
Andhra Pradesh,23.0,5,Municipality,258033,4,Atmakur,Atmakur,000000,5
Andhra Pradesh,24.0,5,Municipality,253270,5,Atmakur (Kurnool),Atmakur (Kurnool),000000,5
Andhra Pradesh,25.0,5,Municipality,248111,2,Badvel,Badvel,802994,5
Andhra Pradesh,26.0,5,Municipality,251760,2,Bapatla,Bapatla,802984,5
Andhra Pradesh,27.0,5,Municipality,251741,3,Bhimavaram,Bhimavaram,802964,5
Andhra Pradesh,28.0,5,Municipality,251702,2,Bobbili,Bobbili,802944,5
Andhra Pradesh,29.0,5,Municipality,251756,5,Chilakaluripeta,Chilakaluripeta,802980,5
Andhra Pradesh,30.0,5,Municipality,253274,8,Chimakurthy,Chimakurthy,000000,5
Andhra Pradesh,31.0,5,Municipality,251763,2,Chirala,Chirala,802987,5
Andhra Pradesh,32.0,5,Municipality,248115,2,Dharmavaram,Dharmavaram,803010,5
Andhra Pradesh,33.0,5,Municipality,253169,3,Dhone(M),Dhone(M),803005,5
Andhra Pradesh,34.0,5,Municipality,251797,4,Gooty,Gooty,000000,5
Andhra Pradesh,35.0,5,Municipality,251747,7,Gudivada,Gudivada,802970,5
Andhra Pradesh,36.0,5,Municipality,263068,5,Gudur,GUDUR,802992,5
Andhra Pradesh,37.0,5,Municipality,248113,2,Guntakal,Guntakal,803007,5
Andhra Pradesh,38.0,5,Municipality,248118,2,Hindupur,Hindupur,803012,5
Andhra Pradesh,39.0,5,Municipality,251696,3,Ichapuram,Ichapuram,802939,5
Andhra Pradesh,40.0,5,Municipality,277319,2,Jaggiahpet,Jaggiahpet,000000,5
Andhra Pradesh,41.0,5,Municipality,257906,3,Jangareddygudem,Jangareddygudem,000000,5
Andhra Pradesh,42.0,5,Municipality,248116,2,Kadiri,Kadiri,803011,5
Andhra Pradesh,43.0,5,Municipality,251799,3,Kalyandurg,Kalyandurg,000000,5
Andhra Pradesh,44.0,5,Municipality,251768,5,Kandukur,Kandukur,802989,5
Andhra Pradesh,45.0,5,Municipality,253295,5,Kanigiri,Kanigiri,000000,5
Andhra Pradesh,46.0,5,Municipality,251770,4,Kavali,Kavali,802990,5
Andhra Pradesh,47.0,5,Municipality,296264,3,Kondapalli,KONDAPALLI,,5
Andhra Pradesh,48.0,5,Municipality,251736,3,Kovvur,Kovvur,802959,5
Andhra Pradesh,49.0,5,Municipality,296257,5,Kuppam,KUPPAM,,5
Andhra Pradesh,50.0,5,Municipality,251751,2,Macherla,మంచేరియాల్,802973,5
Andhra Pradesh,51.0,5,Municipality,248119,2,Madanapalli,Madanapalli,803015,5
Andhra Pradesh,52.0,5,Municipality,251732,2,Mandapeta,Mandapeta,802956,5
Andhra Pradesh,53.0,5,Municipality,251762,2,Markapur,Markapur,802986,5
Andhra Pradesh,54.0,5,Municipality,253297,3,Mydukur,Mydukur,000000,5
Andhra Pradesh,55.0,5,Municipality,248125,2,Nagari,Nagari,803016,5
Andhra Pradesh,56.0,5,Municipality,257831,4,Naidupeta,Naidupeta,000000,5
Andhra Pradesh,57.0,5,Municipality,254922,4,Nandigama,Nandigama,000000,5
Andhra Pradesh,58.0,5,Municipality,253273,5,Nandikotkur,Nandikotkur,000000,5
Andhra Pradesh,59.0,5,Municipality,251795,6,Nandyal,Nandyal,803004,5
Andhra Pradesh,60.0,5,Municipality,251742,2,Narasapur,Narasapur,802965,5
Andhra Pradesh,61.0,5,Municipality,251755,4,Narasaraopeta,Narasaraopeta,802979,5
Andhra Pradesh,62.0,5,Municipality,251716,4,Narsipatnam,Narsipatnam,000000,5
Andhra Pradesh,63.0,5,Municipality,251737,2,Nidadavole,Nidadavole,802960,5
Andhra Pradesh,64.0,5,Municipality,251745,2,Nuzvid,Nuzvid,802968,5
Andhra Pradesh,65.0,5,Municipality,251743,6,Palacole,Palacole,802966,5
Andhra Pradesh,66.0,5,Municipality,248123,2,Palamaner,Palamaner,803020,5
Andhra Pradesh,67.0,5,Municipality,251695,3,Palasa Kasibugga,Palasa Kasibugga,802938,5
Andhra Pradesh,68.0,5,Municipality,251701,3,Parvathipuram,Parvathipuram,802943,5
Andhra Pradesh,69.0,5,Municipality,251749,3,Pedana,Pedana,802971,5
Andhra Pradesh,70.0,5,Municipality,251724,2,Peddapuram,Peddapuram,802951,5
Andhra Pradesh,71.0,5,Municipality,253167,2,Piduguralla,Piduguralla,802974,5
Andhra Pradesh,72.0,5,Municipality,251728,2,Pithapuram,Pithapuram,802954,5
Andhra Pradesh,73.0,5,Municipality,251759,2,Ponnuru,Ponnuru,802983,5
Andhra Pradesh,74.0,5,Municipality,251778,2,Proddatur,Proddatur,802995,5
Andhra Pradesh,75.0,5,Municipality,253101,2,Pulivendula,Pulivendula,802997,5
Andhra Pradesh,76.0,5,Municipality,248120,2,Punganur,Punganur,803018,5
Andhra Pradesh,77.0,5,Municipality,253254,5,Puttaparthi,Puttaparthi,000000,5
Andhra Pradesh,78.0,5,Municipality,248126,2,Puttur,Puttur,803017,5
Andhra Pradesh,79.0,5,Municipality,251698,3,Rajam,Rajam,802940,5
Andhra Pradesh,80.0,5,Municipality,253102,2,Rajampet,Rajampet,803000,5
Andhra Pradesh,81.0,5,Municipality,251733,2,Ramachandrapuram,Ramachandrapuram,802957,5
Andhra Pradesh,82.0,5,Municipality,251786,2,Rayachoti,Rayachoti,802999,5
Andhra Pradesh,83.0,5,Municipality,248117,2,Rayadurg,Rayadurg,803006,5
Andhra Pradesh,84.0,5,Municipality,251761,2,Repalle,Repalle,802985,5
Andhra Pradesh,85.0,5,Municipality,251703,2,Salur,Salur,802945,5
Andhra Pradesh,86.0,5,Municipality,251727,2,Samalkot,Samalkot,802953,5
Andhra Pradesh,87.0,5,Municipality,251753,2,Sattenapalle,Sattenapalle,802977,5
Andhra Pradesh,88.0,5,Municipality,248124,3,Srikalahasti,Srikalahasti,803013,5
Andhra Pradesh,89.0,5,Municipality,253227,4,Sullurupeta,Sullurupeta,000000,5
Andhra Pradesh,90.0,5,Municipality,251738,4,Tadepalligudem,Tadepalligudem,802961,5
Andhra Pradesh,91.0,5,Municipality,248114,2,Tadipatri,Tadipatri,803008,5
Andhra Pradesh,92.0,5,Municipality,251740,3,Tanuku,Tanuku,802963,5
Andhra Pradesh,93.0,5,Municipality,251758,2,Tenali,Tenali,802982,5
Andhra Pradesh,94.0,5,Municipality,251722,2,Tuni,Tuni,802950,5
Andhra Pradesh,95.0,5,Municipality,251774,5,Venkatagiri,Venkatagiri,802993,5
Andhra Pradesh,96.0,5,Municipality,251754,3,Vinukonda,Vinukonda,802978,5
Andhra Pradesh,97.0,5,Municipality,258054,3,Yelamanchili,Yelamanchili,000000,5
Andhra Pradesh,98.0,5,Municipality,251787,3,Yemmiganur,Yemmiganur,803001,5
Andhra Pradesh,99.0,5,Municipality,299612,1,Ysr Tadigadapa,Ysr Tadigadapa,,5
Andhra Pradesh,100.0,7,Nagar Panchayat,296256,2,Akiveedu,AKIVEEDU,,7
Andhra Pradesh,101.0,7,Nagar Panchayat,299713,1,Alluru,Alluru,,7
Andhra Pradesh,102.0,7,Nagar Panchayat,296260,2,Bethamcherla,BETHAMCHERLA,,7
Andhra Pradesh,103.0,7,Nagar Panchayat,299714,1,B Kothakota,B Kothakota,,7
Andhra Pradesh,104.0,7,Nagar Panchayat,296328,2,Buchireddypalem,Buchireddypalem,,7
Andhra Pradesh,105.0,7,Nagar Panchayat,299715,1,Chinthalapudi,Chinthalapudi,,7
Andhra Pradesh,106.0,7,Nagar Panchayat,296261,2,Dachepalli,DACHEPALLI,,7
Andhra Pradesh,107.0,7,Nagar Panchayat,296263,2,Darsi,DARSI,,7
Andhra Pradesh,108.0,7,Nagar Panchayat,257869,2,Giddalur,Giddalur,000000,7
Andhra Pradesh,109.0,7,Nagar Panchayat,277316,3,Gollaprolu,Gollaprolu,000000,7
Andhra Pradesh,110.0,7,Nagar Panchayat,251773,7,Gudur (Kurnool),Gudur (Kurnool),000000,7
Andhra Pradesh,111.0,7,Nagar Panchayat,296262,2,Gurajala,GURAJALA,,7
Andhra Pradesh,112.0,7,Nagar Panchayat,251780,3,Jammalamadugu,Jammalamadugu,802996,7
Andhra Pradesh,113.0,7,Nagar Panchayat,296259,2,Kamalapuram,KAMALAPURAM,,7
Andhra Pradesh,114.0,7,Nagar Panchayat,253253,4,Madakasira,Madakasira,000000,7
Andhra Pradesh,115.0,7,Nagar Panchayat,277315,4,Mummidivaram,Mummidivaram,000000,7
Andhra Pradesh,116.0,7,Nagar Panchayat,251711,4,Nellimarla,Nellimarla,000000,7
Andhra Pradesh,117.0,7,Nagar Panchayat,257967,2,Palakonda,Palakonda,000000,7
Andhra Pradesh,118.0,7,Nagar Panchayat,253252,3,Pamidi,,000000,7
Andhra Pradesh,119.0,7,Nagar Panchayat,296250,2,Penukonda,PENUKONDA,,7
Andhra Pradesh,120.0,7,Nagar Panchayat,299716,1,Podili,Podili,,7
Andhra Pradesh,121.0,7,Nagar Panchayat,254924,3,Tiruvuru,Tiruvuru,000000,7
Andhra Pradesh,122.0,7,Nagar Panchayat,254923,2,Vuyyuru,Vuyyuru,000000,7
Andhra Pradesh,123.0,7,Nagar Panchayat,277317,2,Yeleswaram,Yeleswaram,000000,7
Andhra Pradesh,124.0,7,Nagar Panchayat,251781,3,Yerraguntla,Yerraguntla,000000,7
Andhra Pradesh,,,,,,,,,
Andhra Pradesh,"Sep 5, 2026, 6:14 PM",,,,,,,,
Arunachal Pradesh,,,,,,(In English),(In Local),,
Arunachal Pradesh,1.0,4,Municipal Corporation,276621,3,Itanagar,ITANAGAR,000000,4
Arunachal Pradesh,2.0,5,Municipal Council,276622,2,Pasighat,PASIGHAT,000000,5
Arunachal Pradesh,3.0,7,Town Panchayat,249705,3,Along,Along,801432,7
Arunachal Pradesh,4.0,7,Town Panchayat,249706,3,Basar,Basar,801433,7
Arunachal Pradesh,5.0,7,Town Panchayat,249699,2,Bomdila,Bomdila,801426,7
Arunachal Pradesh,6.0,7,Town Panchayat,299586,1,Bordumsa,BORDUMSA,000000,7
Arunachal Pradesh,7.0,7,Town Panchayat,249711,1,Changlang,Changlang,801437,7
Arunachal Pradesh,8.0,7,Town Panchayat,299587,2,Chayangtajo,CHAYANGTAJO,000000,7
Arunachal Pradesh,9.0,7,Town Panchayat,249704,3,Daporijo,Daporijo,801431,7
Arunachal Pradesh,10.0,7,Town Panchayat,249713,3,Deomali,Deomali,801440,7
Arunachal Pradesh,11.0,7,Town Panchayat,299584,1,Doimukh,DOIMUKH,000000,7
Arunachal Pradesh,12.0,7,Town Panchayat,299582,1,Dumporijo,DUMPORIJO,000000,7
Arunachal Pradesh,13.0,7,Town Panchayat,299588,1,Hayuliang,HAYULIANG,000000,7
Arunachal Pradesh,14.0,7,Town Panchayat,249701,2,Itanagar,Itanagar,801428,7
Arunachal Pradesh,15.0,7,Town Panchayat,249712,2,Jairampur,Jairampur,801438,7
Arunachal Pradesh,16.0,7,Town Panchayat,299589,2,Kalaktang,KALAKTANG,000000,7
Arunachal Pradesh,17.0,7,Town Panchayat,299590,1,Kharsang,KHARSANG,000000,7
Arunachal Pradesh,18.0,7,Town Panchayat,249714,2,Khonsa,Khonsa,801441,7
Arunachal Pradesh,19.0,7,Town Panchayat,299583,1,Kimin,KIMIN,000000,7
Arunachal Pradesh,20.0,7,Town Panchayat,299591,1,Lemmi,LEMMI,000000,7
Arunachal Pradesh,21.0,7,Town Panchayat,299597,1,Mechuka,MECHUKA,000000,7
Arunachal Pradesh,22.0,7,Town Panchayat,249702,2,Naharlagun,Naharlagun,801429,7
Arunachal Pradesh,23.0,7,Town Panchayat,249710,3,Namsai,Namsai,801448,7
Arunachal Pradesh,24.0,7,Town Panchayat,249707,3,Pasighat,Pasighat,801435,7
Arunachal Pradesh,25.0,7,Town Panchayat,299585,1,Raga,RAGA,000000,7
Arunachal Pradesh,26.0,7,Town Panchayat,249708,4,Roing,Roing,801446,7
Arunachal Pradesh,27.0,7,Town Panchayat,299592,1,Ruksin,RUKSIN,000000,7
Arunachal Pradesh,28.0,7,Town Panchayat,299593,2,Rupa,RUPA,000000,7
Arunachal Pradesh,29.0,7,Town Panchayat,299594,1,Sangram,SANGRAM,000000,7
Arunachal Pradesh,30.0,7,Town Panchayat,249700,2,Seppa,Seppa,801427,7
Arunachal Pradesh,31.0,7,Town Panchayat,299595,1,Tato,TATO,000000,7
Arunachal Pradesh,32.0,7,Town Panchayat,249698,1,Tawang,Tawang,801424,7
Arunachal Pradesh,33.0,7,Town Panchayat,249709,3,Tezu,Tezu,801447,7
Arunachal Pradesh,34.0,7,Town Panchayat,299596,2,Yachuli,YACHULI,000000,7
Arunachal Pradesh,35.0,7,Town Panchayat,249703,2,Ziro,Ziro,801443,7
Arunachal Pradesh,,,,,,,,,
Arunachal Pradesh,"Sep 5, 2026, 6:25 PM",,,,,,,,
Assam,,,,,,(In English),(In Local),,
Assam,1.0,4,Municipal Corporation,249854,1,Guwahati,Guwahati,801627,4
Assam,2.0,5,Municipal Board,249906,1,Amguri,Amguri,801590,5
Assam,3.0,5,Municipal Board,249843,2,Barpeta,Barpeta,801557,5
Assam,4.0,5,Municipal Board,249841,2,Barpeta Road,Barpeta Road,801555,5
Assam,5.0,5,Municipal Board,249881,2,Bihpuria,Bihpuria,801576,5
Assam,6.0,5,Municipal Board,249879,3,Biswanath Chariali,Biswanath Chariali,801573,5
Assam,7.0,5,Municipal Board,277144,1,Bokakhat,Bokakhat,801599,5
Assam,8.0,5,Municipal Board,249836,2,Bongaigaon,Bongaigaon,801620,5
Assam,9.0,5,Municipal Board,249918,2,Dergaon,Dergaon,801600,5
Assam,10.0,5,Municipal Board,249875,2,Dhekiajuli,Dhekiajuli,801570,5
Assam,11.0,5,Municipal Board,277145,1,Dhing,Dhing,000000,5
Assam,12.0,5,Municipal Board,249827,3,Dhubri,Dhubri,801549,5
Assam,13.0,5,Municipal Board,249896,1,Dibrugarh,Dibrugarh,801586,5
Assam,14.0,5,Municipal Board,249834,1,Goalpara,Goalpara,801554,5
Assam,15.0,5,Municipal Board,249919,1,Golaghat,Golaghat,801601,5
Assam,16.0,5,Municipal Board,249944,1,Hailakandi,Hailakandi,801618,5
Assam,17.0,5,Municipal Board,249870,2,Hojai,Hojai,801566,5
Assam,18.0,5,Municipal Board,296973,2,Jamugurihat Mb,Jamugurihat MB,000000,5
Assam,19.0,5,Municipal Board,249912,1,Jorhat,Jorhat,801595,5
Assam,20.0,5,Municipal Board,249940,2,Karimganj,Karimganj,801616,5
Assam,21.0,5,Municipal Board,300487,1,Kokrajhar Mb,Kokrajhar Mb,000000,5
Assam,22.0,5,Municipal Board,249939,3,Lakhipur Municipality,Lakhipur Municipality,801615,5
Assam,23.0,5,Municipal Board,249872,2,Lumding,Lumding,801568,5
Assam,24.0,5,Municipal Board,249860,1,Mangaldoi,Mangaldoi,801630,5
Assam,25.0,5,Municipal Board,249864,2,Marigaon,Marigaon,801561,5
Assam,26.0,5,Municipal Board,249902,3,Moran Town,Moran Town,000000,5
Assam,27.0,5,Municipal Board,249866,1,Nagaon,Nagaon,801563,5
Assam,28.0,5,Municipal Board,249858,1,Nalbari,Nalbari,801629,5
Assam,29.0,5,Municipal Board,249907,1,Nazira,Nazira,801591,5
Assam,30.0,5,Municipal Board,249882,1,North Lakhimpur,North Lakhimpur,801577,5
Assam,31.0,5,Municipal Board,249851,1,Palasbari,Palasbari,801625,5
Assam,32.0,5,Municipal Board,302545,1,Patharkandi,,,5
Assam,33.0,5,Municipal Board,289553,2,Ramkrishnanagar,Ramkrishnanagar,,5
Assam,34.0,5,Municipal Board,277143,2,Rangia,Rangia,000000,5
Assam,35.0,5,Municipal Board,249905,1,Sibsagar,Sibsagar,801589,5
Assam,36.0,5,Municipal Board,249933,1,Silchar,Silchar,801614,5
Assam,37.0,5,Municipal Board,296992,4,Sipajhar Mb,SIPAJHAR MB,,5
Assam,38.0,5,Municipal Board,289552,1,Sonai,Sonai,,5
Assam,39.0,5,Municipal Board,249908,3,Sonari,Sonari,801593,5
Assam,40.0,5,Municipal Board,249877,1,Tezpur,Tezpur,801572,5
Assam,41.0,5,Municipal Board,249888,1,Tinsukia,Tinsukia,801583,5
Assam,42.0,7,Town Committee,249838,1,Abhayapuri,Abhayapuri,801621,7
Assam,43.0,7,Town Committee,249941,1,Badarpur,Badarpur,801617,7
Assam,44.0,7,Town Committee,301400,1,Baithalangso,Baithalangso,000000,7
Assam,45.0,7,Town Committee,253264,5,Bakalia,Bakalia,000000,7
Assam,46.0,7,Town Committee,249922,1,Barpathar,Barpathar,801603,7
Assam,47.0,7,Town Committee,249823,2,Basugaon,Basugaon,801622,7
Assam,48.0,7,Town Committee,249839,2,Bijni,Bijni,801623,7
Assam,49.0,7,Town Committee,300488,1,Bilasipara Tc,Bilasipara Tc,000000,7
Assam,50.0,7,Town Committee,249926,3,Bokajan,Bokajan,801607,7
Assam,51.0,7,Town Committee,300494,1,Bokakhat Tc,Bokakhat Tc,000000,7
Assam,52.0,7,Town Committee,249898,1,Chabua,Chabua,801587,7
Assam,53.0,7,Town Committee,259861,1,Chapakhowa,Chapakhowa,000000,7
Assam,54.0,7,Town Committee,300489,1,Chapar Tc,Chapar Tc,000000,7
Assam,55.0,7,Town Committee,300490,1,Chapar Tc,Chapar Tc,000000,7
Assam,56.0,7,Town Committee,299966,1,Deithor Town Committee,Deithor Town Committee,000000,7
Assam,57.0,7,Town Committee,277146,1,Demow,Demow,000000,7
Assam,58.0,7,Town Committee,253211,1,Dhakuakhana,Dhakuakhana,801578,7
Assam,59.0,7,Town Committee,249883,1,Dhemaji,Dhemaji,801579,7
Assam,60.0,7,Town Committee,249890,1,Digboi,Digboi,801584,7
Assam,61.0,7,Town Committee,249925,3,Diphu,Diphu,801606,7
Assam,62.0,7,Town Committee,249871,2,Doboka,Doboka,801567,7
Assam,63.0,7,Town Committee,249928,2,Dokmoka,Dokmoka,801609,7
Assam,64.0,7,Town Committee,299967,1,Dolamara Town Committee,Dolamara Town Committee,000000,7
Assam,65.0,7,Town Committee,249924,2,Donkamokam,Donkamokam,801605,7
Assam,66.0,7,Town Committee,249886,1,Doom Dooma,Doom Dooma,801581,7
Assam,67.0,7,Town Committee,249826,2,Gauripur,Gauripur,801548,7
Assam,68.0,7,Town Committee,249880,2,Gohpur,Gohpur,801574,7
Assam,69.0,7,Town Committee,300491,1,Golokganj Tc,Golokganj Tc,000000,7
Assam,70.0,7,Town Committee,277147,2,Goreswar,Goreswar,000000,7
Assam,71.0,7,Town Committee,249821,1,Gossaigaon,Gossaigaon,801546,7
Assam,72.0,7,Town Committee,249930,2,Haflong,Haflong,801611,7
Assam,73.0,7,Town Committee,249923,2,Hamren,Hamren,801604,7
Assam,74.0,7,Town Committee,249844,2,Howli,Howli,801558,7
Assam,75.0,7,Town Committee,249927,1,Howraghat,Howraghat,801608,7
Assam,76.0,7,Town Committee,300493,1,Jamugurihat Tc,Jamugurihat Tc,000000,7
Assam,77.0,7,Town Committee,296999,1,Kajalgaon Tc,KAJALGAON TC,000000,7
Assam,78.0,7,Town Committee,249869,1,Kampur Town,Kampur Town,801565,7
Assam,79.0,7,Town Committee,249861,1,Kharupatia,Kharupatia,801631,7
Assam,80.0,7,Town Committee,300492,1,Lakhipur Tc,Lakhipur Tc,000000,7
Assam,81.0,7,Town Committee,249945,1,Lala,Lala,801619,7
Assam,82.0,7,Town Committee,277148,1,Langhin,Langhin,000000,7
Assam,83.0,7,Town Committee,300495,1,Lanka Mb,Lanka Mb,000000,7
Assam,84.0,7,Town Committee,249931,1,Mahur,Mahur,801612,7
Assam,85.0,7,Town Committee,249932,2,Maibong,Maibong,801613,7
Assam,86.0,7,Town Committee,249887,1,Makum,Makum,801582,7
Assam,87.0,7,Town Committee,299968,1,Manja Town Committee,Manja Town Committee,000000,7
Assam,88.0,7,Town Committee,249892,1,Margherita,Margherita,801585,7
Assam,89.0,7,Town Committee,249915,1,Mariani,Mariani,801598,7
Assam,90.0,7,Town Committee,249903,1,Naharkatiya,Naharkatiya,801588,7
Assam,91.0,7,Town Committee,249904,1,Namrup,Namrup,000000,7
Assam,92.0,7,Town Committee,253212,1,Narayanpur,Narayanpur,801575,7
Assam,93.0,7,Town Committee,249855,2,North Guwahati,North Guwahati,801626,7
Assam,94.0,7,Town Committee,262892,2,Patacharkuchi,Patacharkuchi,000000,7
Assam,95.0,7,Town Committee,249847,3,Pathsala,Pathsala,801560,7
Assam,96.0,7,Town Committee,299969,1,Phuloni Centre Town Committee,Phuloni Centre Town Committee,000000,7
Assam,97.0,7,Town Committee,271990,1,Raha,Raha,801564,7
Assam,98.0,7,Town Committee,277150,2,Ramkrishna Nagar,Ramkrishna Nagar,000000,7
Assam,99.0,7,Town Committee,249876,2,Rangapara,Rangapara,801571,7
Assam,100.0,7,Town Committee,299970,1,Rongmongve Town Committee,Rongmongve Town Committee,000000,7
Assam,101.0,7,Town Committee,299971,1,Samelangso Town Committee,Samelangso Town Committee,000000,7
Assam,102.0,7,Town Committee,249828,2,Sapatgram,Sapatgram,801550,7
Assam,103.0,7,Town Committee,249842,2,Sarbhog,Sarbhog,801556,7
Assam,104.0,7,Town Committee,249846,2,Sarthebari,Sarthebari,801559,7
Assam,105.0,7,Town Committee,249921,1,Sarupathar,Sarupathar,801602,7
Assam,106.0,7,Town Committee,249884,1,Silapathar,Silapathar,801580,7
Assam,107.0,7,Town Committee,253214,1,Simaluguri,Simaluguri,801592,7
Assam,108.0,7,Town Committee,277152,1,Sonai,Sonai,000000,7
Assam,109.0,7,Town Committee,277151,2,Sootea,Sootea,000000,7
Assam,110.0,7,Town Committee,249859,1,Tangla,Tangla,801632,7
Assam,111.0,7,Town Committee,263017,1,Teoktc,Teok,000000,7
Assam,112.0,7,Town Committee,249857,2,Tihu,Tihu,801628,7
Assam,113.0,7,Town Committee,249916,1,Titabor Town,Titabor Town,801597,7
Assam,114.0,7,Town Committee,249862,1,Udalguri,Udalguri,801633,7
Assam,115.0,7,Town Committee,249929,2,Umrangso,Umrangso,801610,7
Assam,,,,,,,,,
Assam,"Sep 5, 2026, 6:26 PM",,,,,,,,
Bihar,,,,,,(In English),(In Local),,
Bihar,1.0,4,Municipal Corporation,249659,3,Arrah,आरा,801385,4
Bihar,2.0,4,Municipal Corporation,249624,5,Begusarai,बेगुसराय,801346,4
Bihar,3.0,4,Municipal Corporation,249564,6,Bettiah,बेतिया,801281,4
Bihar,4.0,4,Municipal Corporation,249630,1,Bhagalpur,भागलपुर,801354,4
Bihar,5.0,4,Municipal Corporation,249642,5,Biharsharif,बिहारशरीफ,801364,4
Bihar,6.0,4,Municipal Corporation,249612,3,Chapra,छपरा,801333,4
Bihar,7.0,4,Municipal Corporation,249600,3,Darbhanga,दरभंगा,801319,4
Bihar,8.0,4,Municipal Corporation,249680,3,Gaya,गया,801404,4
Bihar,9.0,4,Municipal Corporation,249595,3,Katihar,कटिहार,801314,4
Bihar,10.0,4,Municipal Corporation,249579,5,Madhubani,मधुबनी,801299,4
Bihar,11.0,4,Municipal Corporation,249568,5,Motihari,मोतिहारी,801285,4
Bihar,12.0,4,Municipal Corporation,249634,3,Munger,मुंगेर,801357,4
Bihar,13.0,4,Municipal Corporation,249603,3,Muzaffarpur,मुजफ्फरपुर,801324,4
Bihar,14.0,4,Municipal Corporation,249650,5,Patna,पटना,801373,4
Bihar,15.0,4,Municipal Corporation,249592,3,Purnea,पूर्णियां,801312,4
Bihar,16.0,4,Municipal Corporation,249599,5,Saharsa,सहरसा,801318,4
Bihar,17.0,4,Municipal Corporation,249619,5,Samastipur,समस्तीपुर,801340,4
Bihar,18.0,4,Municipal Corporation,249670,6,Sasaram,सासाराम,801397,4
Bihar,19.0,4,Municipal Corporation,249575,6,Sitamarhi,सीतामढ़ी,801295,4
Bihar,20.0,5,Municipal Council,249587,2,Araria,अररिया,801307,5
Bihar,21.0,5,Municipal Council,253281,2,Arwal,अरवल,801415,5
Bihar,22.0,5,Municipal Council,290025,2,Aurangabad,औरंगाबाद,801401,5
Bihar,23.0,5,Municipal Council,249562,3,Bagaha,बगहा,801279,5
Bihar,24.0,5,Municipal Council,249573,4,Bairgania,बैरगनिया,801293,5
Bihar,25.0,5,Municipal Council,277129,5,Bakhri,बखरी,801347,5
Bihar,26.0,5,Municipal Council,277098,2,Bakhtiyarpur,बख्तियारपुर,801381,5
Bihar,27.0,5,Municipal Council,277136,3,Balia,बलिया,801348,5
Bihar,28.0,5,Municipal Council,249633,5,Banka,बांका,801356,5
Bihar,29.0,5,Municipal Council,299234,3,Banmankhi,बनमनखी,,5
Bihar,30.0,5,Municipal Council,249638,4,Barahiya,बड़हिया,801360,5
Bihar,31.0,5,Municipal Council,277131,3,Barauli,बरौली,801328,5
Bihar,32.0,5,Municipal Council,300544,3,Barauni,बरौनी,000000,5
Bihar,33.0,5,Municipal Council,277103,3,Barbigha,बरबीघा,801362,5
Bihar,34.0,5,Municipal Council,249656,2,Barh,बाढ़,801382,5
Bihar,35.0,5,Municipal Council,276642,2,Benipur,बेनीपुर,801320,5
Bihar,36.0,5,Municipal Council,249666,3,Bhabua,भभुआ,801392,5
Bihar,37.0,5,Municipal Council,276643,4,Bihat,बीहट,801345,5
Bihar,38.0,5,Municipal Council,299176,2,Bihta,बिहटा,,5
Bihar,39.0,5,Municipal Council,249668,5,Bikramganj,विक्रमगंज,801394,5
Bihar,40.0,5,Municipal Council,249683,6,Bodh Gaya,बोधगया,801406,5
Bihar,41.0,5,Municipal Council,249665,3,Buxar,बक्सर,801391,5
Bihar,42.0,5,Municipal Council,249571,3,Chakia,चकिया,801288,5
Bihar,43.0,5,Municipal Council,249621,5,Dalsinghsarai,दलसिंहसराय,801341,5
Bihar,44.0,5,Municipal Council,249648,3,Danapur,दानापुर,801370,5
Bihar,45.0,5,Municipal Council,249674,4,Daudnagar,दाउदनगर,801399,5
Bihar,46.0,5,Municipal Council,249671,4,Dehri Dalmianagar,डिहरी डालमियानगर,801398,5
Bihar,47.0,5,Municipal Council,249567,6,Dhaka,ढाका,801284,5
Bihar,48.0,5,Municipal Council,249664,3,Dumraon,डुमरांव,801390,5
Bihar,49.0,5,Municipal Council,249653,4,Fatuha,फतुहा,801379,5
Bihar,50.0,5,Municipal Council,249586,1,Forbesganj,फारबिसगंज,801306,5
Bihar,51.0,5,Municipal Council,249626,6,Gogri Jamalpur,गोगरी जमालपुर,801350,5
Bihar,52.0,5,Municipal Council,249606,2,Gopalganj,गोपालगंज,801327,5
Bihar,53.0,5,Municipal Council,249617,3,Hajipur,हाजीपुर,801338,5
Bihar,54.0,5,Municipal Council,299171,2,Haweli Kharagpur,हवेली खरगपुर,,5
Bihar,55.0,5,Municipal Council,249643,3,Hilsa,हिलसा,801365,5
Bihar,56.0,5,Municipal Council,249686,7,Hisua,हिसुआ,801409,5
Bihar,57.0,5,Municipal Council,249644,4,Islampur,ईसलामपुर,801366,5
Bihar,58.0,5,Municipal Council,301286,3,Jale,जाले,,5
Bihar,59.0,5,Municipal Council,249635,2,Jamalpur,जमालपुर,801358,5
Bihar,60.0,5,Municipal Council,249687,3,Jamui,जमुई,801411,5
Bihar,61.0,5,Municipal Council,249577,4,Janakpur Road,जनकपुर रोड,801297,5
Bihar,62.0,5,Municipal Council,249672,4,Jehanabad,जहानाबाद,801413,5
Bihar,63.0,5,Municipal Council,249688,5,Jhajha,झाझा,801412,5
Bihar,64.0,5,Municipal Council,249580,3,Jhanjharpur,झंझारपुर,801300,5
Bihar,65.0,5,Municipal Council,249585,5,Jogabani,जोगबनी,801305,5
Bihar,66.0,5,Municipal Council,249602,4,Kanti,कांटी,801323,5
Bihar,67.0,5,Municipal Council,299233,2,Kasba,कसबा,,5
Bihar,68.0,5,Municipal Council,249625,5,Khagaria,खगड़िया,801349,5
Bihar,69.0,5,Municipal Council,249649,2,Khagaul,खगौल,801372,5
Bihar,70.0,5,Municipal Council,249590,2,Kishanganj,किशनगंज,801310,5
Bihar,71.0,5,Municipal Council,249639,2,Lakhisarai,लखीसराय,801361,5
Bihar,72.0,5,Municipal Council,249616,4,Lalganj,लालगंज,801337,5
Bihar,73.0,5,Municipal Council,249597,3,Madhepura,मधेपुरा,801316,5
Bihar,74.0,5,Municipal Council,249618,3,Mahnar,महनार,801339,5
Bihar,75.0,5,Municipal Council,277125,3,Mahua,महुआ,000000,5
Bihar,76.0,5,Municipal Council,249647,4,Maner,मनेर,801369,5
Bihar,77.0,5,Municipal Council,249652,7,Masaurhi,मसौढ़ी,801378,5
Bihar,78.0,5,Municipal Council,249605,5,Mirganj,मीरगंज,801326,5
Bihar,79.0,5,Municipal Council,249657,3,Mokama,मोकामा,801383,5
Bihar,80.0,5,Municipal Council,249601,4,Motipur,मोतीपुर,801322,5
Bihar,81.0,5,Municipal Council,249561,4,Narkatiaganj,नरकटियागंज,801278,5
Bihar,82.0,5,Municipal Council,249627,4,Naugachhia,नवगछिया,801351,5
Bihar,83.0,5,Municipal Council,249684,5,Nawada,नवादा,801407,5
Bihar,84.0,5,Municipal Council,249669,4,Nokha,नोखा,801396,5
Bihar,85.0,5,Municipal Council,249651,5,Phulwari Sharif,फुलवारीशरीफ,801374,5
Bihar,86.0,5,Municipal Council,249663,4,Piro,पीरो,801389,5
Bihar,87.0,5,Municipal Council,299316,2,Rajgir,राजगीर,,5
Bihar,88.0,5,Municipal Council,249565,2,Raxaul,रक्सौल,801282,5
Bihar,89.0,5,Municipal Council,249622,4,Rosera,रोसड़ा,801342,5
Bihar,90.0,5,Municipal Council,253219,4,Sahebganj,साहेबगंज,801321,5
Bihar,91.0,5,Municipal Council,299178,3,Sampatchak,सम्पतचक,,5
Bihar,92.0,5,Municipal Council,299229,3,Shahpur Patori,शाहपुर पटोरी,,5
Bihar,93.0,5,Municipal Council,249641,4,Sheikhpura,शेखपुरा,801363,5
Bihar,94.0,5,Municipal Council,299145,2,Sheohar,शिवहर,,5
Bihar,95.0,5,Municipal Council,249682,5,Sherghati,शेरघाटी,801405,5
Bihar,96.0,5,Municipal Council,299164,2,Simri Bakhtiarpur,सिमरी बख्तियारपुर,,5
Bihar,97.0,5,Municipal Council,249608,6,Siwan,सिवान,801329,5
Bihar,98.0,5,Municipal Council,249615,4,Sonepur,सोनपुर,801336,5
Bihar,99.0,5,Municipal Council,249629,4,Sultanganj,सुल्तानगंज,801353,5
Bihar,100.0,5,Municipal Council,249584,2,Supaul,सुपौल,801304,5
Bihar,101.0,5,Municipal Council,299148,1,Suryagadha,सूर्यगढ़ा,,5
Bihar,102.0,5,Municipal Council,299448,2,Tajpur,ताजपुर,,5
Bihar,103.0,5,Municipal Council,277130,3,Teghara,तेघड़ा,801344,5
Bihar,104.0,5,Municipal Council,249679,5,Tekari,टेकरी,801403,5
Bihar,105.0,5,Municipal Council,299128,1,Tribeniganj,त्रिबेणीगंज,,5
Bihar,106.0,5,Municipal Council,299226,3,Udakishunganj,उदाकिशुनगंज,,5
Bihar,107.0,5,Municipal Council,249685,5,Warisaliganj,वारसलीगंज,801408,5
Bihar,108.0,7,Town Panchayat,299131,3,Akbarnagar,अकबरनगर,,7
Bihar,109.0,7,Town Panchayat,299227,1,Alamnagar,आलमनगर,,7
Bihar,110.0,7,Town Panchayat,299218,2,Alauli,अलौली,,7
Bihar,111.0,7,Town Panchayat,249632,5,Amarpur,अमरपुर,801355,7
Bihar,112.0,7,Town Panchayat,301385,2,AMDABAD,अमदाबाद,,7
Bihar,113.0,7,Town Panchayat,299232,2,Amour,अमौर,,7
Bihar,114.0,7,Town Panchayat,299134,1,Andar,आंदर,,7
Bihar,115.0,7,Town Panchayat,249570,3,Areraj,अरेराज,801286,7
Bihar,116.0,7,Town Panchayat,300549,2,Asarganj,असरगंज,000000,7
Bihar,117.0,7,Town Panchayat,299293,1,Asthawan,अस्थावां,,7
Bihar,118.0,7,Town Panchayat,249589,3,Bahadurganj,बहादुरगंज,801309,7
Bihar,119.0,7,Town Panchayat,301283,2,Baheri,बहेड़ी,,7
Bihar,120.0,7,Town Panchayat,299120,4,Baisi,बायसी,,7
Bihar,121.0,7,Town Panchayat,299212,1,Balrampur,बलरामपुर,,7
Bihar,122.0,7,Town Panchayat,300558,1,Bangaon,बनगांव,000000,7
Bihar,123.0,7,Town Panchayat,301330,2,BARARI,बरारी,,7
Bihar,124.0,7,Town Panchayat,299143,4,Barharia,बडहरिया,,7
Bihar,125.0,7,Town Panchayat,276406,1,Barsoi,बारसोई,000000,7
Bihar,126.0,7,Town Panchayat,299118,1,Barun,बारुन,,7
Bihar,127.0,7,Town Panchayat,300564,2,Baruraaj,बरुराज,000000,7
Bihar,128.0,7,Town Panchayat,299139,1,Basantpur,बसंतपुर,,7
Bihar,129.0,7,Town Panchayat,249661,3,Behea,बिहियाँ,801387,7
Bihar,130.0,7,Town Panchayat,299214,2,Beldaur,बेलदौर,,7
Bihar,131.0,7,Town Panchayat,249574,3,Belsand,बेलसंड,801294,7
Bihar,132.0,7,Town Panchayat,299291,2,Benipatti,बेनीपट्टी,,7
Bihar,133.0,7,Town Panchayat,299170,2,Bharwara,भरवारा,,7
Bihar,134.0,7,Town Panchayat,299237,1,Bhawanipur,भवानीपुर,,7
Bihar,135.0,7,Town Panchayat,299224,1,Bihariganj,बिहारीगंज,,7
Bihar,136.0,7,Town Panchayat,276644,3,Bikarm,बिक्रम,801377,7
Bihar,137.0,7,Town Panchayat,301284,1,Biraul,बिरौल,,7
Bihar,138.0,7,Town Panchayat,249583,3,Birpur,बीरपुर,801303,7
Bihar,139.0,7,Town Panchayat,300565,3,Bounsi,बौंसी,000000,7
Bihar,140.0,7,Town Panchayat,300545,2,Brahmpur,ब्रहम्पुर,000000,7
Bihar,141.0,7,Town Panchayat,299272,1,Champanagar,चम्पानगर,,7
Bihar,142.0,7,Town Panchayat,299288,1,Chandi,चंडी,,7
Bihar,143.0,7,Town Panchayat,249563,3,Chanpatia,चनपटिया,801280,7
Bihar,144.0,7,Town Panchayat,300546,4,Chausa,चौसा,000000,7
Bihar,145.0,7,Town Panchayat,299307,1,Chenari,चेनारी,,7
Bihar,146.0,7,Town Panchayat,299151,1,Chewara,चेवाड़ा,,7
Bihar,147.0,7,Town Panchayat,299117,2,Deo,देव,,7
Bihar,148.0,7,Town Panchayat,299236,1,Dhamdaha,धमदाहा,,7
Bihar,149.0,7,Town Panchayat,249614,3,Dighwara,दिघवारा,801335,7
Bihar,150.0,7,Town Panchayat,299306,2,Dinara,दिनारा,,7
Bihar,151.0,7,Town Panchayat,299185,1,Dobhi,डोभी,,7
Bihar,152.0,7,Town Panchayat,299301,2,Ekangarsarai,एकंगरसराय,,7
Bihar,153.0,7,Town Panchayat,265438,3,Ekma Bazar,एकमा बाजार,000000,7
Bihar,154.0,7,Town Panchayat,299188,2,Fatehpur,फतेहपुर,,7
Bihar,155.0,7,Town Panchayat,299146,1,Garhani,गढ़हनी,,7
Bihar,156.0,7,Town Panchayat,301285,2,GHANSHYAMPUR,घनश्यामपुर,,7
Bihar,157.0,7,Town Panchayat,249581,3,Ghoghardiha,घोघरडीहा,801301,7
Bihar,158.0,7,Town Panchayat,300548,2,Ghoshi,घोषी,000000,7
Bihar,159.0,7,Town Panchayat,299285,3,Giriak,गिरियक,,7
Bihar,160.0,7,Town Panchayat,300561,1,Gopalpur,गोपालपुर,000000,7
Bihar,161.0,7,Town Panchayat,300563,3,Goraul,गोरौल,000000,7
Bihar,162.0,7,Town Panchayat,299136,2,Guthani,गुठनी,,7
Bihar,163.0,7,Town Panchayat,299123,1,Habibpur,हबीबपुर,,7
Bihar,164.0,7,Town Panchayat,276429,5,Harnaut,हरनौत,000000,7
Bihar,165.0,7,Town Panchayat,299133,1,Hasanpura,हसनपुरा,,7
Bihar,166.0,7,Town Panchayat,299203,1,Hata,हाटा,,7
Bihar,167.0,7,Town Panchayat,299138,4,Hathua,हथुआ,,7
Bihar,168.0,7,Town Panchayat,301277,1,HAYAGHAT,हायाघाट,,7
Bihar,169.0,7,Town Panchayat,299186,1,Imamganj,इमामगंज,,7
Bihar,170.0,7,Town Panchayat,300547,2,Itarhi,इटाढ़ी,000000,7
Bihar,171.0,7,Town Panchayat,249662,2,Jagdishpur,जगदीशपुर,801388,7
Bihar,172.0,7,Town Panchayat,249578,2,Jainagar,जयनगर,801298,7
Bihar,173.0,7,Town Panchayat,305270,1,JAMHAUR,,,7
Bihar,174.0,7,Town Panchayat,299273,1,Jandaha,जन्दाहा,,7
Bihar,175.0,7,Town Panchayat,300557,2,Jankinagar,जानकीनगर,000000,7
Bihar,176.0,7,Town Panchayat,299113,1,Jokihat,जोकीहाट,,7
Bihar,177.0,7,Town Panchayat,277134,2,Kahalgaon,कहलगांव,801352,7
Bihar,178.0,7,Town Panchayat,301334,1,KAKO,काको,,7
Bihar,179.0,7,Town Panchayat,299158,3,KAMTAUL Ahiyari,कमतौल अहियारी,,7
Bihar,180.0,7,Town Panchayat,299304,1,Karakat,काराकाट,,7
Bihar,181.0,7,Town Panchayat,249604,3,Kataiya,कटैया,801325,7
Bihar,182.0,7,Town Panchayat,299121,2,Katoria,कटोरिया,,7
Bihar,183.0,7,Town Panchayat,277126,3,Kesaria,केसरिया,801287,7
Bihar,184.0,7,Town Panchayat,299187,2,Khizarsarai,खिज़रसराय,,7
Bihar,185.0,7,Town Panchayat,249654,3,Khusrupur,खुशरूपुर,801380,7
Bihar,186.0,7,Town Panchayat,249667,4,Koath,कोथ,801393,7
Bihar,187.0,7,Town Panchayat,276405,2,Kochas,कोचस,000000,7
Bihar,188.0,7,Town Panchayat,249660,3,Koilwar,कोईलवर,801386,7
Bihar,189.0,7,Town Panchayat,300560,2,Kopa,कोपा,000000,7
Bihar,190.0,7,Town Panchayat,299210,1,Korha,कोरहा,,7
Bihar,191.0,7,Town Panchayat,299204,1,Kudra,कुदरा,,7
Bihar,192.0,7,Town Panchayat,299230,2,Kurhani,कुर्हानी,,7
Bihar,193.0,7,Town Panchayat,299209,1,Kursela,कुर्सेला,,7
Bihar,194.0,7,Town Panchayat,299116,1,Kurtha,कुर्था,,7
Bihar,195.0,7,Town Panchayat,301276,1,KUSHESWAR ASTHAN EAST,कुशेश्वरस्थान पूर्वी,,7
Bihar,196.0,7,Town Panchayat,300555,3,Lauria,लौरिया,000000,7
Bihar,197.0,7,Town Panchayat,300556,3,Macharganwa,मच्छरगांवा,000000,7
Bihar,198.0,7,Town Panchayat,305834,1,MADANPUR,,,7
Bihar,199.0,7,Town Panchayat,300551,2,Madhopur Susta,माधोपुर सुस्ता,000000,7
Bihar,200.0,7,Town Panchayat,305835,1,Madhuban,,,7
Bihar,201.0,7,Town Panchayat,249609,3,Maharajganj,महराजगंज,801330,7
Bihar,202.0,7,Town Panchayat,249610,3,Mairwa,मैरवा,801331,7
Bihar,203.0,7,Town Panchayat,249673,4,Makhdumpur,मखदुमपुर,801414,7
Bihar,204.0,7,Town Panchayat,249596,3,Manihari,मनिहारी,801315,7
Bihar,205.0,7,Town Panchayat,299156,1,Manjhi,मांझी,,7
Bihar,206.0,7,Town Panchayat,299216,2,Mansi,मानसी,,7
Bihar,207.0,7,Town Panchayat,249613,3,Marhaura,मढौरा,801334,7
Bihar,208.0,7,Town Panchayat,299157,1,Mashrakh,मशरख,,7
Bihar,209.0,7,Town Panchayat,277128,2,Mehsi,मेहसी,801291,7
Bihar,210.0,7,Town Panchayat,299223,2,Minapur,मीनापुर,,7
Bihar,211.0,7,Town Panchayat,299271,1,Mirganj,मीरगंज,,7
Bihar,212.0,7,Town Panchayat,276648,2,Mohaniya,मोहनियाँ,000000,7
Bihar,213.0,7,Town Panchayat,300552,1,Muraul,मुरौल,000000,7
Bihar,214.0,7,Town Panchayat,249598,3,Murliganj,मुरलीगंज,801317,7
Bihar,215.0,7,Town Panchayat,300559,1,Musri Gharari,मुसरी घरारी,000000,7
Bihar,216.0,7,Town Panchayat,249678,5,Nabinagar,नवीनगर,801402,7
Bihar,217.0,7,Town Panchayat,299454,2,Nalanda,नालंदा,,7
Bihar,218.0,7,Town Panchayat,299112,1,Narpatganj,नरपतगंज,,7
Bihar,219.0,7,Town Panchayat,276646,2,Nasriganj,नासरीगंज,801395,7
Bihar,220.0,7,Town Panchayat,276645,3,Naubatpur,नौबतपुर,801376,7
Bihar,221.0,7,Town Panchayat,299160,1,Nauhatta,नवहटटा,,7
Bihar,222.0,7,Town Panchayat,249582,3,Nirmali,निर्मली,801302,7
Bihar,223.0,7,Town Panchayat,277127,1,Pakri Dayal,पकरीदयाल,801289,7
Bihar,224.0,7,Town Panchayat,299205,3,Paliganj,पालीगंज,,7
Bihar,225.0,7,Town Panchayat,299296,1,Parbalpur,परवलपुर,,7
Bihar,226.0,7,Town Panchayat,299215,2,Parbatta,परबत्ता,,7
Bihar,227.0,7,Town Panchayat,265437,3,Parsa Bazar,परसा बाजार,000000,7
Bihar,228.0,7,Town Panchayat,299127,2,Patepur,पातेपुर,,7
Bihar,229.0,7,Town Panchayat,299298,1,Pauakhali,पौआखाली,,7
Bihar,230.0,7,Town Panchayat,300553,1,Pawapuri,पावापुरी,000000,7
Bihar,231.0,7,Town Panchayat,299284,1,Phulparas,फुलपरास,,7
Bihar,232.0,7,Town Panchayat,299129,1,Pipra,पिपरा,,7
Bihar,233.0,7,Town Panchayat,299135,1,Pirpainti,पीरपैंती,,7
Bihar,234.0,7,Town Panchayat,299196,2,Punpun,पुनपुन,,7
Bihar,235.0,7,Town Panchayat,249675,4,Rafiganj,रफीगंज,801400,7
Bihar,236.0,7,Town Panchayat,299300,2,Rahui,रहुई,,7
Bihar,237.0,7,Town Panchayat,300554,2,Rajauli,रजौली,000000,7
Bihar,238.0,7,Town Panchayat,299206,3,Ramgarh,रामगढ,,7
Bihar,239.0,7,Town Panchayat,249560,3,Ramnagar,रामनगर,801277,7
Bihar,240.0,7,Town Panchayat,299114,1,Raniganj,रानीगंज,,7
Bihar,241.0,7,Town Panchayat,249611,3,Rivilganj,रिविलगंज,801332,7
Bihar,242.0,7,Town Panchayat,301296,1,ROHTAS,रोहतास,,7
Bihar,243.0,7,Town Panchayat,299238,1,Rupauli,रुपौली,,7
Bihar,244.0,7,Town Panchayat,299126,1,Sabour,सबौर,,7
Bihar,245.0,7,Town Panchayat,299240,2,Sakra,सकरा,,7
Bihar,246.0,7,Town Panchayat,300550,3,Sangrampur,संग्रामपुर,000000,7
Bihar,247.0,7,Town Panchayat,299173,3,Sarairanjan,सरायरंजन,,7
Bihar,248.0,7,Town Panchayat,299228,3,Saraiya,सरैया,,7
Bihar,249.0,7,Town Panchayat,299297,1,Sarmera,सरमेरा,,7
Bihar,250.0,7,Town Panchayat,249658,3,Shahpur,शाहपुर,801384,7
Bihar,251.0,7,Town Panchayat,299150,1,Sheikhopur Sarai,शेखोपुरसारय,,7
Bihar,252.0,7,Town Panchayat,299198,1,Sikandra,सिकन्दरा,,7
Bihar,253.0,7,Town Panchayat,249646,4,Silao,सिलाव,801368,7
Bihar,254.0,7,Town Panchayat,300562,3,Simrahi,सिमराही,000000,7
Bihar,255.0,7,Town Panchayat,299225,3,Singheshwar,सिंघेश्वर,,7
Bihar,256.0,7,Town Panchayat,299195,3,Singhia,सिंघिया,,7
Bihar,257.0,7,Town Panchayat,301272,2,SINGHWARA,सिंहवाड़ा,,7
Bihar,258.0,7,Town Panchayat,299161,1,Sonbarsa,सोनवर्षा,,7
Bihar,259.0,7,Town Panchayat,299163,1,Sour Bazar,सौरबाज़ार,,7
Bihar,260.0,7,Town Panchayat,249566,3,Sugauli,सुगौली,801283,7
Bihar,261.0,7,Town Panchayat,290059,2,Sursand,सुरसण्ड,000000,7
Bihar,262.0,7,Town Panchayat,299175,3,Tarapur,तारापुर,,7
Bihar,263.0,7,Town Panchayat,249588,3,Thakurganj,ठाकुरगंज,801308,7
Bihar,264.0,7,Town Panchayat,299189,1,Wazirganj,वजीरगंज,,7
Bihar,,,,,,,,,
Bihar,"Sep 5, 2026, 6:26 PM",,,,,,,,
Chandigarh,,,,,,(In English),(In Local),,
Chandigarh,1.0,4,Municipal Corporation,276386,15,Chandigarh,CHANDIGARH,800286,4
Chandigarh,,,,,,,,,
Chandigarh,"Sep 5, 2026, 6:27 PM",,,,,,,,
Chhattisgarh,,,,,,(In English),(In Local),,
Chhattisgarh,1.0,4,Municipal Corporation,250588,7,Ambikapur,अंबिकापुर,801927,4
Chhattisgarh,2.0,4,Municipal Corporation,250639,4,Bhilai,भिलाई नगर,802008,4
Chhattisgarh,3.0,4,Municipal Corporation,250638,4,Bhilai Charoda,भिलाई चरोदा,802007,4
Chhattisgarh,4.0,4,Municipal Corporation,250616,15,Bilaspur,बिलासपुर,801975,4
Chhattisgarh,5.0,4,Municipal Corporation,253179,5,Birgaon,बिरगांव,802033,4
Chhattisgarh,6.0,4,Municipal Corporation,250578,7,Chirimiri,चिरमिरी,801916,4
Chhattisgarh,7.0,4,Municipal Corporation,248062,6,Dhamtari,धमतरी,802052,4
Chhattisgarh,8.0,4,Municipal Corporation,250640,7,Durg,दुर्ग,802009,4
Chhattisgarh,9.0,4,Municipal Corporation,250665,6,Jagdalpur,जगदलपूर,802064,4
Chhattisgarh,10.0,4,Municipal Corporation,250598,13,Korba,कोरबा,801949,4
Chhattisgarh,11.0,4,Municipal Corporation,250594,21,Raigarh,रायगढ़,801939,4
Chhattisgarh,12.0,4,Municipal Corporation,250653,7,Raipur,रायपुर,802034,4
Chhattisgarh,13.0,4,Municipal Corporation,250629,7,Rajnandgaon,राजनांदगांव,801991,4
Chhattisgarh,14.0,4,Municipal Corporation,296874,2,Risali,रिसाली,000000,4
Chhattisgarh,15.0,5,Municipality,253177,4,Abhanpur,अभनपुर,802030,5
Chhattisgarh,16.0,5,Municipality,250635,4,Ahiwara,अहिवारा,802004,5
Chhattisgarh,17.0,5,Municipality,250603,3,Akaltara,अकलतरा,801951,5
Chhattisgarh,18.0,5,Municipality,299657,7,Amleshwar,अमलेश्वर,000000,5
Chhattisgarh,19.0,5,Municipality,250650,5,Arang,आरंग,802029,5
Chhattisgarh,20.0,5,Municipality,250670,3,Bade Bacheli,बड़े बचेली,802068,5
Chhattisgarh,21.0,5,Municipality,250662,4,Bagbahara,बागबहरा,802047,5
Chhattisgarh,22.0,5,Municipality,250579,15,Baikunthpur,बैकुंठपूर,801911,5
Chhattisgarh,23.0,5,Municipality,250642,4,Balod,बालोद,802015,5
Chhattisgarh,24.0,5,Municipality,250648,5,Baloda Bazar,बलोदा बाज़ार,802022,5
Chhattisgarh,25.0,5,Municipality,253119,5,Balrampur,बलरामपुर,801918,5
Chhattisgarh,26.0,5,Municipality,301510,5,Banki Mongra,बांकी मोंगरा,000000,5
Chhattisgarh,27.0,5,Municipality,250632,7,Bemetara,बेमेतरा,801997,5
Chhattisgarh,28.0,5,Municipality,250651,5,Bhatapara,भाटापारा,802021,5
Chhattisgarh,29.0,5,Municipality,253244,4,Bijapur,बीजापुर,802076,5
Chhattisgarh,30.0,5,Municipality,250621,7,Bodri,बोडरी,801979,5
Chhattisgarh,31.0,5,Municipality,250605,3,Champa,चाम्पा,801955,5
Chhattisgarh,32.0,5,Municipality,250643,3,Dalli Rajhara,दल्ली रजहरा,802016,5
Chhattisgarh,33.0,5,Municipality,250669,2,Dantewada,दंतेवाडा,802067,5
Chhattisgarh,34.0,5,Municipality,250599,5,Dipka,दीपका,801947,5
Chhattisgarh,35.0,5,Municipality,250628,3,Dongargarh,डोंगरगढ़,801990,5
Chhattisgarh,36.0,5,Municipality,253182,4,Gariabandh,गरियाबंद,802040,5
Chhattisgarh,37.0,5,Municipality,250610,4,Gaurella,गौरेल्ला,801965,5
Chhattisgarh,38.0,5,Municipality,250649,4,Gobra Nawapara,गोबर नवापारा,802031,5
Chhattisgarh,39.0,5,Municipality,250636,5,Jamul,जामुल,802006,5
Chhattisgarh,40.0,5,Municipality,250590,3,Jashpur Nagar,जशपुर नगर,801932,5
Chhattisgarh,41.0,5,Municipality,250663,2,Kanker,कांकेर,802056,5
Chhattisgarh,42.0,5,Municipality,250597,6,Katghora,कटघोरा,801945,5
Chhattisgarh,43.0,5,Municipality,250623,5,Kawardha,कवर्धा,801981,5
Chhattisgarh,44.0,5,Municipality,262094,7,Khairagarh Municipality,खैरागढ़,801989,5
Chhattisgarh,45.0,5,Municipality,250595,6,Kharsia,खरसिया,801941,5
Chhattisgarh,46.0,5,Municipality,250671,1,Kirandul,किरन्दुल,802071,5
Chhattisgarh,47.0,5,Municipality,250664,3,Kondagaon,कोंड़ागांव,802062,5
Chhattisgarh,48.0,5,Municipality,250637,5,Kumhari,कुम्हारी,802005,5
Chhattisgarh,49.0,5,Municipality,248061,5,Kurud,नगर पंचायत कुरूद,802049,5
Chhattisgarh,50.0,5,Municipality,250611,6,Lormi,लोरमी,801967,5
Chhattisgarh,51.0,5,Municipality,250661,2,Mahasamund,महासमुंद,802045,5
Chhattisgarh,52.0,5,Municipality,300355,4,Mandir Hasod,मंदिर हसौद,000000,5
Chhattisgarh,53.0,5,Municipality,250580,7,Manendragarh,महेंद्रगढ़,801912,5
Chhattisgarh,54.0,5,Municipality,250614,6,Mungeli,मुंगली,801970,5
Chhattisgarh,55.0,5,Municipality,250602,3,Naila Janjgir,नाला जांजगीर,801950,5
Chhattisgarh,56.0,5,Municipality,248064,6,Narayanpur,नारायणपूर,802066,5
Chhattisgarh,57.0,5,Municipality,250624,6,Pandariya,पंडरिया,801985,5
Chhattisgarh,58.0,5,Municipality,250591,4,Pathalgaon,पथलगांव,801933,5
Chhattisgarh,59.0,5,Municipality,250609,6,Pendra,पेंड्रा,801966,5
Chhattisgarh,60.0,5,Municipality,250583,5,Ramanujganj,रामानुजगंज,801917,5
Chhattisgarh,61.0,5,Municipality,250612,5,Ratanpur,रतनपुर,801969,5
Chhattisgarh,62.0,5,Municipality,250606,7,Sakti,सकती,801957,5
Chhattisgarh,63.0,5,Municipality,250659,3,Saraipali,सरईपाली,802043,5
Chhattisgarh,64.0,5,Municipality,250596,7,Sarangarh,सारंगगढ़,801942,5
Chhattisgarh,65.0,5,Municipality,259685,3,Shivpur Charcha,शिवपुर चर्च,801910,5
Chhattisgarh,66.0,5,Municipality,250644,8,Simga,सिमगा,802020,5
Chhattisgarh,67.0,5,Municipality,253216,6,Sukma,सुकमा,802074,5
Chhattisgarh,68.0,5,Municipality,250585,5,Surajpur,सूरजपुर,801923,5
Chhattisgarh,69.0,5,Municipality,250615,5,Takhatpur,तखतपुर,801973,5
Chhattisgarh,70.0,5,Municipality,250657,4,Tilda Newra,तिल्दा नेवरा,802038,5
Chhattisgarh,71.0,7,Town Panchayat,253106,5,Aamdi,आमदी,802051,7
Chhattisgarh,72.0,7,Town Panchayat,253289,4,Adbhar,अड्भर,801963,7
Chhattisgarh,73.0,7,Town Panchayat,250631,5,Ambagarh Chowki,अम्बागढ़ चौकी,801994,7
Chhattisgarh,74.0,7,Town Panchayat,253248,4,Antagarh,अंतागढ़,802058,7
Chhattisgarh,75.0,7,Town Panchayat,253155,4,Arjunda,अर्जुन्दा,802012,7
Chhattisgarh,76.0,7,Town Panchayat,305259,2,Badekareli,बड़ीकरेली,000000,7
Chhattisgarh,77.0,7,Town Panchayat,253200,5,Bagicha,बागीचा,801931,7
Chhattisgarh,78.0,7,Town Panchayat,250601,3,Baloda,बलोदा,801952,7
Chhattisgarh,79.0,7,Town Panchayat,301919,3,Bamhanidih,बम्हनीडीह,000000,7
Chhattisgarh,80.0,7,Town Panchayat,253276,5,Baramkela,बरमकेला,801944,7
Chhattisgarh,81.0,7,Town Panchayat,301522,2,Barela,बरेला,000000,7
Chhattisgarh,82.0,7,Town Panchayat,253215,3,Barsoor,बारसूर,802069,7
Chhattisgarh,83.0,7,Town Panchayat,250658,2,Basna,बसना,802042,7
Chhattisgarh,84.0,7,Town Panchayat,248143,6,Bastar,नगर पंचायत बस्तर,802065,7
Chhattisgarh,85.0,7,Town Panchayat,253152,4,Berla,बेरला,802002,7
Chhattisgarh,86.0,7,Town Panchayat,253245,5,Bhairamgarh,भैरमगढ़,802077,7
Chhattisgarh,87.0,7,Town Panchayat,253107,4,Bhakhara,भाखरा,802048,7
Chhattisgarh,88.0,7,Town Panchayat,253145,3,Bhanupratappur,भानुप्रतापपुर,802055,7
Chhattisgarh,89.0,7,Town Panchayat,253114,6,Bhatgaon,भटगांव,802027,7
Chhattisgarh,90.0,7,Town Panchayat,253183,3,Bhatgaon,भटगांव,801925,7
Chhattisgarh,91.0,7,Town Panchayat,301511,2,Bhinbhouree,भिंभौरी,000000,7
Chhattisgarh,92.0,7,Town Panchayat,253246,2,Bhopalpatnam,भोपाल पटनम,802075,7
Chhattisgarh,93.0,7,Town Panchayat,250656,4,Bilaigarh,बिलाई गढ़,802028,7
Chhattisgarh,94.0,7,Town Panchayat,250622,4,Bilha,बिल्हा,801980,7
Chhattisgarh,95.0,7,Town Panchayat,273466,3,Bodla,बोडला,801983,7
Chhattisgarh,96.0,7,Town Panchayat,298991,4,Chandkhuri,चंदखुरी,000000,7
Chhattisgarh,97.0,7,Town Panchayat,253285,3,Chandrapur,चंद्रपुर,801962,7
Chhattisgarh,98.0,7,Town Panchayat,253144,3,Charama,चारामाँ,802054,7
Chhattisgarh,99.0,7,Town Panchayat,250626,3,Chhuikhadan,छुईखदान,801988,7
Chhattisgarh,100.0,7,Town Panchayat,253112,4,Chhuriya,छुरिया,801992,7
Chhattisgarh,101.0,7,Town Panchayat,253157,3,Chikhlakasa,चिखलाकसा,802017,7
Chhattisgarh,102.0,7,Town Panchayat,253111,4,Churikala,चुरीकला,801946,7
Chhattisgarh,103.0,7,Town Panchayat,253181,2,Churra,छुरा,802041,7
Chhattisgarh,104.0,7,Town Panchayat,301508,2,Dadhi,दाढ़ी,000000,7
Chhattisgarh,105.0,7,Town Panchayat,301812,2,Devbhog,,,7
Chhattisgarh,106.0,7,Town Panchayat,253151,5,Devkar,देवकर,801999,7
Chhattisgarh,107.0,7,Town Panchayat,253286,3,Dhabhara,डभरा,801961,7
Chhattisgarh,108.0,7,Town Panchayat,250634,3,Dhamdha,धमधा,802003,7
Chhattisgarh,109.0,7,Town Panchayat,250592,5,Dharamjaigarh,धरमजैगढ़,801935,7
Chhattisgarh,110.0,7,Town Panchayat,253156,2,Dondi,डोंडी,802018,7
Chhattisgarh,111.0,7,Town Panchayat,253159,3,Dondilohara,डोंडीलोहरा,802014,7
Chhattisgarh,112.0,7,Town Panchayat,250630,8,Dongargaon,डोंगरगांव,801993,7
Chhattisgarh,113.0,7,Town Panchayat,253218,2,Dornapal,दोरनापाल,802072,7
Chhattisgarh,114.0,7,Town Panchayat,265121,5,Farasgaon,फरसगांव,802063,7
Chhattisgarh,115.0,7,Town Panchayat,253180,4,Fingeswar,फिंगेश्वर,802036,7
Chhattisgarh,116.0,7,Town Panchayat,250625,4,Gandai,गन्दी,801987,7
Chhattisgarh,117.0,7,Town Panchayat,250668,3,Geedam,गीदम,802070,7
Chhattisgarh,118.0,7,Town Panchayat,250593,3,Gharghoda,घरघोड़ा,801937,7
Chhattisgarh,119.0,7,Town Panchayat,301920,3,Ghumka,घुमका,000000,7
Chhattisgarh,120.0,7,Town Panchayat,253154,4,Gunderdehi,गुंडरदेही,802013,7
Chhattisgarh,121.0,7,Town Panchayat,253158,2,Gurur,गुरुर,802019,7
Chhattisgarh,122.0,7,Town Panchayat,301507,2,Indouri,इंदौरी,000000,7
Chhattisgarh,123.0,7,Town Panchayat,253284,4,Jaijaipur,जैजैपुर,801964,7
Chhattisgarh,124.0,7,Town Panchayat,301515,2,Janakpur,जनकपुर,000000,7
Chhattisgarh,125.0,7,Town Panchayat,301630,2,Jarhagaon,जरहागांव,000000,7
Chhattisgarh,126.0,7,Town Panchayat,253115,3,Jarhi,जारही,801921,7
Chhattisgarh,127.0,7,Town Panchayat,250582,4,Jhagrakhand,झगराखंड,801914,7
Chhattisgarh,128.0,7,Town Panchayat,250645,6,Kasdol,कसडोल,802026,7
Chhattisgarh,129.0,7,Town Panchayat,248063,5,Keshkal,नगर पंचायत केशकाल,802060,7
Chhattisgarh,130.0,7,Town Panchayat,250608,4,Kharod,खरोद,801960,7
Chhattisgarh,131.0,7,Town Panchayat,250652,3,Kharora,खरोरा,802039,7
Chhattisgarh,132.0,7,Town Panchayat,250581,7,Khongapani,खोंगापानी,801913,7
Chhattisgarh,133.0,7,Town Panchayat,253280,5,Kirodimal Nagar,किरोड़ीमल नगर,801938,7
Chhattisgarh,134.0,7,Town Panchayat,253217,5,Konta,कोंटा,802073,7
Chhattisgarh,135.0,7,Town Panchayat,301514,2,Kopra,कोपरा,000000,7
Chhattisgarh,136.0,7,Town Panchayat,250613,4,Kota,कोटा,801968,7
Chhattisgarh,137.0,7,Town Panchayat,253199,3,Kotba,कोतबा,801934,7
Chhattisgarh,138.0,7,Town Panchayat,253198,2,Kunkuri,कुनकुरी,434068,7
Chhattisgarh,139.0,7,Town Panchayat,250646,4,Kurra,कुर्रा,802032,7
Chhattisgarh,140.0,7,Town Panchayat,253118,3,Kusmi,कुसमी,801922,7
Chhattisgarh,141.0,7,Town Panchayat,301834,1,Kusmi,,,7
Chhattisgarh,142.0,7,Town Panchayat,253279,3,Lailunga,लैलूंगा,801936,7
Chhattisgarh,143.0,7,Town Panchayat,253121,2,Lakhanpur,लखनपुर,801928,7
Chhattisgarh,144.0,7,Town Panchayat,301808,2,Lal Bahadur Nagar,लाल बहादुर नगर,000000,7
Chhattisgarh,145.0,7,Town Panchayat,253184,6,Lavan,लवन,802023,7
Chhattisgarh,146.0,7,Town Panchayat,253108,1,Magarlod,मगरलोड,802050,7
Chhattisgarh,147.0,7,Town Panchayat,253174,5,Malhar,मल्हार,801978,7
Chhattisgarh,148.0,7,Town Panchayat,250655,2,Mana Camp,माना कैंप,802035,7
Chhattisgarh,149.0,7,Town Panchayat,253160,5,Maro,मरो,801996,7
Chhattisgarh,150.0,7,Town Panchayat,301513,2,Marwahi,मरवाही,000000,7
Chhattisgarh,151.0,7,Town Panchayat,253109,7,Nagri,नगरी,802053,7
Chhattisgarh,152.0,7,Town Panchayat,253220,4,Nai Ladri,नै लड्री,801915,7
Chhattisgarh,153.0,7,Town Panchayat,253249,4,Narharpur,नरहरपूर,802057,7
Chhattisgarh,154.0,7,Town Panchayat,301526,2,Nariyara,नरियरा,000000,7
Chhattisgarh,155.0,7,Town Panchayat,253148,4,Nawagarh,नवागढ़,801995,7
Chhattisgarh,156.0,7,Town Panchayat,253283,5,Nawagarh,नवागढ़,801953,7
Chhattisgarh,157.0,7,Town Panchayat,250607,3,Naya Baradwar,नया बाराद्वार,801958,7
Chhattisgarh,158.0,7,Town Panchayat,253146,4,Pakhajur,पखांजूर,802059,7
Chhattisgarh,159.0,7,Town Panchayat,250647,6,Palari,पलारी,802024,7
Chhattisgarh,160.0,7,Town Panchayat,305304,1,Palari.,पलारी.,000000,7
Chhattisgarh,161.0,7,Town Panchayat,253110,3,Pali,पाली,801948,7
Chhattisgarh,162.0,7,Town Panchayat,301512,3,Pamgarh,पामगढ़,000000,7
Chhattisgarh,163.0,7,Town Panchayat,273467,3,Pandatarai,पन्दतारै,801986,7
Chhattisgarh,164.0,7,Town Panchayat,253150,6,Parpodi,परपोदी,802000,7
Chhattisgarh,165.0,7,Town Panchayat,250641,6,Patan,पाटन,802011,7
Chhattisgarh,166.0,7,Town Panchayat,253172,6,Pathariya,पथरिया,801971,7
Chhattisgarh,167.0,7,Town Panchayat,301809,2,Patna,पटना,000000,7
Chhattisgarh,168.0,7,Town Panchayat,301527,2,Pawni,पवनी,000000,7
Chhattisgarh,169.0,7,Town Panchayat,273465,3,Pipariya,पिपरिया,801982,7
Chhattisgarh,170.0,7,Town Panchayat,250660,2,Pithora,पिथोरा,802046,7
Chhattisgarh,171.0,7,Town Panchayat,253123,3,Pratappur,प्रतापपुर,801920,7
Chhattisgarh,172.0,7,Town Panchayat,253191,3,Premnagar,प्रेमनगर,801926,7
Chhattisgarh,173.0,7,Town Panchayat,253278,4,Pussore,पुस्सौर,801940,7
Chhattisgarh,174.0,7,Town Panchayat,253288,3,Rahoud,राहौद,801959,7
Chhattisgarh,175.0,7,Town Panchayat,253178,6,Rajim,राजिम,802037,7
Chhattisgarh,176.0,7,Town Panchayat,253117,3,Rajpur,राजपुर,801929,7
Chhattisgarh,177.0,7,Town Panchayat,301528,2,Rohansi,रोहांसी,000000,7
Chhattisgarh,178.0,7,Town Panchayat,273468,3,Sahaspur-Lohara,सहसपुर-लोहारा,801984,7
Chhattisgarh,179.0,7,Town Panchayat,253149,4,Saja,साजा,801998,7
Chhattisgarh,180.0,7,Town Panchayat,298990,8,Samoda,समोदा,000000,7
Chhattisgarh,181.0,7,Town Panchayat,253287,3,Saragaon,सारागांव,801956,7
Chhattisgarh,182.0,7,Town Panchayat,253176,7,Sargaon,सरगांव,801972,7
Chhattisgarh,183.0,7,Town Panchayat,253277,3,Saria,सरिया,801943,7
Chhattisgarh,184.0,7,Town Panchayat,301509,3,Sarsiwan,सरसींवा,000000,7
Chhattisgarh,185.0,7,Town Panchayat,301867,1,Shivnandanpur,,,7
Chhattisgarh,186.0,7,Town Panchayat,250604,3,Shivrinarayan,शिवरीनारायण,801954,7
Chhattisgarh,187.0,7,Town Panchayat,253120,1,Sitapur,सीतापुर,801930,7
Chhattisgarh,188.0,7,Town Panchayat,305193,2,Tamnar,तमनार,000000,7
Chhattisgarh,189.0,7,Town Panchayat,250633,2,Than Khamharia,थान खम्हरिया,802001,7
Chhattisgarh,190.0,7,Town Panchayat,253105,2,Tumgaon,तुमगांव,802044,7
Chhattisgarh,191.0,7,Town Panchayat,250654,4,Tundra,टुंड्रा,802025,7
Chhattisgarh,192.0,7,Town Panchayat,253153,2,Utai,उतई,802010,7
Chhattisgarh,193.0,7,Town Panchayat,250586,5,Vishrampur,विश्रामपुर,802061,7
Chhattisgarh,194.0,7,Town Panchayat,253116,4,Wadrafnagar,वाड्रफनगर,801919,7
Chhattisgarh,,,,,,,,,
Chhattisgarh,"Sep 5, 2026, 6:28 PM",,,,,,,,
Delhi,,,,,,(In English),(In Local),,
Delhi,1.0,4,Municipal Corporation,276400,1,East Delhi Municipal Corporation,East Delhi Municipal Corporation,800441,4
Delhi,2.0,4,Municipal Corporation,276401,2,North Delhi Municipal Corporation,North Delhi Municipal Corporation,800441,4
Delhi,3.0,4,Municipal Corporation,276402,2,South Delhi Municipal Corporation,South Delhi Municipal Corporation,800441,4
Delhi,4.0,21,NCT Municipal Council,276447,1,New Delhi Municipal Council,New Delhi Municipal Council,800442,21
Delhi,,,,,,,,,
Delhi,"Sep 5, 2026, 6:29 PM",,,,,,,,
Goa,,,,,,(In English),(In Local),,
Goa,1.0,4,Municipal Corporation,252071,3,City Corporation Panaji,City Corporation Panaji,803243,4
Goa,2.0,5,Municipality,252075,2,Bicholim,Bicholim,803244,5
Goa,3.0,5,Municipality,252100,12,Canacona,Canacona,803254,5
Goa,4.0,5,Municipality,252095,2,Cuncolim,Cuncolim,803250,5
Goa,5.0,5,Municipality,252096,6,Curchorem Cacora,Curchorem Cacora,803252,5
Goa,6.0,5,Municipality,252061,7,Mapusa,Mapusa,803242,5
Goa,7.0,5,Municipality,252087,3,Margao,Margao,803249,5
Goa,8.0,5,Municipality,252084,3,Mormugao,Mormugao,803248,5
Goa,9.0,5,Municipality,252057,3,Pernem,Pernem,803241,5
Goa,10.0,5,Municipality,252082,4,Ponda,Ponda,803247,5
Goa,11.0,5,Municipality,252097,7,Quepem,Quepem,803251,5
Goa,12.0,5,Municipality,252099,5,Sanguem,Sanguem,803253,5
Goa,13.0,5,Municipality,252077,4,Sankhali,Sankhali,803245,5
Goa,14.0,5,Municipality,252079,2,Valpoi,Valpoi,803246,5
Goa,,,,,,,,,
Goa,"Sep 5, 2026, 6:33 PM",,,,,,,,
Gujrat,,,,,,(In English),(In Local),,
Gujrat,1.0,4,Municipal Corporation,251096,8,Ahmadabad,Ahmadabad,802484,4
Gujrat,2.0,4,Municipal Corporation,251174,7,Anand,Anand,802562,4
Gujrat,3.0,4,Municipal Corporation,251165,10,Bhavnagar,Bhavnagar,802551,4
Gujrat,4.0,4,Municipal Corporation,251050,8,Gandhidham,Gandhidham,802447,4
Gujrat,5.0,4,Municipal Corporation,276440,4,Gandhinagar,Gandhinagar,000000,4
Gujrat,6.0,4,Municipal Corporation,251133,4,Jamnagar,Jamnagar,802516,4
Gujrat,7.0,4,Municipal Corporation,251147,3,Junagadh,Junagadh,802529,4
Gujrat,8.0,4,Municipal Corporation,251068,9,Mahesana,Mahesana,802464,4
Gujrat,9.0,4,Municipal Corporation,251118,5,Morbi,Morbi,802499,4
Gujrat,10.0,4,Municipal Corporation,251187,4,Nadiad,Nadiad,802576,4
Gujrat,11.0,4,Municipal Corporation,251245,9,Navsari-Vijalpor,Navsari-Vijalpor,802614,4
Gujrat,12.0,4,Municipal Corporation,251138,8,Porbandar,Porbandar-Chhaya,802522,4
Gujrat,13.0,4,Municipal Corporation,251120,3,Rajkot,Rajkot,802501,4
Gujrat,14.0,4,Municipal Corporation,251231,7,Surat,Surat,802629,4
Gujrat,15.0,4,Municipal Corporation,251114,6,Surendranagar,Surendranagar-Dudhrej-Wadhwan,802493,4
Gujrat,16.0,4,Municipal Corporation,251209,6,Vadodara,Vadodara,802596,4
Gujrat,17.0,4,Municipal Corporation,251264,5,Vapi,Vapi,802622,4
Gujrat,18.0,5,Municipality,253223,1,Amod,Amod,802605,5
Gujrat,19.0,5,Municipality,251157,2,Amreli,Amreli,802542,5
Gujrat,20.0,5,Municipality,251046,1,Anjar,Anjar,802444,5
Gujrat,21.0,5,Municipality,251182,1,Anklav,Anklav,802570,5
Gujrat,22.0,5,Municipality,251225,1,Anklesvar,Anklesvar,802608,5
Gujrat,23.0,5,Municipality,253147,2,Babra,Babra,802539,5
Gujrat,24.0,5,Municipality,251158,1,Bagasara,Bagasara,802543,5
Gujrat,25.0,5,Municipality,251184,1,Balasinor,Balasinor,802572,5
Gujrat,26.0,5,Municipality,251143,1,Bantwa,Bantwa,802526,5
Gujrat,27.0,5,Municipality,251243,2,Bardoli,Bardoli,802634,5
Gujrat,28.0,5,Municipality,277165,1,Bareja,Bareja,802485,5
Gujrat,29.0,5,Municipality,253241,1,Barwala,Barwala,802488,5
Gujrat,30.0,5,Municipality,251109,1,Bavla,Bavla,802487,5
Gujrat,31.0,5,Municipality,253127,2,Bayad,Bayad,802473,5
Gujrat,32.0,5,Municipality,305191,1,Bechar-Becharaji,,,5
Gujrat,33.0,5,Municipality,253103,3,Bhabhar,Bhabhar,802452,5
Gujrat,34.0,5,Municipality,251045,1,Bhachau,Bhachau,802443,5
Gujrat,35.0,5,Municipality,251136,2,Bhanvad,Bhanvad,802520,5
Gujrat,36.0,5,Municipality,251222,5,Bharuch,Bharuch,802607,5
Gujrat,37.0,5,Municipality,251123,1,Bhayavadar,Bhayavadar,802505,5
Gujrat,38.0,5,Municipality,251047,1,Bhuj,Bhuj,802445,5
Gujrat,39.0,5,Municipality,251251,1,Bilimora,Bilimora,802617,5
Gujrat,40.0,5,Municipality,305192,1,Bodeli,,,5
Gujrat,41.0,5,Municipality,251172,3,Boriavi,Boriavi,802560,5
Gujrat,42.0,5,Municipality,251180,1,Borsad,Borsad,802568,5
Gujrat,43.0,5,Municipality,251163,3,Botad,Botad,802548,5
Gujrat,44.0,5,Municipality,251188,2,Chaklasi,Chaklasi,802577,5
Gujrat,45.0,5,Municipality,251159,1,Chalala,Chalala,802544,5
Gujrat,46.0,5,Municipality,251062,3,Chanasma,Chanasma,802458,5
Gujrat,47.0,5,Municipality,251211,2,Chhota-Udepur,છોટા-ઉદેપુર,802599,5
Gujrat,48.0,5,Municipality,251151,1,Chorvad,Chorvad,802533,5
Gujrat,49.0,5,Municipality,253137,1,Chotila,Chotila,802496,5
Gujrat,50.0,5,Municipality,251213,2,Dabhoi,Dabhoi,802600,5
Gujrat,51.0,5,Municipality,251199,1,Dahod,Dahod,802590,5
Gujrat,52.0,5,Municipality,251190,2,Dakor,Dakor,802581,5
Gujrat,53.0,5,Municipality,251156,2,Damnagar,Damnagar,802541,5
Gujrat,54.0,5,Municipality,251057,6,Deesa,Deesa,802451,5
Gujrat,55.0,5,Municipality,251088,1,Dehgam,Dehgam,802480,5
Gujrat,56.0,5,Municipality,251200,1,Devgadbaria,Devgadbaria,802591,5
Gujrat,57.0,5,Municipality,251110,2,Dhandhuka,Dhandhuka,802489,5
Gujrat,58.0,5,Municipality,251053,2,Dhanera,Dhanera,802449,5
Gujrat,59.0,5,Municipality,251261,1,Dharampur,Dharampur,802620,5
Gujrat,60.0,5,Municipality,302660,1,DHARI,,,5
Gujrat,61.0,5,Municipality,251108,1,Dholka,Dholka,802486,5
Gujrat,62.0,5,Municipality,251125,1,Dhoraji,Dhoraji,802507,5
Gujrat,63.0,5,Municipality,251112,1,Dhrangadhra,Dhrangadhra,802491,5
Gujrat,64.0,5,Municipality,251134,1,Dhrol,Dhrol,802517,5
Gujrat,65.0,5,Municipality,251129,1,Dwarka,Dwarka,802510,5
Gujrat,66.0,5,Municipality,251164,1,Gadhada,Gadhada,802550,5
Gujrat,67.0,5,Municipality,251249,2,Gandevi,Gandevi,802616,5
Gujrat,68.0,5,Municipality,251167,2,Gariadhar,Gariadhar,802553,5
Gujrat,69.0,5,Municipality,251193,2,Godhra,Godhra,802585,5
Gujrat,70.0,5,Municipality,251122,3,Gondal,Gondal,802504,5
Gujrat,71.0,5,Municipality,251196,2,Halol,Halol,802588,5
Gujrat,72.0,5,Municipality,251111,1,Halvad,Halvad,802490,5
Gujrat,73.0,5,Municipality,251061,1,Harij,Harij,802457,5
Gujrat,74.0,5,Municipality,251074,3,Himatnagar,હિંમતનગર,802469,5
Gujrat,75.0,5,Municipality,251072,1,Idar,Idar,802468,5
Gujrat,76.0,5,Municipality,251161,1,Jafrabad,Jafrabad,802546,5
Gujrat,77.0,5,Municipality,251219,1,Jambusar,Jambusar,802604,5
Gujrat,78.0,5,Municipality,251137,1,Jamjodhpur,Jamjodhpur,802521,5
Gujrat,79.0,5,Municipality,251121,2,Jasdan,Jasdan,802503,5
Gujrat,80.0,5,Municipality,251126,5,Jetpur Navagadh,Jetpur Navagadh,802508,5
Gujrat,81.0,5,Municipality,251197,3,Jhalod,Jhalod,802589,5
Gujrat,82.0,5,Municipality,251194,2,Kaalol,Kaalol,802586,5
Gujrat,83.0,5,Municipality,251070,2,Kadi,Kadi,802465,5
Gujrat,84.0,5,Municipality,276024,3,Kadodara,Kadodara,000000,5
Gujrat,85.0,5,Municipality,251135,1,Kalavad,Kalavad,802518,5
Gujrat,86.0,5,Municipality,251081,7,Kalol,Kalol,802475,5
Gujrat,87.0,5,Municipality,253226,2,Kanajari,કણજરી,802578,5
Gujrat,88.0,5,Municipality,251183,2,Kapadvanj,Kapadvanj,802571,5
Gujrat,89.0,5,Municipality,251215,1,Karjan,Karjan,802602,5
Gujrat,90.0,5,Municipality,253225,2,Kathlal,Kathlal,802573,5
Gujrat,91.0,5,Municipality,251149,1,Keshod,Keshod,802531,5
Gujrat,92.0,5,Municipality,251131,2,Khambhalia,Khambhalia,802512,5
Gujrat,93.0,5,Municipality,251179,1,Khambhat,Khambhat,802567,5
Gujrat,94.0,5,Municipality,251186,1,Kheda,Kheda,802575,5
Gujrat,95.0,5,Municipality,251071,2,Khedbrahma,Khedbrahma,802466,5
Gujrat,96.0,5,Municipality,251063,1,Kheralu,Kheralu,802459,5
Gujrat,97.0,5,Municipality,251153,1,Kodinar,Kodinar,802537,5
Gujrat,98.0,5,Municipality,251142,1,Kutiyana,Kutiyana,802525,5
Gujrat,99.0,5,Municipality,251155,1,Lathi,Lathi,802540,5
Gujrat,100.0,5,Municipality,251117,1,Limbdi,Limbdi,802497,5
Gujrat,101.0,5,Municipality,251192,2,Lunawada,Lunawada,802583,5
Gujrat,102.0,5,Municipality,251189,1,Mahudha,Mahudha,802579,5
Gujrat,103.0,5,Municipality,251170,1,Mahuva,Mahuva,802557,5
Gujrat,104.0,5,Municipality,253135,2,Maliya Miyana,Maliya Miyana,802498,5
Gujrat,105.0,5,Municipality,251144,1,Manavadar,Manavadar,802527,5
Gujrat,106.0,5,Municipality,251048,3,Mandvi,Mandvi,802628,5
Gujrat,107.0,5,Municipality,277169,1,Mandvi Kachchh,Mandvi Kachchh,802446,5
Gujrat,108.0,5,Municipality,251150,1,Mangrol,Mangrol,802532,5
Gujrat,109.0,5,Municipality,251082,1,Mansa,Mansa,802477,5
Gujrat,110.0,5,Municipality,251185,1,Mehmedabad,Mehmedabad,802574,5
Gujrat,111.0,5,Municipality,251077,2,Modasa,Modasa,802472,5
Gujrat,112.0,5,Municipality,297099,4,Mundra-Baroi,Mundra-Baroi,000000,5
Gujrat,113.0,5,Municipality,301161,2,Nakhatrana,Nakhtrana,000000,5
Gujrat,114.0,5,Municipality,251173,1,Ode,Ode,802561,5
Gujrat,115.0,5,Municipality,251127,2,Okha,Okha,802509,5
Gujrat,116.0,5,Municipality,251214,3,Padra,Padra,802601,5
Gujrat,117.0,5,Municipality,251055,4,Palanpur,Palanpur,802450,5
Gujrat,118.0,5,Municipality,251168,5,Palitana,Palitana,802554,5
Gujrat,119.0,5,Municipality,251262,7,Pardi,Pardi,802621,5
Gujrat,120.0,5,Municipality,251060,13,Patan,Patan,802456,5
Gujrat,121.0,5,Municipality,253138,1,Patdi,Patdi,802492,5
Gujrat,122.0,5,Municipality,251178,1,Petlad,Petlad,802566,5
Gujrat,123.0,5,Municipality,251075,1,Prantij,BJP Gujarati,802470,5
Gujrat,124.0,5,Municipality,251058,1,Radhanpur,Radhanpur,802454,5
Gujrat,125.0,5,Municipality,251216,3,Rajpipla,Rajpipla,802603,5
Gujrat,126.0,5,Municipality,251162,1,Rajula,Rajula,802547,5
Gujrat,127.0,5,Municipality,251141,1,Ranavav,Ranavav,802524,5
Gujrat,128.0,5,Municipality,251044,1,Rapar,Rapar,802442,5
Gujrat,129.0,5,Municipality,253143,5,Raval,રાવલ,802519,5
Gujrat,130.0,5,Municipality,251130,2,Salaya,Salaya,802511,5
Gujrat,131.0,5,Municipality,251090,1,Sanand,Sanand,802482,5
Gujrat,132.0,5,Municipality,251191,2,Santrampur,Santrampur,802582,5
Gujrat,133.0,5,Municipality,251160,1,Savarkundla,Savarkundla,802545,5
Gujrat,134.0,5,Municipality,253247,2,Savli,Savli,802592,5
Gujrat,135.0,5,Municipality,248076,2,Shahera,Shahera,802584,5
Gujrat,136.0,5,Municipality,251059,1,Sidhpur,Sidhpur,802455,5
Gujrat,137.0,5,Municipality,251166,2,Sihor,Sihor,802552,5
Gujrat,138.0,5,Municipality,251132,2,Sikka,Sikka,802513,5
Gujrat,139.0,5,Municipality,253230,2,Sojitra,Sojitra,802558,5
Gujrat,140.0,5,Municipality,251230,2,Songadh,Songadh,802635,5
Gujrat,141.0,5,Municipality,277171,1,Sutrapada,Sutrapada,802536,5
Gujrat,142.0,5,Municipality,251169,4,Talaja,Talaja,802555,5
Gujrat,143.0,5,Municipality,277170,1,Talala,Talala,802534,5
Gujrat,144.0,5,Municipality,251076,1,Talod,Talod,802471,5
Gujrat,145.0,5,Municipality,302662,4,TANKARA,,,5
Gujrat,146.0,5,Municipality,305197,1,Tarapur,તારાપુર,000000,5
Gujrat,147.0,5,Municipality,276026,3,Tarsadi,Tarsadi,802627,5
Gujrat,148.0,5,Municipality,251116,2,Thangadh,Thangadh,802495,5
Gujrat,149.0,5,Municipality,253164,6,Thara,Thara,802453,5
Gujrat,150.0,5,Municipality,251052,4,Tharad,થરાદ,802448,5
Gujrat,151.0,5,Municipality,253224,1,Thasra,Thasra,802580,5
Gujrat,152.0,5,Municipality,251269,3,Ummargam,ઉમરગામ,802625,5
Gujrat,153.0,5,Municipality,251171,1,Umreth,Umreth,802559,5
Gujrat,154.0,5,Municipality,251154,2,Una,Una,802538,5
Gujrat,155.0,5,Municipality,251064,1,Unjha,Unjha,802460,5
Gujrat,156.0,5,Municipality,251124,1,Upleta,Upleta,802506,5
Gujrat,157.0,5,Municipality,253128,1,Vadali,Vadali,802467,5
Gujrat,158.0,5,Municipality,251066,1,Vadnagar,Vadnagar,802462,5
Gujrat,159.0,5,Municipality,305196,4,Vaghodiya,વાઘોડિયા,000000,5
Gujrat,160.0,5,Municipality,253126,1,Vallabhipur,Vallabhipur,802549,5
Gujrat,161.0,5,Municipality,251254,1,Valsad,Valsad,802618,5
Gujrat,162.0,5,Municipality,251145,1,Vanthali,Vanthali,802528,5
Gujrat,163.0,5,Municipality,251152,4,Veraval,Veraval,802535,5
Gujrat,164.0,5,Municipality,251067,1,Vijapur,Vijapur,802463,5
Gujrat,165.0,5,Municipality,251089,3,Viramgam,Viramgam,802481,5
Gujrat,166.0,5,Municipality,251148,1,Visavadar,Visavadar,802530,5
Gujrat,167.0,5,Municipality,251065,2,Visnagar,Visnagar,802461,5
Gujrat,168.0,5,Municipality,251244,2,Vyara,Vyara,802636,5
Gujrat,169.0,5,Municipality,251119,1,Wankaner,Wankaner,802500,5
Gujrat,170.0,6,Notified Area Council,277167,1,Saputara,Saputara,802613,6
Gujrat,,,,,,,,,
Gujrat,"Sep 5, 2026, 6:35 PM",,,,,,,,
Haryana,,,,,,(In English),(In Local),,
Haryana,1.0,4,Municipal Corporation,248491,11,Ambala,Ambala,800365,4
Haryana,2.0,4,Municipal Corporation,248585,31,Faridabad,Faridabad,800436,4
Haryana,3.0,4,Municipal Corporation,248576,12,Gurugram,Gurugram,800429,4
Haryana,4.0,4,Municipal Corporation,248546,6,Hisar,Hisar,800405,4
Haryana,5.0,4,Municipal Corporation,248517,2,Karnal,Karnal,800381,4
Haryana,6.0,4,Municipal Corporation,297117,14,Manesar,Manesar,,4
Haryana,7.0,4,Municipal Corporation,248489,8,Panchkula,Panchkula,800363,4
Haryana,8.0,4,Municipal Corporation,248521,4,Panipat,Panipat,800385,4
Haryana,9.0,4,Municipal Corporation,248557,1,Rohtak,Rohtak,800414,4
Haryana,10.0,4,Municipal Corporation,248529,12,Sonipat,Sonipat,800389,4
Haryana,11.0,4,Municipal Corporation,248500,3,Yamunanagar,Yamunanagar,800369,4
Haryana,12.0,5,Municipal Committee,248519,1,Assandh,Assandh,800383,5
Haryana,13.0,5,Municipal Committee,248565,1,Ateli,Ateli,800422,5
Haryana,14.0,5,Municipal Committee,272866,1,Barara,Barara,000000,5
Haryana,15.0,5,Municipal Committee,248545,1,Barwala,Barwala,800404,5
Haryana,16.0,5,Municipal Committee,248571,1,Bawal,Bawal,800426,5
Haryana,17.0,5,Municipal Committee,248549,1,Bawani Khera,Bawani Khera,800408,5
Haryana,18.0,5,Municipal Committee,248558,2,Beri,Beri,800417,5
Haryana,19.0,5,Municipal Committee,262120,2,Bhuna,Bhuna,000000,5
Haryana,20.0,5,Municipal Committee,248510,1,Cheeka,Cheeka,800374,5
Haryana,21.0,5,Municipal Committee,248568,1,Dharuhera,Dharuhera,800424,5
Haryana,22.0,5,Municipal Committee,248543,2,Ellenabad,Ellenabad,800403,5
Haryana,23.0,5,Municipal Committee,248574,2,Farrukhnagar,Farrukhnagar,800430,5
Haryana,24.0,5,Municipal Committee,248582,1,Ferozepur Jhirka,Ferozepur Jhirka,800434,5
Haryana,25.0,5,Municipal Committee,248528,1,Ganaur,Ganaur,800388,5
Haryana,26.0,5,Municipal Committee,248520,2,Gharaunda,Gharaunda,800384,5
Haryana,27.0,5,Municipal Committee,248587,1,Hathin,Hathin,800438,5
Haryana,28.0,5,Municipal Committee,248516,1,Indri,Indri,800380,5
Haryana,29.0,5,Municipal Committee,289253,1,Ismailabad,Ismailabad,000000,5
Haryana,30.0,5,Municipal Committee,276399,3,Jakhal Mandi,JAKHAL MANDI,000000,5
Haryana,31.0,5,Municipal Committee,248534,1,Julana,Julana,800394,5
Haryana,32.0,5,Municipal Committee,248556,2,Kalanaur,Kalanaur,800415,5
Haryana,33.0,5,Municipal Committee,248540,1,Kalanwali,Kalanwali,800400,5
Haryana,34.0,5,Municipal Committee,248512,2,Kalayat,Kalayat,800376,5
Haryana,35.0,5,Municipal Committee,248563,2,Kanina,Kanina,800420,5
Haryana,36.0,5,Municipal Committee,248530,3,Kharkhoda,Kharkhoda,800390,5
Haryana,37.0,5,Municipal Committee,289251,1,Kundli,Kundli,000000,5
Haryana,38.0,5,Municipal Committee,248509,2,Ladwa,Ladwa,800373,5
Haryana,39.0,5,Municipal Committee,248553,1,Loharu,Loharu,800411,5
Haryana,40.0,5,Municipal Committee,248564,1,Mahendragarh,Mahendragarh,800421,5
Haryana,41.0,5,Municipal Committee,248555,1,Meham,Meham,800413,5
Haryana,42.0,5,Municipal Committee,259688,5,Nangal Chaudhary,Nangal Chaudhary,000000,5
Haryana,43.0,5,Municipal Committee,248490,1,Naraingarh,Naraingarh,800364,5
Haryana,44.0,5,Municipal Committee,248547,3,Narnaund,Narnaund,800406,5
Haryana,45.0,5,Municipal Committee,248514,1,Nilokheri,Nilokheri,800378,5
Haryana,46.0,5,Municipal Committee,253296,1,Nissing,Nissing,800382,5
Haryana,47.0,5,Municipal Committee,248507,1,Pehowa,Pehowa,800371,5
Haryana,48.0,5,Municipal Committee,248583,2,Punahana,Punahana,800435,5
Haryana,49.0,5,Municipal Committee,248513,1,Pundri,Pundri,800377,5
Haryana,50.0,5,Municipal Committee,274458,3,Radaur,Radaur,000000,5
Haryana,51.0,5,Municipal Committee,262119,5,Rajound,Rajound,000000,5
Haryana,52.0,5,Municipal Committee,248542,2,Rania,Rania,800402,5
Haryana,53.0,5,Municipal Committee,248536,3,Ratia,Ratia,800396,5
Haryana,54.0,5,Municipal Committee,289254,2,Sadhaura,Sadhaura,000000,5
Haryana,55.0,5,Municipal Committee,248535,1,Safidon,Safidon,800395,5
Haryana,56.0,5,Municipal Committee,253298,1,Sampla,Sampla,800416,5
Haryana,57.0,5,Municipal Committee,248506,1,Shahbad,Shahbad,800370,5
Haryana,58.0,5,Municipal Committee,299095,4,Siwan,SIWAN,000000,5
Haryana,59.0,5,Municipal Committee,248552,1,Siwani,Siwani,800410,5
Haryana,60.0,5,Municipal Committee,248580,2,Taoru,Taoru,800432,5
Haryana,61.0,5,Municipal Committee,248515,1,Taraori,Taraori,800379,5
Haryana,62.0,5,Municipal Committee,248532,2,Uchana,Uchana,800392,5
Haryana,63.0,5,Municipal Committee,248544,4,Uklanamandi,Uklanamandi,000000,5
Haryana,64.0,6,Municipal Council,290431,4,Ambala Sadar,Ambala Sadar,000000,6
Haryana,65.0,6,Municipal Council,248560,2,Bahadurgarh,Bahadurgarh,800418,6
Haryana,66.0,6,Municipal Council,248550,1,Bhiwani,Bhiwani,800409,6
Haryana,67.0,6,Municipal Council,248554,6,Charkhi Dadri,Charkhi Dadri,800412,6
Haryana,68.0,6,Municipal Council,248538,5,Fatehabad,Fatehabad,800398,6
Haryana,69.0,6,Municipal Council,248527,2,Gohana,Gohana,800387,6
Haryana,70.0,6,Municipal Council,248548,4,Hansi,Hansi,800407,6
Haryana,71.0,6,Municipal Council,248589,4,Hodal,Hodal,800440,6
Haryana,72.0,6,Municipal Council,248562,2,Jhajjar,Jhajjar,800419,6
Haryana,73.0,6,Municipal Council,248533,2,Jind,Jind,800393,6
Haryana,74.0,6,Municipal Council,248511,3,Kaithal,Kaithal,800375,6
Haryana,75.0,6,Municipal Council,248487,5,Kalka,Kalka,800361,6
Haryana,76.0,6,Municipal Council,248539,2,Mandi Dabwali,Mandi Dabwali,800399,6
Haryana,77.0,6,Municipal Council,248566,13,Narnaul,Narnaul,800423,6
Haryana,78.0,6,Municipal Council,248531,1,Narwana,Narwana,800391,6
Haryana,79.0,6,Municipal Council,248581,4,Nuh,Nuh,800433,6
Haryana,80.0,6,Municipal Council,248586,6,Palwal,Palwal,800437,6
Haryana,81.0,6,Municipal Council,248573,16,Pataudi Jatauli Mandi,Pataudi Jatauli Mandi,800428,6
Haryana,82.0,6,Municipal Council,248569,5,Rewari,Rewari,800425,6
Haryana,83.0,6,Municipal Council,248526,3,Samalkha,Samalkha,800386,6
Haryana,84.0,6,Municipal Council,248541,6,Sirsa,Sirsa,800401,6
Haryana,85.0,6,Municipal Council,248579,8,Sohna,Sohna,800431,6
Haryana,86.0,6,Municipal Council,248508,3,Thanesar,Thanesar,800372,6
Haryana,87.0,6,Municipal Council,248537,2,Tohana,Tohana,800397,6
Haryana,,,,,,,,,
Haryana,"Sep 5, 2026, 6:35 PM",,,,,,,,
Himachal Pradesh,,,,,,(In English),(In Local),,
Himachal Pradesh,1.0,4,Municipal Corporation,248211,7,Dharamshala,Dharamshala,800093,4
Himachal Pradesh,2.0,4,Municipal Corporation,248225,14,Mandi,Mandi,800107,4
Himachal Pradesh,3.0,4,Municipal Corporation,248217,24,Palampur,Palampur,800099,4
Himachal Pradesh,4.0,4,Municipal Corporation,248248,11,Shimla,Shimla,800137,4
Himachal Pradesh,5.0,4,Municipal Corporation,248244,2,Solan,Solan,800128,4
Himachal Pradesh,6.0,5,Municipal Council,248242,4,Baddi,Baddi,800124,5
Himachal Pradesh,7.0,5,Municipal Council,248239,1,Bilaspur,Bilaspur,800121,5
Himachal Pradesh,8.0,5,Municipal Council,248046,6,Chamba,Chamba,800091,5
Himachal Pradesh,9.0,5,Municipal Council,248044,2,Dalhousie,Dalhousie,800088,5
Himachal Pradesh,10.0,5,Municipal Council,276626,4,Dehra,Dera Gopipur,800097,5
Himachal Pradesh,11.0,5,Municipal Council,248236,4,Ghumarwin,Ghumarwin,800118,5
Himachal Pradesh,12.0,5,Municipal Council,248229,4,Hamirpur,Hamirpur,800111,5
Himachal Pradesh,13.0,5,Municipal Council,248216,5,Jawalamukhi,Jawalamukhi,800098,5
Himachal Pradesh,14.0,5,Municipal Council,248222,2,Jogindarnagar,Jogindarnagar,800104,5
Himachal Pradesh,15.0,5,Municipal Council,248213,2,Kangra,Kangra,800095,5
Himachal Pradesh,16.0,5,Municipal Council,248219,1,Kullu,Kullu,800101,5
Himachal Pradesh,17.0,5,Municipal Council,248218,2,Manali,Manali,800100,5
Himachal Pradesh,18.0,5,Municipal Council,248234,2,Mehatpur Basdehra,Mehatpur Basdehra,800116,5
Himachal Pradesh,19.0,5,Municipal Council,248214,2,Nagrota Bagwan,Nagrota Bagwan,800096,5
Himachal Pradesh,20.0,5,Municipal Council,248043,2,Nahan,Nahan,800131,5
Himachal Pradesh,21.0,5,Municipal Council,248238,2,Naina Devi,Naina Devi,800120,5
Himachal Pradesh,22.0,5,Municipal Council,248241,1,Nalagarh,Nalagarh,800123,5
Himachal Pradesh,23.0,5,Municipal Council,274794,5,Nerchowk,Nerchowk,000000,5
Himachal Pradesh,24.0,5,Municipal Council,248210,4,Nurpur,Nurpur,800092,5
Himachal Pradesh,25.0,5,Municipal Council,248045,3,Paonta Sahib,Paonta Sahib,800132,5
Himachal Pradesh,26.0,5,Municipal Council,248243,3,Parwanoo,Parwanoo,800126,5
Himachal Pradesh,27.0,5,Municipal Council,248245,5,Rampur,Rampur,800133,5
Himachal Pradesh,28.0,5,Municipal Council,248253,4,Rohru,Rohru,800142,5
Himachal Pradesh,29.0,5,Municipal Council,248235,2,Santokhgarh,Santokhgarh,800117,5
Himachal Pradesh,30.0,5,Municipal Council,248223,2,Sarkaghat,Sarkaghat,800105,5
Himachal Pradesh,31.0,5,Municipal Council,248224,2,Sundernagar,Sundernagar,800106,5
Himachal Pradesh,32.0,5,Municipal Council,248249,6,Theog,Theog,800138,5
Himachal Pradesh,33.0,5,Municipal Council,248227,2,Tira Sujanpur,Tira Sujanpur,800109,5
Himachal Pradesh,34.0,5,Municipal Council,248233,4,Una,Una,800115,5
Himachal Pradesh,35.0,7,Nagar Panchayat,297009,2,Amb,Amb,000000,7
Himachal Pradesh,36.0,7,Nagar Panchayat,248240,1,Arki,Arki,800122,7
Himachal Pradesh,37.0,7,Nagar Panchayat,306001,3,Badsar,,,7
Himachal Pradesh,38.0,7,Nagar Panchayat,274797,4,Baijnath-Paprola,Baijnah-Paprola,000000,7
Himachal Pradesh,39.0,7,Nagar Panchayat,305976,2,Bangana,,,7
Himachal Pradesh,40.0,7,Nagar Panchayat,305980,1,Banikhet,,,7
Himachal Pradesh,41.0,7,Nagar Panchayat,248221,1,Banjar,Banjar,800103,7
Himachal Pradesh,42.0,7,Nagar Panchayat,305934,2,Beed,,,7
Himachal Pradesh,43.0,7,Nagar Panchayat,305995,4,Bhoranj,,,7
Himachal Pradesh,44.0,7,Nagar Panchayat,248230,1,Bhota,Bhota,800112,7
Himachal Pradesh,45.0,7,Nagar Panchayat,248220,1,Bhuntar,Bhuntar,800102,7
Himachal Pradesh,46.0,7,Nagar Panchayat,305938,1,Bladwara,,,7
Himachal Pradesh,47.0,7,Nagar Panchayat,297013,3,Chirgaon,Chirgaon,000000,7
Himachal Pradesh,48.0,7,Nagar Panchayat,248250,2,Chopal,Chopal,800139,7
Himachal Pradesh,49.0,7,Nagar Panchayat,276627,4,Chowari,Chowari,800090,7
Himachal Pradesh,50.0,7,Nagar Panchayat,248231,2,Daulatpur,Daulatpur,800113,7
Himachal Pradesh,51.0,7,Nagar Panchayat,305979,1,Dharampur,,,7
Himachal Pradesh,52.0,7,Nagar Panchayat,248232,1,Gagret,Gagret,800114,7
Himachal Pradesh,53.0,7,Nagar Panchayat,275535,8,Jawali,Jawali,000000,7
Himachal Pradesh,54.0,7,Nagar Panchayat,305981,1,Jhandutta,,,7
Himachal Pradesh,55.0,7,Nagar Panchayat,248251,2,Jubbal,Jubbal,800140,7
Himachal Pradesh,56.0,7,Nagar Panchayat,297010,1,Kandaghat,Kandaghat,000000,7
Himachal Pradesh,57.0,7,Nagar Panchayat,276625,6,Karsog,Karsog,000000,7
Himachal Pradesh,58.0,7,Nagar Panchayat,305926,1,Khundian,,,7
Himachal Pradesh,59.0,7,Nagar Panchayat,248252,6,Kotkhai,Kotkhai,800141,7
Himachal Pradesh,60.0,7,Nagar Panchayat,305924,2,Kotla,,,7
Himachal Pradesh,61.0,7,Nagar Panchayat,305977,1,Kunihar,,,7
Himachal Pradesh,62.0,7,Nagar Panchayat,248228,2,Nadaun,Nadaun,800110,7
Himachal Pradesh,63.0,7,Nagar Panchayat,305935,1,Nagrota Surian,,,7
Himachal Pradesh,64.0,7,Nagar Panchayat,248246,2,Narkanda,Narkanda,800134,7
Himachal Pradesh,65.0,7,Nagar Panchayat,297014,1,Nerwa,Nerwa,000000,7
Himachal Pradesh,66.0,7,Nagar Panchayat,297011,1,Nirmand,Nirmand,000000,7
Himachal Pradesh,67.0,7,Nagar Panchayat,248047,2,Rajgarh,Rajgarh,800130,7
Himachal Pradesh,68.0,7,Nagar Panchayat,248226,1,Rawalsar,Rawalsar,800108,7
Himachal Pradesh,69.0,7,Nagar Panchayat,305922,1,Sandhol,,,7
Himachal Pradesh,70.0,7,Nagar Panchayat,305963,1,Sangrah,,,7
Himachal Pradesh,71.0,7,Nagar Panchayat,305930,1,Sawarghat,,,7
Himachal Pradesh,72.0,7,Nagar Panchayat,297015,3,Shahpur,Shahpur,000000,7
Himachal Pradesh,73.0,7,Nagar Panchayat,305960,1,Shillai,,,7
Himachal Pradesh,74.0,7,Nagar Panchayat,248247,3,Suni,Suni,800135,7
Himachal Pradesh,75.0,7,Nagar Panchayat,276639,1,Tahliwal,Tahliwal,000000,7
Himachal Pradesh,76.0,7,Nagar Panchayat,248237,2,Talai,Talai,800119,7
Himachal Pradesh,,,,,,,,,
Himachal Pradesh,"Sep 5, 2026, 6:36 PM",,,,,,,,
Jammu and Kashmir,,,,,,(In English),(In Local),,
Jammu and Kashmir,1.0,4,Municipal Corporation,248194,20,Jammu Municipal Corporation,Jammu Municipal Corporation,800071,4
Jammu and Kashmir,2.0,4,Municipal Corporation,248156,23,Srinagar Municipal Corporation,Srinagar Municipal Corporation,800013,4
Jammu and Kashmir,3.0,5,Municipal Committee,248172,3,Municipal Committee Achabal,Municipal Committee Achabal,800034,5
Jammu and Kashmir,4.0,5,Municipal Committee,248192,3,Municipal Committee Akhnoor,Municipal Committee Akhnoor,800069,5
Jammu and Kashmir,5.0,5,Municipal Committee,248198,3,Municipal Committee Arnia,Municipal Committee Arnia,800076,5
Jammu and Kashmir,6.0,5,Municipal Committee,296990,2,Municipal Committee Ashmuqam,Municipal Committee Ashmuqam,000000,5
Jammu and Kashmir,7.0,5,Municipal Committee,248165,4,Municipal Committee Awantipora,Municipal Committee Awantipora,800024,5
Jammu and Kashmir,8.0,5,Municipal Committee,248036,4,Municipal Committee Banihal,Municipal Committee Banihal,800051,5
Jammu and Kashmir,9.0,5,Municipal Committee,248199,2,Municipal Committee Bari Brahmana,Municipal Committee Bari Brahmana,800077,5
Jammu and Kashmir,10.0,5,Municipal Committee,276585,1,Municipal Committee Basohli,Municipal Committee Basohli,000000,5
Jammu and Kashmir,11.0,5,Municipal Committee,248039,3,Municipal Committee Batote,Municipal Committee Batote,800053,5
Jammu and Kashmir,12.0,5,Municipal Committee,248158,4,Municipal Committee Beerwah,Municipal Committee Beerwah,800017,5
Jammu and Kashmir,13.0,5,Municipal Committee,248040,3,Municipal Committee Bhaderwah,Municipal Committee Bhaderwah,800050,5
Jammu and Kashmir,14.0,5,Municipal Committee,248169,3,Municipal Committee Bijbehara,Municipal Committee Bijbehara,800030,5
Jammu and Kashmir,15.0,5,Municipal Committee,248204,3,Municipal Committee Billawar,Municipal Committee Billawar,800081,5
Jammu and Kashmir,16.0,5,Municipal Committee,248197,4,Municipal Committee Bishnah,Municipal Committee Bishnah,800075,5
Jammu and Kashmir,17.0,5,Municipal Committee,253136,4,Municipal Committee Chadoora,Municipal Committee Chadoora,800020,5
Jammu and Kashmir,18.0,5,Municipal Committee,276588,1,Municipal Committee Chenani,Municipal Committee Chenani,000000,5
Jammu and Kashmir,19.0,5,Municipal Committee,248161,5,Municipal Committee Chrari Sharief,Municipal Committee Chrari Sharief,800021,5
Jammu and Kashmir,20.0,5,Municipal Committee,296987,1,Municipal Committee Devsar,Municipal Committee Devsar,000000,5
Jammu and Kashmir,21.0,5,Municipal Committee,248176,4,Municipal Committee Dooru Verinag,Municipal Committee Dooru Verinag,800039,5
Jammu and Kashmir,22.0,5,Municipal Committee,296989,2,Municipal Committee Frisal,Municipal Committee Frisal,000000,5
Jammu and Kashmir,23.0,5,Municipal Committee,248195,4,Municipal Committee Ghou-Manhasan,Municipal Committee Ghou-Manhasan,800073,5
Jammu and Kashmir,24.0,5,Municipal Committee,248154,3,Municipal Committee Gulmarg Tangmarg,Municipal Committee Gulmarg Tangmarg,800009,5
Jammu and Kashmir,25.0,5,Municipal Committee,248147,3,Municipal Committee Hajin,Municipal Committee Hajin,800011,5
Jammu and Kashmir,26.0,5,Municipal Committee,248035,5,Municipal Committee Handwara,Municipal Committee Handwara,800002,5
Jammu and Kashmir,27.0,5,Municipal Committee,276594,1,Municipal Committee Hiranagar,Municipal Committee Hiranagar,000000,5
Jammu and Kashmir,28.0,5,Municipal Committee,248191,5,Municipal Committee Jourian,Municipal Committee Jourian,800068,5
Jammu and Kashmir,29.0,5,Municipal Committee,296984,2,Municipal Committee Kalakote,Municipal Committee Kalakote,000000,5
Jammu and Kashmir,30.0,5,Municipal Committee,276591,3,Municipal Committee Katra,Municipal Committee Katra,000000,5
Jammu and Kashmir,31.0,5,Municipal Committee,248160,6,Municipal Committee Khansahib,Municipal Committee Khansahib,800018,5
Jammu and Kashmir,32.0,5,Municipal Committee,248193,5,Municipal Committee Khour,Municipal Committee Khour,800070,5
Jammu and Kashmir,33.0,5,Municipal Committee,248163,2,Municipal Committee Khrew,Municipal Committee Khrew,800023,5
Jammu and Kashmir,34.0,5,Municipal Committee,248173,3,Municipal Committee Kokernag,Municipal Committee Kokernag,800037,5
Jammu and Kashmir,35.0,5,Municipal Committee,248153,4,Municipal Committee Kunzer,Municipal Committee Kunzer,800008,5
Jammu and Kashmir,36.0,5,Municipal Committee,276584,1,Municipal Committee Lakhanpur,Municipal Committee Lakhanpur,000000,5
Jammu and Kashmir,37.0,5,Municipal Committee,248139,5,Municipal Committee Langate,Municipal Committee Langate,000000,5
Jammu and Kashmir,38.0,5,Municipal Committee,248157,4,Municipal Committee Magam,Municipal Committee Magam,800016,5
Jammu and Kashmir,39.0,5,Municipal Committee,248170,3,Municipal Committee Mattan,Municipal Committee Mattan,800032,5
Jammu and Kashmir,40.0,5,Municipal Committee,276593,1,Municipal Committee Nowshera,Municipal Committee Nowshera,000000,5
Jammu and Kashmir,41.0,5,Municipal Committee,248168,3,Municipal Committee Pahalgam,Municipal Committee Pahalgam,800028,5
Jammu and Kashmir,42.0,5,Municipal Committee,248162,3,Municipal Committee Pampore,Municipal Committee Pampore,800022,5
Jammu and Kashmir,43.0,5,Municipal Committee,276586,4,Municipal Committee Parole,Municipal Committee Parole,000000,5
Jammu and Kashmir,44.0,5,Municipal Committee,248150,3,Municipal Committee Pattan,Municipal Committee Pattan,800005,5
Jammu and Kashmir,45.0,5,Municipal Committee,248175,3,Municipal Committee Qazigund,Municipal Committee Qazigund,800038,5
Jammu and Kashmir,46.0,5,Municipal Committee,248203,4,Municipal Committee Ramgarh,Municipal Committee Ramgarh,800080,5
Jammu and Kashmir,47.0,5,Municipal Committee,276589,1,Municipal Committee Ramnagar,Municipal Committee Ramnagar,000000,5
Jammu and Kashmir,48.0,5,Municipal Committee,248196,3,Municipal Committee R S Pura,Municipal Committee R S Pura,800074,5
Jammu and Kashmir,49.0,5,Municipal Committee,296991,2,Municipal Committee Seer Hamdan,Municipal Committee Seer Hamdan,000000,5
Jammu and Kashmir,50.0,5,Municipal Committee,248148,2,Municipal Committee Sumbal,Municipal Committee Sumbal,800012,5
Jammu and Kashmir,51.0,5,Municipal Committee,248190,4,Municipal Committee Sunderbani,Municipal Committee Sunderbani,800067,5
Jammu and Kashmir,52.0,5,Municipal Committee,253142,2,Municipal Committee Surankote,Municipal Committee Surankote,800063,5
Jammu and Kashmir,53.0,5,Municipal Committee,248187,5,Municipal Committee Thanamandi,Municipal Committee Thanamandi,800064,5
Jammu and Kashmir,54.0,5,Municipal Committee,254926,5,Municipal Committee Thathri,Municipal Committee Thathri,000000,5
Jammu and Kashmir,55.0,5,Municipal Committee,248164,3,Municipal Committee Tral,Municipal Committee Tral,800025,5
Jammu and Kashmir,56.0,5,Municipal Committee,248152,4,Municipal Committee Uri,Municipal Committee Uri,800007,5
Jammu and Kashmir,57.0,5,Municipal Committee,248201,3,Municipal Committee Vijaypur,Municipal Committee Vijaypur,800078,5
Jammu and Kashmir,58.0,5,Municipal Committee,296985,4,Municipal Committee Watergam,Municipal Committee Watergam,000000,5
Jammu and Kashmir,59.0,5,Municipal Committee,296988,2,Municipal Committee Yaripora,Municipal Committee Yaripora,000000,5
Jammu and Kashmir,60.0,6,Municipal Council,248171,5,Municipal Council Anantnag,Municipal Council Anantnag,800033,6
Jammu and Kashmir,61.0,6,Municipal Council,248146,5,Municipal Council Bandipora,Municipal Council Bandipora,800010,6
Jammu and Kashmir,62.0,6,Municipal Council,248151,4,Municipal Council Baramulla,Municipal Council Baramulla,800006,6
Jammu and Kashmir,63.0,6,Municipal Council,248159,7,Municipal Council Budgam,Municipal Council Budgam,800019,6
Jammu and Kashmir,64.0,6,Municipal Council,248038,4,Municipal Council Doda,Municipal Council Doda,800049,6
Jammu and Kashmir,65.0,6,Municipal Council,248155,4,Municipal Council Ganderbal,Municipal Council Ganderbal,800015,6
Jammu and Kashmir,66.0,6,Municipal Council,276581,3,Municipal Council Kathua,Municipal Council Kathua,000000,6
Jammu and Kashmir,67.0,6,Municipal Council,248041,4,Municipal Council Kishtwar,Municipal Council Kishtwar,800054,6
Jammu and Kashmir,68.0,6,Municipal Council,248174,2,Municipal Council Kulgam,Municipal Council Kulgam,800040,6
Jammu and Kashmir,69.0,6,Municipal Council,248034,4,Municipal Council Kupwara,Municipal Council Kupwara,800001,6
Jammu and Kashmir,70.0,6,Municipal Council,248042,3,Municipal Council Poonch,Municipal Council Poonch,800062,6
Jammu and Kashmir,71.0,6,Municipal Council,248166,3,Municipal Council Pulwama,Municipal Council Pulwama,800026,6
Jammu and Kashmir,72.0,6,Municipal Council,276592,7,Municipal Council Rajouri,Municipal Council Rajouri,000000,6
Jammu and Kashmir,73.0,6,Municipal Council,248037,4,Municipal Council Ramban,Municipal Council Ramban,800052,6
Jammu and Kashmir,74.0,6,Municipal Council,276590,3,Municipal Council Reasi,Municipal Council Reasi,000000,6
Jammu and Kashmir,75.0,6,Municipal Council,248202,7,Municipal Council Samba,Municipal Council Samba,800079,6
Jammu and Kashmir,76.0,6,Municipal Council,248167,4,Municipal Council Shopian,Municipal Council Shopian,800027,6
Jammu and Kashmir,77.0,6,Municipal Council,248149,3,Municipal Council Sopore,Municipal Council Sopore,800003,6
Jammu and Kashmir,78.0,6,Municipal Council,276587,15,Municipal Council Udhampur,Municipal Council Udhampur,000000,6
Jammu and Kashmir,,,,,,,,,
Jammu and Kashmir,"Sep 5, 2026, 6:37 PM",,,,,,,,
Jharkhand,,,,,,(In English),(In Local),,
Jharkhand,1.0,4,Municipal Corporation,253166,2,Adityapur,आदित्यपुर,801801,4
Jharkhand,2.0,4,Municipal Corporation,248056,5,Chas,चास,801778,4
Jharkhand,3.0,4,Municipal Corporation,248049,3,Deoghar,देवघर,801769,4
Jharkhand,4.0,4,Municipal Corporation,250378,1,Dhanbad,धनबाद,801775,4
Jharkhand,5.0,4,Municipal Corporation,250349,19,Giridih Municipal Corporation,गिरिडीह,801768,4
Jharkhand,6.0,4,Municipal Corporation,300371,1,Hariharganj Municipal Corporation,Hariharganj Municipal Corporation,000000,4
Jharkhand,7.0,4,Municipal Corporation,248130,6,Hazaribag,हजारीबाग,801788,4
Jharkhand,8.0,4,Municipal Corporation,250433,2,Mango,Mango,801780,4
Jharkhand,9.0,4,Municipal Corporation,250324,7,Medininagar (Daltonganj) Municipal Corporation,मेदिनीनगर,801786,4
Jharkhand,10.0,4,Municipal Corporation,250413,1,Ranchi,रांची,801794,4
Jharkhand,11.0,5,Municipality,253231,1,Bishrampur,बिश्रामपुर,801785,5
Jharkhand,12.0,5,Municipality,250430,1,Chaibasa,चाईबासा,801800,5
Jharkhand,13.0,5,Municipality,250416,1,Chakradharpur,चक्रधरपुर,801799,5
Jharkhand,14.0,5,Municipality,248129,1,Chatra,चतरा,801765,5
Jharkhand,15.0,5,Municipality,248055,3,Chirkunda,Chirkunda,801776,5
Jharkhand,16.0,5,Municipality,248054,1,Dumka,दुमका,801791,5
Jharkhand,17.0,5,Municipality,248128,2,Garhwa,गढ़वा,801764,5
Jharkhand,18.0,5,Municipality,248051,2,Godda,गोड्डा,801771,5
Jharkhand,19.0,5,Municipality,248057,2,Gumla,गुमला,801797,5
Jharkhand,20.0,5,Municipality,248132,1,Jhumri Telaiya,झुमरी तेलैया,801767,5
Jharkhand,21.0,5,Municipality,250435,1,Jugsalai,Jugsalai,801782,5
Jharkhand,22.0,5,Municipality,276352,2,Kapali,कपाली,000000,5
Jharkhand,23.0,5,Municipality,248137,1,Lohardaga,लोहरदगा,801779,5
Jharkhand,24.0,5,Municipality,248050,1,Madhupur,मधुपुर,801770,5
Jharkhand,25.0,5,Municipality,248135,1,Mihijam,मिहिजाम,801793,5
Jharkhand,26.0,5,Municipality,248133,2,Pakur,Pakur,801774,5
Jharkhand,27.0,5,Municipality,248136,1,Phusro,फुसरो,801777,5
Jharkhand,28.0,5,Municipality,274814,14,Ramgarh Nagar Parishad,रामगढ़ नगर परिषद,801789,5
Jharkhand,29.0,5,Municipality,248052,1,Sahibganj,साहिबगंज,801772,5
Jharkhand,30.0,5,Municipality,248138,2,Simdega,Simdega,801798,5
Jharkhand,31.0,6,Notified Area,250434,1,Jamshedpur,Jamshedpur,801781,6
Jharkhand,32.0,7,Nagar Panchayat,290364,9,Badaki Suriya,बड़की सरैया,352566,7
Jharkhand,33.0,7,Nagar Panchayat,277137,5,Barharwa,बरहरवा,359741,7
Jharkhand,34.0,7,Nagar Panchayat,250352,1,Basukinath,वासुकिनाथ,801790,7
Jharkhand,35.0,7,Nagar Panchayat,250415,1,Bundu,बुंडू,801795,7
Jharkhand,36.0,7,Nagar Panchayat,250445,2,Chakulia,चाकुलिया,801783,7
Jharkhand,37.0,7,Nagar Panchayat,300374,2,Chhatarpur,Chhatarpur Municipal Corporation,000000,7
Jharkhand,38.0,7,Nagar Panchayat,277138,2,Dhanwar,धनवार,000000,7
Jharkhand,39.0,7,Nagar Panchayat,277135,7,Domchanch,डोमचांच,000000,7
Jharkhand,40.0,7,Nagar Panchayat,250323,1,Hussainabad,हुस्सैनाबाद,801784,7
Jharkhand,41.0,7,Nagar Panchayat,248134,1,Jamtara,जामताड़ा,801792,7
Jharkhand,42.0,7,Nagar Panchayat,250414,1,Khunti,खूंटी,801796,7
Jharkhand,43.0,7,Nagar Panchayat,248131,2,Kodarma,कोडरमा,801766,7
Jharkhand,44.0,7,Nagar Panchayat,250326,1,Latehar,लातेहार,801787,7
Jharkhand,45.0,7,Nagar Panchayat,300370,2,Mahagama Municipal Corporation,Mahagama Municipal Corporation,000000,7
Jharkhand,46.0,7,Nagar Panchayat,253228,1,Manjhiaon,Manjhiaon,801763,7
Jharkhand,47.0,7,Nagar Panchayat,274815,4,Nagar Untari Nagar Panchayat,नगर उन्तरी नगर पंचयात,000000,7
Jharkhand,48.0,7,Nagar Panchayat,248053,1,Rajmahal,राजमहल,801773,7
Jharkhand,49.0,7,Nagar Panchayat,250423,1,Seraikella,सराइकेला,801802,7
Jharkhand,50.0,8,Cantonment Board,264766,3,Ramgarh,CANTONMENT BOARD,801789,8
Jharkhand,,,,,,,,,
Jharkhand,"Sep 5, 2026, 6:38 PM",,,,,,,,
Karnataka,,,,,,(In English),(In Local),,
Karnataka,1.0,4,City Corporation,251927,4,Ballari,Ballari,803114,4
Karnataka,2.0,4,City Corporation,251824,7,Belagavi,Belagavi,803033,4
Karnataka,3.0,4,City Corporation,305851,5,Bengaluru Central City Corporation(Gba),Bengaluru Central City Corporation(Gba),000000,4
Karnataka,4.0,4,City Corporation,305850,3,Bengaluru East City Corporation,Bengaluru East City Corporation,000000,4
Karnataka,5.0,4,City Corporation,305853,6,Bengaluru North City Corporation (Gba),Bengaluru North City Corporation (Gba),000000,4
Karnataka,6.0,4,City Corporation,305852,3,Bengaluru South City Corporation (Gba),Bengaluru South City Corporation (Gba),000000,4
Karnataka,7.0,4,City Corporation,305854,4,Bengaluru West City Corporation (Gba),Bengaluru West City Corporation (Gba),000000,4
Karnataka,8.0,4,City Corporation,251867,7,Bidar,Bidar,803060,4
Karnataka,9.0,4,City Corporation,251941,3,Davanagere,Davanagere,803127,4
Karnataka,10.0,4,City Corporation,252012,7,Hassan,Hassan,803174,4
Karnataka,11.0,4,City Corporation,251893,9,Hubballi-Dharwad,Hubballi-Dharwad,803083,4
Karnataka,12.0,4,City Corporation,248127,3,Kalaburagi City Corporation,Kalaburagi City Corporation,803207,4
Karnataka,13.0,4,City Corporation,252021,6,Mangaluru,Mangaluru,803181,4
Karnataka,14.0,4,City Corporation,252045,6,Mysuru,Mysuru,803194,4
Karnataka,15.0,4,City Corporation,251876,5,Raichur,Raichur,803067,4
Karnataka,16.0,4,City Corporation,251951,6,Shivamogga,Shivamogga,803137,4
Karnataka,17.0,4,City Corporation,251973,4,Tumakuru,Tumakuru,803157,4
Karnataka,18.0,4,City Corporation,251993,7,Vijayapura,Vijayapura,803234,4
Karnataka,19.0,6,Notified Area Committee,251860,3,Bhimarayanagudi,Bhimarayanagudi,803216,6
Karnataka,20.0,6,Notified Area Committee,251872,2,Hatti Gold Mines,Hatti Gold Mines,803065,6
Karnataka,21.0,6,Notified Area Committee,251967,2,Kudremukh,Kudremukh,803151,6
Karnataka,22.0,6,Notified Area Committee,251854,2,Shahabad Acc,Shahabad Acc,803211,6
Karnataka,23.0,7,Town Panchayat,276618,5,Ainapur,AINAPUR,000000,7
Karnataka,24.0,7,Town Panchayat,296977,2,Ajjampura,Ajjampura,000000,7
Karnataka,25.0,7,Town Panchayat,276540,3,Alamela,ALAMELA,000000,7
Karnataka,26.0,7,Town Panchayat,305603,1,Allipur,,,7
Karnataka,27.0,7,Town Panchayat,251894,1,Alnavar,Alnavar,803084,7
Karnataka,28.0,7,Town Panchayat,252013,2,Alur,Alur,803175,7
Karnataka,29.0,7,Town Panchayat,276597,2,Aminagad,AMINAGAD,000000,7
Karnataka,30.0,7,Town Panchayat,299181,7,Anavatti,Anavatti,,7
Karnataka,31.0,7,Town Panchayat,299329,1,Ankalagi-Akkathangerahal,Ankalagi-Akkathangerahal,,7
Karnataka,32.0,7,Town Panchayat,276577,5,Arabhavi,ARABHAVI,000000,7
Karnataka,33.0,7,Town Panchayat,252014,1,Arkalgud,Arkalgud,803176,7
Karnataka,34.0,7,Town Panchayat,251866,3,Aurad,Aurad,803059,7
Karnataka,35.0,7,Town Panchayat,299327,1,Babaleshwar,Babaleshwar,,7
Karnataka,36.0,7,Town Panchayat,297129,5,Bainduru,ಬೈಂದೂರು,,7
Karnataka,37.0,7,Town Panchayat,299320,5,Bajape,Bajape,,7
Karnataka,38.0,7,Town Panchayat,276523,3,Balaganur,BALAGANUR,000000,7
Karnataka,39.0,7,Town Panchayat,306031,2,Banavar,Banavar,000000,7
Karnataka,40.0,7,Town Panchayat,299169,1,Bashettihalli,Bashettihalli,,7
Karnataka,41.0,7,Town Panchayat,276529,2,Belagali,BELAGALI,000000,7
Karnataka,42.0,7,Town Panchayat,276602,3,Belluru,BELLURU,000000,7
Karnataka,43.0,7,Town Panchayat,252034,1,Beltangadi,Beltangadi,803184,7
Karnataka,44.0,7,Town Panchayat,305546,2,Benakanahalli,Benakanahalli,000000,7
Karnataka,45.0,7,Town Panchayat,276604,2,Bhagyanagara,BHAGYANAGARA,000000,7
Karnataka,46.0,7,Town Panchayat,251834,1,Bilgi,Bilgi,803043,7
Karnataka,47.0,7,Town Panchayat,299334,4,Bogadi,Bogadi,,7
Karnataka,48.0,7,Town Panchayat,276583,4,Boragaon,BORAGAON,000000,7
Karnataka,49.0,7,Town Panchayat,276559,6,Chadachana,CHADACHANA,000000,7
Karnataka,50.0,7,Town Panchayat,276578,4,Chennammana Kittur,CHENNAMMANA KITTUR,000000,7
Karnataka,51.0,7,Town Panchayat,276477,4,Chinchali,CHINCHALI,000000,7
Karnataka,52.0,7,Town Panchayat,276558,5,Devarahipparagi,DEVARAHIPPARAGI,000000,7
Karnataka,53.0,7,Town Panchayat,305604,1,Dhoranahalli,,,7
Karnataka,54.0,7,Town Panchayat,301176,4,Doddathoguru,Doddathoguru,000000,7
Karnataka,55.0,7,Town Panchayat,276575,3,Examba,EXAMBA,000000,7
Karnataka,56.0,7,Town Panchayat,251974,3,Gubbi,Gubbi,803158,7
Karnataka,57.0,7,Town Panchayat,251980,2,Gudibanda,Gudibanda,803228,7
Karnataka,58.0,7,Town Panchayat,276521,2,Guttal,GUTTAL,000000,7
Karnataka,59.0,7,Town Panchayat,305606,1,Hanumasagara,,,7
Karnataka,60.0,7,Town Panchayat,253130,3,Hanur,Hanur,803204,7
Karnataka,61.0,7,Town Panchayat,299326,3,Harohalli,Harohalli,,7
Karnataka,62.0,7,Town Panchayat,251873,5,Hatti,Hatti,000000,7
Karnataka,63.0,7,Town Panchayat,305548,1,Hindalaga,,,7
Karnataka,64.0,7,Town Panchayat,305550,1,HIREBAGEWADI,,,7
Karnataka,65.0,7,Town Panchayat,251918,2,Hirekerur,Hirekerur,803106,7
Karnataka,66.0,7,Town Panchayat,299180,2,Holehonnuru,Holehonnuru,,7
Karnataka,67.0,7,Town Panchayat,251909,1,Honavar,Honavar,803098,7
Karnataka,68.0,7,Town Panchayat,251949,1,Hosanagara,Hosanagara,803135,7
Karnataka,69.0,7,Town Panchayat,297133,1,Huliyaru,ಹುಳಿಯಾರು,000000,7
Karnataka,70.0,7,Town Panchayat,296976,1,Hunasagi,Hunasagi,,7
Karnataka,71.0,7,Town Panchayat,251940,2,Jagalur,Jagalur,803126,7
Karnataka,72.0,7,Town Panchayat,263293,2,Jog-Kargal,Jog-Kargal,803130,7
Karnataka,73.0,7,Town Panchayat,276483,3,Kabbur,KABBUR,000000,7
Karnataka,74.0,7,Town Panchayat,296954,1,Kadaba,Kadaba,,7
Karnataka,75.0,7,Town Panchayat,299323,2,Kadakola,Kadakola,,7
Karnataka,76.0,7,Town Panchayat,299331,1,Kagawada,Kagawada,,7
Karnataka,77.0,7,Town Panchayat,305605,1,Kaiwara,,,7
Karnataka,78.0,7,Town Panchayat,296978,1,Kalagi,Kalagi,000000,7
Karnataka,79.0,7,Town Panchayat,251897,1,Kalghatgi,Kalghatgi,803087,7
Karnataka,80.0,7,Town Panchayat,276576,4,Kallolli,KALLOLLI,000000,7
Karnataka,81.0,7,Town Panchayat,301080,2,Kamalapura Kalburgi,Kamalapura kalburgi,000000,7
Karnataka,82.0,7,Town Panchayat,301079,1,Kamatagi,Kamatagi,000000,7
Karnataka,83.0,7,Town Panchayat,276599,5,Kanakgiri,KANAKGIRI,000000,7
Karnataka,84.0,7,Town Panchayat,276567,3,Kankanavadi,KANKANAVADI,000000,7
Karnataka,85.0,7,Town Panchayat,276522,3,Kavital,KAVITAL,000000,7
Karnataka,86.0,7,Town Panchayat,251836,1,Kerur,Kerur,803045,7
Karnataka,87.0,7,Town Panchayat,251825,3,Khanapur,Khanapur,803035,7
Karnataka,88.0,7,Town Panchayat,299321,1,Kinnigoli,Kinnigoli,,7
Karnataka,89.0,7,Town Panchayat,276543,4,Kolhara,KOLAHRA,000000,7
Karnataka,90.0,7,Town Panchayat,251960,1,Koppa,Koppa,803144,7
Karnataka,91.0,7,Town Panchayat,251972,2,Koratagere,Koratagere,803156,7
Karnataka,92.0,7,Town Panchayat,276555,4,Kotekar,KOTEKAR,000000,7
Karnataka,93.0,7,Town Panchayat,251931,2,Kotturu,Kotturu,803117,7
Karnataka,94.0,7,Town Panchayat,251930,2,Kudligi,Kudligi,803116,7
Karnataka,95.0,7,Town Panchayat,276534,4,Kudutini,KUDUTINI,000000,7
Karnataka,96.0,7,Town Panchayat,276497,4,Kukanooru,KUKANOORU,000000,7
Karnataka,97.0,7,Town Panchayat,251898,2,Kundgol,Kundgol,803088,7
Karnataka,98.0,7,Town Panchayat,299317,2,Lokapura,Lokapura,,7
Karnataka,99.0,7,Town Panchayat,299332,2,Machhe,Machhe,,7
Karnataka,100.0,7,Town Panchayat,276541,2,Managuli,MANAGULI,000000,7
Karnataka,101.0,7,Town Panchayat,299328,1,Manki,Manki,,7
Karnataka,102.0,7,Town Panchayat,276474,3,Mariyammanahalli,MARIYAMMANAHALLI,000000,7
Karnataka,103.0,7,Town Panchayat,299417,2,Mkhubballi,Mkhubballi,000000,7
Karnataka,104.0,7,Town Panchayat,251932,1,Molakalmuru,Molakalmuru,803118,7
Karnataka,105.0,7,Town Panchayat,301082,1,Mudigere,Mudigere,000000,7
Karnataka,106.0,7,Town Panchayat,251889,1,Mulgund,Mulgund,803079,7
Karnataka,107.0,7,Town Panchayat,252017,1,Mulki,Mulki,803179,7
Karnataka,108.0,7,Town Panchayat,251904,1,Mundgod,Mundgod,803093,7
Karnataka,109.0,7,Town Panchayat,301061,1,Naganur,Naganur,000000,7
Karnataka,110.0,7,Town Panchayat,276544,2,Nalatavada,NALATAVADA,000000,7
Karnataka,111.0,7,Town Panchayat,251961,2,Narasimharajapura,Narasimharajapura,803145,7
Karnataka,112.0,7,Town Panchayat,251887,1,Naregal,Naregal,803077,7
Karnataka,113.0,7,Town Panchayat,276542,3,Nayakanahatti,NAYAKANAHATTI,000000,7
Karnataka,114.0,7,Town Panchayat,276557,4,Nidagundi,NIDAGUNDI,000000,7
Karnataka,115.0,7,Town Panchayat,299183,1,Nyamathi,Nyamathi,,7
Karnataka,116.0,7,Town Panchayat,299333,2,Peeranawadi,Peeranawadi,,7
Karnataka,117.0,7,Town Panchayat,301819,2,Ponnampete,,,7
Karnataka,118.0,7,Town Panchayat,305557,2,Rajeshwara,Rajeshwara,000000,7
Karnataka,119.0,7,Town Panchayat,299322,1,Rammanahalli,Rammanahalli,,7
Karnataka,120.0,7,Town Panchayat,296955,2,Rattihalli,Rattihalli,,7
Karnataka,121.0,7,Town Panchayat,251814,1,Raybag,Raybag,803026,7
Karnataka,122.0,7,Town Panchayat,251954,2,Saligram,Saligram,803140,7
Karnataka,123.0,7,Town Panchayat,253132,1,Saragur,Saragur,803196,7
Karnataka,124.0,7,Town Panchayat,276579,6,Shedbala,SHEDBALA,000000,7
Karnataka,125.0,7,Town Panchayat,251890,3,Shirahatti,Shirahatti,803080,7
Karnataka,126.0,7,Town Panchayat,299179,4,Shiruru,Shiruru,,7
Karnataka,127.0,7,Town Panchayat,251908,1,Siddapur,Siddapur,803097,7
Karnataka,128.0,7,Town Panchayat,276605,3,Siravara,SIRAVARA,000000,7
Karnataka,129.0,7,Town Panchayat,252038,1,Somvarpet,Somvarpet,803188,7
Karnataka,130.0,7,Town Panchayat,251959,1,Sringeri,Sringeri,803143,7
Karnataka,131.0,7,Town Panchayat,299325,1,Srirampura,Srirampura,,7
Karnataka,132.0,7,Town Panchayat,252036,1,Sulya,Sulya,803186,7
Karnataka,133.0,7,Town Panchayat,305558,2,Talakadu,Talakadu,000000,7
Karnataka,134.0,7,Town Panchayat,276601,5,Tavaragera,TAVARAGERA,000000,7
Karnataka,135.0,7,Town Panchayat,251926,1,Tekkalakote,Tekkalakote,803113,7
Karnataka,136.0,7,Town Panchayat,297131,2,Tikota,ತಿಕೋಟಾ,,7
Karnataka,137.0,7,Town Panchayat,251950,1,Tirthahalli,Tirthahalli,803136,7
Karnataka,138.0,7,Town Panchayat,251976,3,Turuvekere,Turuvekere,803160,7
Karnataka,139.0,7,Town Panchayat,276524,2,Turvihal,TURVIHAL,000000,7
Karnataka,140.0,7,Town Panchayat,301054,4,Vemgal-Kurugol,Vemgal-Kurugol,000000,7
Karnataka,141.0,7,Town Panchayat,276554,6,Vitla,VITLA,000000,7
Karnataka,142.0,7,Town Panchayat,297132,1,Yadrami,ಯಡ್ರಾಮಿ,,7
Karnataka,143.0,7,Town Panchayat,299330,1,Yaragatti,Yaragatti,,7
Karnataka,144.0,7,Town Panchayat,252055,3,Yelandur,Yelandur,803202,7
Karnataka,145.0,7,Town Panchayat,251879,2,Yelburga,Yelburga,803070,7
Karnataka,146.0,7,Town Panchayat,251903,2,Yellapur,Yellapur,803092,7
Karnataka,147.0,24,City Municipal Council,252010,3,Arsikere,Arsikere,803173,24
Karnataka,148.0,24,City Municipal Council,251839,3,Bagalkot,Bagalkot,803048,24
Karnataka,149.0,24,City Municipal Council,251827,5,Bail Hongal,Bail Hongal,803036,24
Karnataka,150.0,24,City Municipal Council,299416,3,Bangarpete,Bangarpete,000000,24
Karnataka,151.0,24,City Municipal Council,251864,3,Basavakalyan,Basavakalyan,803057,24
Karnataka,152.0,24,City Municipal Council,251952,6,Bhadravati,Bhadravati,803138,24
Karnataka,153.0,24,City Municipal Council,251911,4,Bhatkal,Bhatkal,803099,24
Karnataka,154.0,24,City Municipal Council,251933,3,Challakere,Challakere,803119,24
Karnataka,155.0,24,City Municipal Council,252054,4,Chamarajanagar,Chamarajanagar,803201,24
Karnataka,156.0,24,City Municipal Council,253185,5,Channapatna,Channapatna,803239,24
Karnataka,157.0,24,City Municipal Council,251979,6,Chik Ballapur,Chik Ballapur,803227,24
Karnataka,158.0,24,City Municipal Council,251965,4,Chikkamagaluru,Chikkamagaluru,803149,24
Karnataka,159.0,24,City Municipal Council,251983,7,Chintamani,Chintamani,803231,24
Karnataka,160.0,24,City Municipal Council,251934,3,Chitradurga,Chitradurga,803120,24
Karnataka,161.0,24,City Municipal Council,251899,2,Dandeli,Dandeli,803089,24
Karnataka,162.0,24,City Municipal Council,251992,4,Dod Ballapur,Dod Ballapur,803233,24
Karnataka,163.0,24,City Municipal Council,251888,3,Gadag-Betigeri,Gadag-Betigeri,803078,24
Karnataka,164.0,24,City Municipal Council,251881,3,Gangawati,Gangawati,803072,24
Karnataka,165.0,24,City Municipal Council,251978,5,Gauribidanur,Gauribidanur,803226,24
Karnataka,166.0,24,City Municipal Council,251818,4,Gokak,Gokak,803030,24
Karnataka,167.0,24,City Municipal Council,251939,6,Harapanahalli,Harapanahalli,803125,24
Karnataka,168.0,24,City Municipal Council,251938,6,Harihar,Harihar,803124,24
Karnataka,169.0,24,City Municipal Council,251916,2,Haveri,Haveri,803104,24
Karnataka,170.0,24,City Municipal Council,276463,6,Hebbugodi,HEBBUGODI,000000,24
Karnataka,171.0,24,City Municipal Council,251937,3,Hiriyur,Hiriyur,803123,24
Karnataka,172.0,24,City Municipal Council,299335,1,Hootagalli,Hootagalli,,24
Karnataka,173.0,24,City Municipal Council,251995,2,Hosakote,Hosakote,803236,24
Karnataka,174.0,24,City Municipal Council,251922,7,Hosapete,Hosapete,803109,24
Karnataka,175.0,24,City Municipal Council,252043,4,Hunsur,Hunsur,803192,24
Karnataka,176.0,24,City Municipal Council,251841,2,Ilkal,Ilkal,803050,24
Karnataka,177.0,24,City Municipal Council,251843,4,Indi,Indi,803052,24
Karnataka,178.0,24,City Municipal Council,251832,2,Jamkhandi,Jamkhandi,803041,24
Karnataka,179.0,24,City Municipal Council,253188,4,Kanakpura,Kanakpura,000000,24
Karnataka,180.0,24,City Municipal Council,251900,4,Karwar,Karwar,803090,24
Karnataka,181.0,24,City Municipal Council,251985,5,Kolar,Kolar,803221,24
Karnataka,182.0,24,City Municipal Council,252056,5,Kollegal,Kollegal,803203,24
Karnataka,183.0,24,City Municipal Council,251882,3,Koppal,Koppal,803073,24
Karnataka,184.0,24,City Municipal Council,296975,9,Madanayakanahalli,Madanayakanahalli,,24
Karnataka,185.0,24,City Municipal Council,252006,7,Maddur,Maddur,803169,24
Karnataka,186.0,24,City Municipal Council,252037,2,Madikeri,Madikeri,803187,24
Karnataka,187.0,24,City Municipal Council,251986,6,Malur,Malur,803222,24
Karnataka,188.0,24,City Municipal Council,252005,4,Mandya,Mandya,803168,24
Karnataka,189.0,24,City Municipal Council,251835,5,Mudhol,Mudhol,803044,24
Karnataka,190.0,24,City Municipal Council,251989,2,Mulbagal,Mulbagal,803225,24
Karnataka,191.0,24,City Municipal Council,252050,2,Nanjangud,Nanjangud,803197,24
Karnataka,192.0,24,City Municipal Council,251990,5,Nelamangala,Nelamangala,803232,24
Karnataka,193.0,24,City Municipal Council,251809,5,Nipani,Nipani,803021,24
Karnataka,194.0,24,City Municipal Council,252035,2,Puttur,Puttur,803185,24
Karnataka,195.0,24,City Municipal Council,251833,2,Rabkavi-Banhatti,Rabkavi-Banhatti,803042,24
Karnataka,196.0,24,City Municipal Council,253186,9,Ramanagara,Ramanagara,803238,24
Karnataka,197.0,24,City Municipal Council,251919,4,Ranibennur,Ranibennur,803107,24
Karnataka,198.0,24,City Municipal Council,251988,5,Robertson Pet,Robertson Pet,803224,24
Karnataka,199.0,24,City Municipal Council,251945,2,Sagar,Sagar,803131,24
Karnataka,200.0,24,City Municipal Council,251828,5,Saundatti-Yellamma,Saundatti-Yellamma,803037,24
Karnataka,201.0,24,City Municipal Council,251855,3,Shahabad,Shahabad,803212,24
Karnataka,202.0,24,City Municipal Council,251861,3,Shahpur,Shahpur,803217,24
Karnataka,203.0,24,City Municipal Council,251982,3,Sidlaghatta,Sidlaghatta,803230,24
Karnataka,204.0,24,City Municipal Council,251878,7,Sindhnur,Sindhnur,803069,24
Karnataka,205.0,24,City Municipal Council,251969,4,Sira,Sira,803153,24
Karnataka,206.0,24,City Municipal Council,251905,4,Sirsi,Sirsi,803094,24
Karnataka,207.0,24,City Municipal Council,251925,3,Siruguppa,Siruguppa,803112,24
Karnataka,208.0,24,City Municipal Council,251859,6,Surapur,Surapur,803215,24
Karnataka,209.0,24,City Municipal Council,251975,3,Tiptur,Tiptur,803159,24
Karnataka,210.0,24,City Municipal Council,251955,6,Udupi,Udupi,803141,24
Karnataka,211.0,24,City Municipal Council,252027,2,Ullal,Ullal,803182,24
Karnataka,212.0,24,City Municipal Council,251863,3,Yadgir,Yadgir,803219,24
Karnataka,213.0,25,Town Municipal Council,251849,4,Afzalpur,Afzalpur,803206,25
Karnataka,214.0,25,Town Municipal Council,251848,2,Aland,Aland,803205,25
Karnataka,215.0,25,Town Municipal Council,253189,6,Anekal,Anekal,803163,25
Karnataka,216.0,25,Town Municipal Council,251906,6,Ankola,Ankola,803095,25
Karnataka,217.0,25,Town Municipal Council,251896,3,Annigeri,Annigeri,803086,25
Karnataka,218.0,25,Town Municipal Council,251812,2,Athni,Athni,803024,25
Karnataka,219.0,25,Town Municipal Council,276539,3,Attibele,ATTIBELE,000000,25
Karnataka,220.0,25,Town Municipal Council,251837,3,Badami,Badami,803046,25
Karnataka,221.0,25,Town Municipal Council,251981,6,Bagepalli,Bagepalli,803229,25
Karnataka,222.0,25,Town Municipal Council,251913,2,Bankapura,Bankapura,803101,25
Karnataka,223.0,25,Town Municipal Council,252051,2,Bannur,Bannur,803198,25
Karnataka,224.0,25,Town Municipal Council,252033,2,Bantval,Bantval,803183,25
Karnataka,225.0,25,Town Municipal Council,251845,3,Basavana Bagevadi,Basavana Bagevadi,803054,25
Karnataka,226.0,25,Town Municipal Council,252009,2,Belur,Belur,803172,25
Karnataka,227.0,25,Town Municipal Council,251865,3,Bhalki,Bhalki,803058,25
Karnataka,228.0,25,Town Municipal Council,276526,5,Bidadi,BIDADI,000000,25
Karnataka,229.0,25,Town Municipal Council,251963,2,Birur,Birur,803147,25
Karnataka,230.0,25,Town Municipal Council,276537,4,Bommasandra,BOMMASANDRA,000000,25
Karnataka,231.0,25,Town Municipal Council,251917,3,Byadgi,Byadgi,803105,25
Karnataka,232.0,25,Town Municipal Council,276533,4,Chandapura,CHANDAPURA,000000,25
Karnataka,233.0,25,Town Municipal Council,251943,4,Channagiri,Channagiri,803129,25
Karnataka,234.0,25,Town Municipal Council,252016,4,Channarayapatna,Channarayapatna,803178,25
Karnataka,235.0,25,Town Municipal Council,299318,2,Chikkabanavara,Chikkabanavara,,25
Karnataka,236.0,25,Town Municipal Council,251968,4,Chiknayakanhalli,Chiknayakanhalli,803152,25
Karnataka,237.0,25,Town Municipal Council,251811,3,Chikodi,Chikodi,803023,25
Karnataka,238.0,25,Town Municipal Council,276568,7,Chincholi,CHINCHOLI,000000,25
Karnataka,239.0,25,Town Municipal Council,251869,3,Chitgoppa,Chitgoppa,803062,25
Karnataka,240.0,25,Town Municipal Council,251853,6,Chittapura,Chittapura,803210,25
Karnataka,241.0,25,Town Municipal Council,251874,5,Devadurga,Devadurga,803066,25
Karnataka,242.0,25,Town Municipal Council,251994,3,Devanahalli,Devanahalli,803235,25
Karnataka,243.0,25,Town Municipal Council,251886,2,Gajendragarh,Gajendragarh,803076,25
Karnataka,244.0,25,Town Municipal Council,276574,6,Ghataprabha,Ghataprabha,000000,25
Karnataka,245.0,25,Town Municipal Council,251838,3,Guledgudda,Guledgudda,803047,25
Karnataka,246.0,25,Town Municipal Council,252053,3,Gundlupet,Gundlupet,803200,25
Karnataka,247.0,25,Town Municipal Council,251862,6,Gurmatkal,Gurmatkal,803218,25
Karnataka,248.0,25,Town Municipal Council,276535,8,Hagaribommanahalli,HAGARIBOMMANAHALLI,000000,25
Karnataka,249.0,25,Town Municipal Council,251901,7,Haliyal,Haliyal,803091,25
Karnataka,250.0,25,Town Municipal Council,277668,2,Hallikheda (B),ಹಳ್ಳಿಖೇಡ (ಬಿ),000000,25
Karnataka,251.0,25,Town Municipal Council,251915,3,Hangal,Hangal,803103,25
Karnataka,252.0,25,Town Municipal Council,276569,4,Harogeri,HAROGERI,000000,25
Karnataka,253.0,25,Town Municipal Council,252049,3,Heggadadevankote,Heggadadevankote,803195,25
Karnataka,254.0,25,Town Municipal Council,251935,3,Holalkere,Holalkere,803121,25
Karnataka,255.0,25,Town Municipal Council,252015,4,Hole Narsipur,Hole Narsipur,803177,25
Karnataka,256.0,25,Town Municipal Council,251868,5,Homnabad,Homnabad,803061,25
Karnataka,257.0,25,Town Municipal Council,251942,5,Honnali,Honnali,803128,25
Karnataka,258.0,25,Town Municipal Council,251921,6,Hoovina Hadagalli,Hoovina Hadagalli,803108,25
Karnataka,259.0,25,Town Municipal Council,251936,4,Hosdurga,Hosdurga,803122,25
Karnataka,260.0,25,Town Municipal Council,251820,3,Hukeri,Hukeri,803032,25
Karnataka,261.0,25,Town Municipal Council,299319,1,Hunasamaranahalli,Hunasamaranahalli,,25
Karnataka,262.0,25,Town Municipal Council,251840,3,Hungund,Hungund,803049,25
Karnataka,263.0,25,Town Municipal Council,251858,4,Jevargi,Jevargi,803214,25
Karnataka,264.0,25,Town Municipal Council,276464,7,Jigani,JIGANI,000000,25
Karnataka,265.0,25,Town Municipal Council,251964,4,Kadur,Kadur,803148,25
Karnataka,266.0,25,Town Municipal Council,276560,6,Kakkera,KAKKERA,000000,25
Karnataka,267.0,25,Town Municipal Council,276611,3,Kamalapura,KAMALAPURA,000000,25
Karnataka,268.0,25,Town Municipal Council,251924,5,Kampli,Kampli,803111,25
Karnataka,269.0,25,Town Municipal Council,301055,1,Kapu,Kapu,000000,25
Karnataka,270.0,25,Town Municipal Council,276496,6,Karatagi,KATARAGI,000000,25
Karnataka,271.0,25,Town Municipal Council,251958,2,Karkal,Karkal,803142,25
Karnataka,272.0,25,Town Municipal Council,276516,3,Kembhavi,KEMBHAVI,000000,25
Karnataka,273.0,25,Town Municipal Council,301790,3,Konappanaagrahara,Konappanaagrahara,000000,25
Karnataka,274.0,25,Town Municipal Council,251816,3,Konnur,Konnur,803028,25
Karnataka,275.0,25,Town Municipal Council,252001,5,Krishnarajpet,Krishnarajpet,803164,25
Karnataka,276.0,25,Town Municipal Council,301081,1,Kr Nagar,KR Nagar,000000,25
Karnataka,277.0,25,Town Municipal Council,251813,3,Kudchi,Kudchi,803025,25
Karnataka,278.0,25,Town Municipal Council,251907,4,Kumta,Kumta,803096,25
Karnataka,279.0,25,Town Municipal Council,251953,2,Kundapura,Kundapura,803139,25
Karnataka,280.0,25,Town Municipal Council,251977,4,Kunigal,Kunigal,803161,25
Karnataka,281.0,25,Town Municipal Council,276538,4,Kurekuppa,KUREKUPPA,000000,25
Karnataka,282.0,25,Town Municipal Council,276532,5,Kurugodu,KURUGODU,000000,25
Karnataka,283.0,25,Town Municipal Council,252039,3,Kushalnagar,Kushalnagar,803189,25
Karnataka,284.0,25,Town Municipal Council,251880,3,Kushtagi,Kushtagi,803071,25
Karnataka,285.0,25,Town Municipal Council,251891,2,Lakshmeshwar,Lakshmeshwar,803081,25
Karnataka,286.0,25,Town Municipal Council,251871,7,Lingasugur,Lingasugur,803064,25
Karnataka,287.0,25,Town Municipal Council,251971,4,Madhugiri,Madhugiri,803155,25
Karnataka,288.0,25,Town Municipal Council,251996,7,Magadi,Magadi,803237,25
Karnataka,289.0,25,Town Municipal Council,251830,3,Mahalingpur,Mahalingpur,803039,25
Karnataka,290.0,25,Town Municipal Council,252007,2,Malavalli,Malavalli,803170,25
Karnataka,291.0,25,Town Municipal Council,276556,3,Malebennuru,MALEBENNURU,000000,25
Karnataka,292.0,25,Town Municipal Council,251877,2,Manvi,Manvi,803068,25
Karnataka,293.0,25,Town Municipal Council,276519,4,Maski,MASKI,000000,25
Karnataka,294.0,25,Town Municipal Council,251815,3,Mudalgi,Mudalgi,803027,25
Karnataka,295.0,25,Town Municipal Council,252018,2,Mudbidri,Mudbidri,803180,25
Karnataka,296.0,25,Town Municipal Council,251846,5,Muddebihal,Muddebihal,803055,25
Karnataka,297.0,25,Town Municipal Council,251870,4,Mudgal,Mudgal,803063,25
Karnataka,298.0,25,Town Municipal Council,276563,4,Mugalakoda,MUGALAKODA,000000,25
Karnataka,299.0,25,Town Municipal Council,276564,5,Munavalli,MUNAVALLI,000000,25
Karnataka,300.0,25,Town Municipal Council,251892,4,Mundargi,Mundargi,803082,25
Karnataka,301.0,25,Town Municipal Council,252002,8,Nagamangala,Nagamangala,803165,25
Karnataka,302.0,25,Town Municipal Council,251884,3,Nargund,Nargund,803074,25
Karnataka,303.0,25,Town Municipal Council,251895,6,Navalgund,Navalgund,803085,25
Karnataka,304.0,25,Town Municipal Council,252003,5,Pandavapura,Pandavapura,803166,25
Karnataka,305.0,25,Town Municipal Council,251970,4,Pavagada,Pavagada,803154,25
Karnataka,306.0,25,Town Municipal Council,252042,5,Piriyapatna,Piriyapatna,803191,25
Karnataka,307.0,25,Town Municipal Council,251829,4,Ramdurg,Ramdurg,803038,25
Karnataka,308.0,25,Town Municipal Council,251885,3,Ron,Ron,803075,25
Karnataka,309.0,25,Town Municipal Council,251810,3,Sadalgi,Sadalgi,803022,25
Karnataka,310.0,25,Town Municipal Council,252008,2,Sakleshpur,Sakleshpur,803171,25
Karnataka,311.0,25,Town Municipal Council,251929,5,Sandur,Sandur,803115,25
Karnataka,312.0,25,Town Municipal Council,251819,2,Sankeshwar,Sankeshwar,803031,25
Karnataka,313.0,25,Town Municipal Council,251914,3,Savanur,Savanur,803102,25
Karnataka,314.0,25,Town Municipal Council,251852,4,Sedam,Sedam,803209,25
Karnataka,315.0,25,Town Municipal Council,251912,3,Shiggaon,Shiggaon,803100,25
Karnataka,316.0,25,Town Municipal Council,251948,3,Shikarpur,Shikarpur,803134,25
Karnataka,317.0,25,Town Municipal Council,252004,2,Shrirangapattana,Shrirangapattana,803167,25
Karnataka,318.0,25,Town Municipal Council,251844,4,Sindgi,Sindgi,803053,25
Karnataka,319.0,25,Town Municipal Council,251947,3,Siralkoppa,Siralkoppa,803133,25
Karnataka,320.0,25,Town Municipal Council,252029,3,Someshwar,Someshwar,000000,25
Karnataka,321.0,25,Town Municipal Council,251946,5,Sorab,Sorab,803132,25
Karnataka,322.0,25,Town Municipal Council,251984,4,Srinivaspur,Srinivaspur,803220,25
Karnataka,323.0,25,Town Municipal Council,251847,2,Talikota,Talikota,803056,25
Karnataka,324.0,25,Town Municipal Council,251962,7,Tarikere,Tarikere,803146,25
Karnataka,325.0,25,Town Municipal Council,251831,3,Terdal,Terdal,803040,25
Karnataka,326.0,25,Town Municipal Council,252052,5,Tirumakudal - Narsipur,Tirumakudal - Narsipur,803199,25
Karnataka,327.0,25,Town Municipal Council,276565,7,Ugar Khurda,UGAR KHURDA,000000,25
Karnataka,328.0,25,Town Municipal Council,251842,7,Vijayapura,VIJAYAPURA,803051,25
Karnataka,329.0,25,Town Municipal Council,252040,2,Virajpet,Virajpet,803190,25
Karnataka,330.0,25,Town Municipal Council,251856,2,Wadi,Wadi,803213,25
Karnataka,,,,,,,,,
Karnataka,"Sep 5, 2026, 6:38 PM",,,,,,,,
Kerala,,,,,,(In English),(In Local),,
Kerala,1.0,4,MUNICIPAL CORPORATION,252125,7,Kannur,കണ്ണൂര്‍,803259,4
Kerala,2.0,4,MUNICIPAL CORPORATION,252220,16,Kochi,കൊച്ചി,803288,4
Kerala,3.0,4,MUNICIPAL CORPORATION,252255,11,Kollam,കൊല്ലം,803306,4
Kerala,4.0,4,MUNICIPAL CORPORATION,252160,16,Kozhikode,കോഴിക്കോട്,803267,4
Kerala,5.0,4,MUNICIPAL CORPORATION,252260,27,Thiruvananthapuram,തിരുവനന്തപുരം,803312,4
Kerala,6.0,4,MUNICIPAL CORPORATION,252194,18,Thrissur,തൃശ്ശൂര്‍,803280,4
Kerala,7.0,5,MUNICIPALITY,252253,4,Adoor,അടൂര്,803305,5
Kerala,8.0,5,MUNICIPALITY,252247,7,Alappuzha,ആലപ്പുഴ,803299,5
Kerala,9.0,5,MUNICIPALITY,252211,2,Aluva,ആലുവ,803286,5
Kerala,10.0,5,MUNICIPALITY,252208,2,Angamaly,അങ്കമാലി,803285,5
Kerala,11.0,5,MUNICIPALITY,272915,2,Anthur,ആന്തൂര്,000000,5
Kerala,12.0,5,MUNICIPALITY,252258,2,Attingal,ആറ്റിങ്ങല്,803310,5
Kerala,13.0,5,MUNICIPALITY,252205,6,Chalakudy,ചാലക്കുടി,803283,5
Kerala,14.0,5,MUNICIPALITY,252239,3,Changanassery,ചങ്ങനാശ്ശേരി,803297,5
Kerala,15.0,5,MUNICIPALITY,252181,5,Chavakkad,ചാവക്കാട്,803279,5
Kerala,16.0,5,MUNICIPALITY,252249,2,Chengannur,ചെങ്ങന്നൂര്,803301,5
Kerala,17.0,5,MUNICIPALITY,272906,2,Cherpulassery,ചെർപ്ലളശേശരി,000000,5
Kerala,18.0,5,MUNICIPALITY,252242,2,Cherthala,ചേര്ത്തല,803298,5
Kerala,19.0,5,MUNICIPALITY,252178,2,Chittur-Thathamangalam,ചിറ്റൂര്-തത്തമംഗലം,803276,5
Kerala,20.0,5,MUNICIPALITY,252218,4,Eloor,ഏലൂര്,000000,5
Kerala,21.0,5,MUNICIPALITY,272892,2,Erattupetta,ഈരാറ്റുപേട്ട,000000,5
Kerala,22.0,5,MUNICIPALITY,272891,2,Ettumanoor,ഏറ്റുമാനൂര്,000000,5
Kerala,23.0,5,MUNICIPALITY,272900,2,Feroke,ഫറോക്ക്,000000,5
Kerala,24.0,5,MUNICIPALITY,252184,11,Guruvayoor,ഗുരുവായൂര്,803278,5
Kerala,25.0,5,MUNICIPALITY,272880,2,Harippad,ഹരിപ്പാട്,000000,5
Kerala,26.0,5,MUNICIPALITY,252204,6,Irinjalakuda,ഇരിങ്ങാലക്കുട,803282,5
Kerala,27.0,5,MUNICIPALITY,272890,2,Iritty,ഇരിട്ടി,000000,5
Kerala,28.0,5,MUNICIPALITY,252224,7,Kalamassery,കളമശ്ശേരി,803289,5
Kerala,29.0,5,MUNICIPALITY,252155,3,Kalpetta,കല്പ്പറ്റ,803264,5
Kerala,30.0,5,MUNICIPALITY,252110,6,Kanhangad,കാഞ്ഞങ്ങാട്,803256,5
Kerala,31.0,5,MUNICIPALITY,259707,6,Karunagappally,കരുനാഗപ്പള്ളി,000000,5
Kerala,32.0,5,MUNICIPALITY,252108,5,Kasaragod,കാസര്ഗോഡ്,803255,5
Kerala,33.0,5,MUNICIPALITY,272883,2,Kattappana,കട്ടപ്പന,000000,5
Kerala,34.0,5,MUNICIPALITY,252248,3,Kayamkulam,കായംകുളം,803300,5
Kerala,35.0,5,MUNICIPALITY,252200,7,Kodungallur,കൊടുങ്ങല്ലൂര്,803281,5
Kerala,36.0,5,MUNICIPALITY,272897,2,Koduvally,കൊടുവള്ളി,000000,5
Kerala,37.0,5,MUNICIPALITY,272901,2,Kondotty,കൊണ്ടോട്ടി,000000,5
Kerala,38.0,5,MUNICIPALITY,272881,2,Koothattukulam,കൂത്താട്ടുകുളം,000000,5
Kerala,39.0,5,MUNICIPALITY,252144,2,Koothuparamba,കൂത്തുപറമ്പ,803262,5
Kerala,40.0,5,MUNICIPALITY,252231,4,Kothamangalam,കോതമംഗലം,803292,5
Kerala,41.0,5,MUNICIPALITY,259709,3,Kottakkal,കോട്ടക്കല്,000000,5
Kerala,42.0,5,MUNICIPALITY,272889,3,Kottarakkara,കൊട്ടാരക്കര,000000,5
Kerala,43.0,5,MUNICIPALITY,252238,9,Kottayam,കോട്ടയം,803296,5
Kerala,44.0,5,MUNICIPALITY,252159,7,Koyilandy,കൊയിലാണ്ടി,803266,5
Kerala,45.0,5,MUNICIPALITY,252180,9,Kunnamkulam,കുന്ദംകുളം,803277,5
Kerala,46.0,5,MUNICIPALITY,252170,5,Malappuram,മലപ്പുറം,803269,5
Kerala,47.0,5,MUNICIPALITY,272910,2,Mananthavady,മാനന്തവാടി,000000,5
Kerala,48.0,5,MUNICIPALITY,252169,5,Manjeri,മഞ്ചേരി,803268,5
Kerala,49.0,5,MUNICIPALITY,272907,2,Mannarkad,മണ്ണാർക്കാട്,000000,5
Kerala,50.0,5,MUNICIPALITY,252226,4,Maradu,മരട്,000000,5
Kerala,51.0,5,MUNICIPALITY,252139,5,Mattannur,മട്ടന്നൂര്,803261,5
Kerala,52.0,5,MUNICIPALITY,252250,3,Mavelikkara,മാവേലിക്കര,803302,5
Kerala,53.0,5,MUNICIPALITY,272898,2,Mukkom,മുക്കം,000000,5
Kerala,54.0,5,MUNICIPALITY,252230,2,Muvattupuzha,മുവ്വാററുപുഴ,803291,5
Kerala,55.0,5,MUNICIPALITY,252259,4,Nedumangad,നെടുമങ്ങാട്,803311,5
Kerala,56.0,5,MUNICIPALITY,252261,4,Neyyattinkara,നെയ്യാറ്റിന്കര,803313,5
Kerala,57.0,5,MUNICIPALITY,259710,2,Nilambur,നിലമ്പൂര്,000000,5
Kerala,58.0,5,MUNICIPALITY,259711,2,Nileshwar,നീലേശ്വര്,000000,5
Kerala,59.0,5,MUNICIPALITY,252175,4,Ottappalam,ഒറ്റപ്പാലം,803274,5
Kerala,60.0,5,MUNICIPALITY,252234,2,Palai,പാലാ,803294,5
Kerala,61.0,5,MUNICIPALITY,252176,6,Palakkad,പാലക്കാട്,803275,5
Kerala,62.0,5,MUNICIPALITY,272908,2,Pandalam,പന്തളം,000000,5
Kerala,63.0,5,MUNICIPALITY,272885,3,Panoor,പാനൂര്,000000,5
Kerala,64.0,5,MUNICIPALITY,272912,2,Parappanangadi,പരപ്പനങ്ങാടി,000000,5
Kerala,65.0,5,MUNICIPALITY,252256,3,Paravoor,പരവൂര്,803308,5
Kerala,66.0,5,MUNICIPALITY,252215,5,Paravur,പറവൂര്,803287,5
Kerala,67.0,5,MUNICIPALITY,252252,5,Pathanamthitta,പത്തനംതിട്ട,803304,5
Kerala,68.0,5,MUNICIPALITY,272905,3,Pattambi,പട്ടാമ്പി,000000,5
Kerala,69.0,5,MUNICIPALITY,252111,8,Payyannur,പയ്യന്നൂര്,803257,5
Kerala,70.0,5,MUNICIPALITY,272896,2,Payyoli,പയ്യോളി,000000,5
Kerala,71.0,5,MUNICIPALITY,252171,4,Perinthalmanna,പെരിന്തല്മണ്ണ,803270,5
Kerala,72.0,5,MUNICIPALITY,252207,2,Perumbavoor,പെരുമ്പാവൂര്,803284,5
Kerala,73.0,5,MUNICIPALITY,272882,2,Piravom,പിറവം,000000,5
Kerala,74.0,5,MUNICIPALITY,252173,4,Ponnani,പൊന്നാനി,803272,5
Kerala,75.0,5,MUNICIPALITY,252254,4,Punalur,പുനലൂര്,803307,5
Kerala,76.0,5,MUNICIPALITY,272899,2,Ramanattukara,രാമനാട്ടുകര,000000,5
Kerala,77.0,5,MUNICIPALITY,252174,4,Shoranur,ഷൊര്ണ്ണൂര്,803273,5
Kerala,78.0,5,MUNICIPALITY,272884,2,Sreekandapuram,ശ്രീകണ്ഠപുരം,000000,5
Kerala,79.0,5,MUNICIPALITY,272911,2,Sulthanbathery,സുൽത്താൻ ബത്തേരി,000000,5
Kerala,80.0,5,MUNICIPALITY,252112,7,Taliparamba,തളിപറമ്പ,803258,5
Kerala,81.0,5,MUNICIPALITY,272904,2,Tanur,താനൂർ,000000,5
Kerala,82.0,5,MUNICIPALITY,252149,4,Thalassery,തലശ്ശേരി,803263,5
Kerala,83.0,5,MUNICIPALITY,252251,5,Thiruvalla,തിരുവല്ല,803303,5
Kerala,84.0,5,MUNICIPALITY,252233,3,Thodupuzha,തൊടുപുഴ,803293,5
Kerala,85.0,5,MUNICIPALITY,259708,9,Thrikkakara,തൃക്കാക്കര,000000,5
Kerala,86.0,5,MUNICIPALITY,252227,4,Thrippunithura,തൃപ്പുണിത്തുറ,803290,5
Kerala,87.0,5,MUNICIPALITY,252172,4,Tirur,തിരൂര്,803271,5
Kerala,88.0,5,MUNICIPALITY,272903,2,Tirurangadi,തിരുരങ്ങാടി,000000,5
Kerala,89.0,5,MUNICIPALITY,252236,2,Vaikom,വൈക്കം,803295,5
Kerala,90.0,5,MUNICIPALITY,272902,2,Valanchery,വളാഞ്ചേരി,000000,5
Kerala,91.0,5,MUNICIPALITY,252257,5,Varkala,വര്ക്കല,803309,5
Kerala,92.0,5,MUNICIPALITY,252157,6,Vatakara,വടകര,803265,5
Kerala,93.0,5,MUNICIPALITY,272909,7,Wadakkanchery,വടക്കാഞ്ചേരി,000000,5
Kerala,,,,,,,,,
Kerala,"Sep 5, 2026, 6:39 PM",,,,,,,,
Ladakh,,,,,,(In English),(In Local),,
Ladakh,1.0,5,Municipal Committee,248178,4,Kargil,Kargil,800048,5
Ladakh,2.0,5,Municipal Committee,248177,4,Leh,Leh,800047,5
Ladakh,,,,,,,,,
Ladakh,"Sep 5, 2026, 6:41 PM",,,,,,,,
Lakshwadeep,,,,,,(In English),(In Local),,
Lakshwadeep,,,,,,,,,
Lakshwadeep,"Sep 5, 2026, 6:42 PM",,,,,,,,
Madhya Pradesh,,,,,,(In English),(In Local),,
Madhya Pradesh,1.0,4,Municipal Corporation,250946,16,Bhopal,Bhopal,802312,4
Madhya Pradesh,2.0,4,Municipal Corporation,250925,1,Burhanpur,Burhanpur,802439,4
Madhya Pradesh,3.0,4,Municipal Corporation,251026,5,Chhindwara,Chhindwara,802386,4
Madhya Pradesh,4.0,4,Municipal Corporation,250867,3,Dewas,Dewas,802248,4
Madhya Pradesh,5.0,4,Municipal Corporation,250694,40,Gwalior,Gwalior,802100,4
Madhya Pradesh,6.0,4,Municipal Corporation,250901,32,Indore,इन्दौर,802273,4
Madhya Pradesh,7.0,4,Municipal Corporation,250995,57,Jabalpur,Jabalpur,802361,4
Madhya Pradesh,8.0,4,Municipal Corporation,250923,2,Khandwa,खण्‍डवा,802435,4
Madhya Pradesh,9.0,4,Municipal Corporation,250677,10,Morena,Morena,802083,4
Madhya Pradesh,10.0,4,Municipal Corporation,250979,3,Murwara - Katni,Murwara - Katni,802351,4
Madhya Pradesh,11.0,4,Municipal Corporation,250843,3,Ratlam,Ratlam,802222,4
Madhya Pradesh,12.0,4,Municipal Corporation,250797,3,Rewa,Rewa,802189,4
Madhya Pradesh,13.0,4,Municipal Corporation,250764,3,Sagar,Sagar,802159,4
Madhya Pradesh,14.0,4,Municipal Corporation,250781,7,Satna,Satna,802170,4
Madhya Pradesh,15.0,4,Municipal Corporation,248066,5,Singrauli,Singrauli,802426,4
Madhya Pradesh,16.0,4,Municipal Corporation,250851,7,Ujjain,Ujjain,802230,4
Madhya Pradesh,17.0,5,Municipality,250858,4,Agar,Agar,802237,5
Madhya Pradesh,18.0,5,Municipality,250882,3,Alirajpur,Alirajpur,802433,5
Madhya Pradesh,19.0,5,Municipality,251008,3,Amarwara,Amarwara,802377,5
Madhya Pradesh,20.0,5,Municipality,250675,1,Ambah,Ambah,802081,5
Madhya Pradesh,21.0,5,Municipality,248073,3,Amla,Amla,802340,5
Madhya Pradesh,22.0,5,Municipality,265847,1,Anuppur Np,अनूपपुर,802419,5
Madhya Pradesh,23.0,5,Municipality,250715,2,Ashoknagar,Ashoknagar,802408,5
Madhya Pradesh,24.0,5,Municipality,250949,3,Ashta,आष्टा,802315,5
Madhya Pradesh,25.0,5,Municipality,250852,1,Badnagar,Badnagar,802231,5
Madhya Pradesh,26.0,5,Municipality,251040,5,Balaghat,Balaghat,802397,5
Madhya Pradesh,27.0,5,Municipality,250907,1,Barwaha,बड़वाह,802278,5
Madhya Pradesh,28.0,5,Municipality,250914,2,Barwani,बड़वानी,802285,5
Madhya Pradesh,29.0,5,Municipality,250957,3,Begamganj,Begamganj,802325,5
Madhya Pradesh,30.0,5,Municipality,250945,6,Berasia,Berasia,802311,5
Madhya Pradesh,31.0,5,Municipality,248072,3,Betul,Betul,802335,5
Madhya Pradesh,32.0,5,Municipality,250684,2,Bhind,Bhind,802090,5
Madhya Pradesh,33.0,5,Municipality,250934,2,Biaora,Biaora,802299,5
Madhya Pradesh,34.0,5,Municipality,253194,1,Bijuri,Bijuri,802416,5
Madhya Pradesh,35.0,5,Municipality,250755,3,Bina,Bina,802153,5
Madhya Pradesh,36.0,5,Municipality,250713,2,Chanderi,Chanderi,802407,5
Madhya Pradesh,37.0,5,Municipality,251009,5,Chaurai,Chaurai,802379,5
Madhya Pradesh,38.0,5,Municipality,250741,2,Chhatarpur,Chhatarpur,802139,5
Madhya Pradesh,39.0,5,Municipality,250698,18,Dabra,Dabra,802104,5
Madhya Pradesh,40.0,5,Municipality,250774,4,Damoh,दमोह,802167,5
Madhya Pradesh,41.0,5,Municipality,293808,2,Damua,Damua,802381,5
Madhya Pradesh,42.0,5,Municipality,250703,2,Datia,Datia,802109,5
Madhya Pradesh,43.0,5,Municipality,250770,2,Deori,Deori,802163,5
Madhya Pradesh,44.0,5,Municipality,250809,3,Dhanpuri,Dhanpuri,802415,5
Madhya Pradesh,45.0,5,Municipality,250887,3,Dhar,Dhar,802260,5
Madhya Pradesh,46.0,5,Municipality,251022,2,Dongar Parasia,Dongar Parasia,802383,5
Madhya Pradesh,47.0,5,Municipality,250999,3,Gadarwara,Gadarwara,802366,5
Madhya Pradesh,48.0,5,Municipality,293809,3,Ganjbasoda,गंजबासौदा,802308,5
Madhya Pradesh,49.0,5,Municipality,250768,10,Garhakota,Garhakota,802161,5
Madhya Pradesh,50.0,5,Municipality,250688,3,Gohad,Gohad,802094,5
Madhya Pradesh,51.0,5,Municipality,250998,3,Gotegaon,Gotegaon,802365,5
Madhya Pradesh,52.0,5,Municipality,250714,3,Guna,Guna,802401,5
Madhya Pradesh,53.0,5,Municipality,250967,5,Harda,Harda,802342,5
Madhya Pradesh,54.0,5,Municipality,250771,3,Hatta,हटा,802164,5
Madhya Pradesh,55.0,5,Municipality,250970,2,Itarsi,Itarsi,802345,5
Madhya Pradesh,56.0,5,Municipality,251010,2,Jamai,Jamai,802380,5
Madhya Pradesh,57.0,5,Municipality,250837,1,Jaora,Jaora,802216,5
Madhya Pradesh,58.0,5,Municipality,250879,3,Jhabua,Jhabua,802429,5
Madhya Pradesh,59.0,5,Municipality,251002,3,Kareli,Kareli,802368,5
Madhya Pradesh,60.0,5,Municipality,250845,2,Khacharod,Khacharod,802224,5
Madhya Pradesh,61.0,5,Municipality,250913,10,Khargone,खरगौन,802284,5
Madhya Pradesh,62.0,5,Municipality,250758,5,Khurai,Khurai,802154,5
Madhya Pradesh,63.0,5,Municipality,253193,1,Kotma,Kotma,802417,5
Madhya Pradesh,64.0,5,Municipality,250691,2,Lahar,Lahar,802097,5
Madhya Pradesh,65.0,5,Municipality,250740,4,Maharajpur,Maharajpur,802138,5
Madhya Pradesh,66.0,5,Municipality,250849,2,Mahidpur,Mahidpur,802227,5
Madhya Pradesh,67.0,5,Municipality,250787,16,Maihar,Maihar,802179,5
Madhya Pradesh,68.0,5,Municipality,250766,3,Makronia Buzurg,Makronia Buzurg,000000,5
Madhya Pradesh,69.0,5,Municipality,251042,4,Malajkhand,Malajkhand,802399,5
Madhya Pradesh,70.0,5,Municipality,250892,2,Manawar,Manawar,802265,5
Madhya Pradesh,71.0,5,Municipality,250959,6,Mandideep,Mandideep,802327,5
Madhya Pradesh,72.0,5,Municipality,289259,5,Mandla,mandla,802373,5
Madhya Pradesh,73.0,5,Municipality,250833,2,Mandsaur,Mandsaur,802211,5
Madhya Pradesh,74.0,5,Municipality,248071,3,Multai,Multai,802339,5
Madhya Pradesh,75.0,5,Municipality,248075,2,"Nagar Palika, Nainpur","Nagar Palika, Nainpur",802376,5
Madhya Pradesh,76.0,5,Municipality,250846,3,Nagda,Nagda,802225,5
Madhya Pradesh,77.0,5,Municipality,250974,3,Narmadapuram,नर्मदापुरम,802346,5
Madhya Pradesh,78.0,5,Municipality,251001,3,Narsimhapur,Narsimhapur,802367,5
Madhya Pradesh,79.0,5,Municipality,250937,2,Narsinghgarh,Narsinghgarh,802301,5
Madhya Pradesh,80.0,5,Municipality,250823,4,Neemuch,Neemuch,802200,5
Madhya Pradesh,81.0,5,Municipality,250927,4,Nepanagar,Nepanagar,802441,5
Madhya Pradesh,82.0,5,Municipality,250738,2,Nowgong,Nowgong,802136,5
Madhya Pradesh,83.0,5,Municipality,250802,4,Pali,Pali,802194,5
Madhya Pradesh,84.0,5,Municipality,250987,5,Panagar,Panagar,802364,5
Madhya Pradesh,85.0,5,Municipality,251030,4,Pandhurna,Pandhurna,802391,5
Madhya Pradesh,86.0,5,Municipality,250750,10,Panna,Panna,802148,5
Madhya Pradesh,87.0,5,Municipality,253197,1,Pasan,Pasan,802418,5
Madhya Pradesh,88.0,5,Municipality,250977,2,Pipariya,Pipariya,802349,5
Madhya Pradesh,89.0,5,Municipality,250888,3,Pithampur,Pithampur,802261,5
Madhya Pradesh,90.0,5,Municipality,250676,2,Porsa,Porsa,802082,5
Madhya Pradesh,91.0,5,Municipality,250716,4,Raghogarh-Vijaypur,Raghogarh-Vijaypur,802402,5
Madhya Pradesh,92.0,5,Municipality,250955,2,Raisen,Raisen,802323,5
Madhya Pradesh,93.0,5,Municipality,250885,3,Rajgarh,Rajgarh,802296,5
Madhya Pradesh,94.0,5,Municipality,250769,2,Rehli,Rehli,802162,5
Madhya Pradesh,95.0,5,Municipality,250682,2,Sabalgarh,Sabalgarh,802088,5
Madhya Pradesh,96.0,5,Municipality,250908,2,Sanawad,सनावद,802279,5
Madhya Pradesh,97.0,5,Municipality,250936,3,Sarangpur,Sarangpur,802300,5
Madhya Pradesh,98.0,5,Municipality,248069,2,Sarni,Sarni,802338,5
Madhya Pradesh,99.0,5,Municipality,251027,5,Sausar,Sausar,802387,5
Madhya Pradesh,100.0,5,Municipality,250947,3,Sehore,सीहोर,802314,5
Madhya Pradesh,101.0,5,Municipality,250919,1,Sendhwa,सेंधवा,802291,5
Madhya Pradesh,102.0,5,Municipality,251033,2,Seoni,Seoni,802393,5
Madhya Pradesh,103.0,5,Municipality,250969,3,Seoni-Malwa,Seoni-Malwa,802344,5
Madhya Pradesh,104.0,5,Municipality,250807,4,Shahdol,Shahdol,802413,5
Madhya Pradesh,105.0,5,Municipality,250860,3,Shajapur,Shajapur,802239,5
Madhya Pradesh,106.0,5,Municipality,250673,1,Sheopur,Sheopur,802079,5
Madhya Pradesh,107.0,5,Municipality,250705,5,Shivpuri,Shivpuri,802112,5
Madhya Pradesh,108.0,5,Municipality,250862,2,Shujalpur,Shujalpur,802241,5
Madhya Pradesh,109.0,5,Municipality,248065,3,Sidhi,Sidhi,802424,5
Madhya Pradesh,110.0,5,Municipality,250983,2,Sihora,Sihora,802355,5
Madhya Pradesh,111.0,5,Municipality,250941,2,Sironj,Sironj,802306,5
Madhya Pradesh,112.0,5,Municipality,290285,2,Tikamgarh,Tikamgarh,802130,5
Madhya Pradesh,113.0,5,Municipality,250801,4,Umaria,Umaria,802192,5
Madhya Pradesh,114.0,5,Municipality,250944,5,Vidisha,Vidisha,802310,5
Madhya Pradesh,115.0,5,Municipality,251037,3,Waraseoni,Waraseoni,802396,5
Madhya Pradesh,116.0,7,Town Panchayat,250749,2,Ajaygarh,Ajaygarh,802147,7
Madhya Pradesh,117.0,7,Town Panchayat,250685,2,Akoda,Akoda,802091,7
Madhya Pradesh,118.0,7,Town Panchayat,250863,2,Akodia,Akodia,802242,7
Madhya Pradesh,119.0,7,Town Panchayat,250692,2,Alampur,Alampur,802098,7
Madhya Pradesh,120.0,7,Town Panchayat,250839,2,Alot,Alot,802218,7
Madhya Pradesh,121.0,7,Town Panchayat,250753,2,Amanganj,Amanganj,802151,7
Madhya Pradesh,122.0,7,Town Panchayat,253195,1,Amarkantak,Amarkantak,802421,7
Madhya Pradesh,123.0,7,Town Panchayat,250786,4,Amarpatan,Amarpatan,802178,7
Madhya Pradesh,124.0,7,Town Panchayat,250915,1,Anjad,Anjad,802286,7
Madhya Pradesh,125.0,7,Town Panchayat,250699,2,Antari,Antari,802106,7
Madhya Pradesh,126.0,7,Town Panchayat,250719,2,Aron,Aron,802404,7
Madhya Pradesh,127.0,7,Town Panchayat,293817,1,Athana,अठाना,000000,7
Madhya Pradesh,128.0,7,Town Panchayat,263361,2,Athner,Athner,802334,7
Madhya Pradesh,129.0,7,Town Panchayat,250975,2,Babai,Babai,802347,7
Madhya Pradesh,130.0,7,Town Panchayat,290258,2,Badagaon,Badagaon,802131,7
Madhya Pradesh,131.0,7,Town Panchayat,250733,3,Badagaon Shajapur,Badagaon Shajapur,802235,7
Madhya Pradesh,132.0,7,Town Panchayat,250744,3,Bada -Malhera,Bada -Malhera,802142,7
Madhya Pradesh,133.0,7,Town Panchayat,250709,2,Badarwas,Badarwas,802116,7
Madhya Pradesh,134.0,7,Town Panchayat,250838,2,Badawada,Badawada,802217,7
Madhya Pradesh,135.0,7,Town Panchayat,250961,2,Badi,Badi,802330,7
Madhya Pradesh,136.0,7,Town Panchayat,251025,1,Badkuhi,Badkuhi,802385,7
Madhya Pradesh,137.0,7,Town Panchayat,250884,2,Badnawar,Badnawar,802257,7
Madhya Pradesh,138.0,7,Town Panchayat,250857,2,Badod,Badod,802236,7
Madhya Pradesh,139.0,7,Town Panchayat,250674,2,Badoda,Badoda,802080,7
Madhya Pradesh,140.0,7,Town Panchayat,277237,3,Badonee,बडोनी,802110,7
Madhya Pradesh,141.0,7,Town Panchayat,290389,2,Bagali,Bagali,802254,7
Madhya Pradesh,142.0,7,Town Panchayat,251041,4,Baihar,Baihar,802398,7
Madhya Pradesh,143.0,7,Town Panchayat,250792,2,Baikunthpur,Baikunthpur,802183,7
Madhya Pradesh,144.0,7,Town Panchayat,263211,3,Bairad,Bairad,000000,7
Madhya Pradesh,145.0,7,Town Panchayat,298926,4,Bakho,Bakho,,7
Madhya Pradesh,146.0,7,Town Panchayat,290276,4,Baldevgarh,Baldevgarh,802127,7
Madhya Pradesh,147.0,7,Town Panchayat,289260,1,Bamhni Banjar,BAMHNI BANJAR,802374,7
Madhya Pradesh,148.0,7,Town Panchayat,250760,2,Banda,Banda,802155,7
Madhya Pradesh,149.0,7,Town Panchayat,297114,2,Bandri,बाँदरी,,7
Madhya Pradesh,150.0,7,Town Panchayat,263020,2,Bankhedi,BANKHEDI,000000,7
Madhya Pradesh,151.0,7,Town Panchayat,250678,4,Banmor,Banmor,802084,7
Madhya Pradesh,152.0,7,Town Panchayat,250997,3,Barela,Barela,802363,7
Madhya Pradesh,153.0,7,Town Panchayat,250962,2,Bareli,Bareli,802329,7
Madhya Pradesh,154.0,7,Town Panchayat,300395,9,Bargawan,बरगवाँ,000000,7
Madhya Pradesh,155.0,7,Town Panchayat,299804,2,Bargawan (Amlai),बरगवाँ (अमलाई),,7
Madhya Pradesh,156.0,7,Town Panchayat,251034,2,Barghat,Barghat,802394,7
Madhya Pradesh,157.0,7,Town Panchayat,250978,2,Barhi,Barhi,802352,7
Madhya Pradesh,158.0,7,Town Panchayat,250734,2,Barigarh,Barigarh,802132,7
Madhya Pradesh,159.0,7,Town Panchayat,300085,9,Barodiyakalan,बरोदियाकलां,000000,7
Madhya Pradesh,160.0,7,Town Panchayat,250805,2,Beohari,Beohari,802411,7
Madhya Pradesh,161.0,7,Town Panchayat,250897,1,Betma,Betma,802270,7
Madhya Pradesh,162.0,7,Town Panchayat,248070,2,Betul Bazar,Betul Bazar,802336,7
Madhya Pradesh,163.0,7,Town Panchayat,250964,3,Bhainsdehi,Bhainsdehi,802333,7
Madhya Pradesh,164.0,7,Town Panchayat,250704,2,Bhander,Bhander,802111,7
Madhya Pradesh,165.0,7,Town Panchayat,250827,2,Bhanpura,Bhanpura,802205,7
Madhya Pradesh,166.0,7,Town Panchayat,250865,2,Bhaurasa,Bhaurasa,802245,7
Madhya Pradesh,167.0,7,Town Panchayat,250880,3,Bhavra,Bhavra,802431,7
Madhya Pradesh,168.0,7,Town Panchayat,250996,2,Bhedaghat,Bhedaghat,802362,7
Madhya Pradesh,169.0,7,Town Panchayat,298922,2,Bhensoda,Bhensoda,,7
Madhya Pradesh,170.0,7,Town Panchayat,250912,1,Bhikangaon,Bhikangaon,802283,7
Madhya Pradesh,171.0,7,Town Panchayat,250700,3,Bhitarwar,Bhitarwar,802105,7
Madhya Pradesh,172.0,7,Town Panchayat,253171,1,Bhuwa Bichhia,Bhuwa Bichhia,802375,7
Madhya Pradesh,173.0,7,Town Panchayat,263072,5,Bichhua,बिछुआ,000000,7
Madhya Pradesh,174.0,7,Town Panchayat,250747,4,Bijawar,Bijawar,802145,7
Madhya Pradesh,175.0,7,Town Panchayat,250695,3,Bilaua,Bilaua,802102,7
Madhya Pradesh,176.0,7,Town Panchayat,298917,4,Bilhara,बिलहरा,000000,7
Madhya Pradesh,177.0,7,Town Panchayat,250778,3,Birsinghpur,Birsinghpur,802172,7
Madhya Pradesh,178.0,7,Town Panchayat,298931,4,Bistan,Bistan,,7
Madhya Pradesh,179.0,7,Town Panchayat,250938,1,Boda,Boda,802302,7
Madhya Pradesh,180.0,7,Town Panchayat,250952,2,Budni,बुदनी,802320,7
Madhya Pradesh,181.0,7,Town Panchayat,250808,2,Burhar,Burhar,802414,7
Madhya Pradesh,182.0,7,Town Panchayat,250748,1,Buxwaha,Buxwaha,802146,7
Madhya Pradesh,183.0,7,Town Panchayat,250720,2,Chachaura -Binaganj,Chachaura -Binaganj,802405,7
Madhya Pradesh,184.0,7,Town Panchayat,250788,2,Chakghat,Chakghat,802180,7
Madhya Pradesh,185.0,7,Town Panchayat,250756,3,Chand,Chand,000000,7
Madhya Pradesh,186.0,7,Town Panchayat,251023,2,Chandameta -Butaria,Chandameta -Butaria,802384,7
Madhya Pradesh,187.0,7,Town Panchayat,250800,3,Chandia,Chandia,802193,7
Madhya Pradesh,188.0,7,Town Panchayat,250736,1,Chandla,Chandla,802134,7
Madhya Pradesh,189.0,7,Town Panchayat,298932,4,Chhapara,Chhapara,,7
Madhya Pradesh,190.0,7,Town Panchayat,262992,1,Chhapiheda,Chhapiheda,802295,7
Madhya Pradesh,191.0,7,Town Panchayat,251000,1,Chichli,Chichli,000000,7
Madhya Pradesh,192.0,7,Town Panchayat,263218,2,Chicholi,Chicholi,802337,7
Madhya Pradesh,193.0,7,Town Panchayat,250777,2,Chitrakoot,Chitrakoot,802171,7
Madhya Pradesh,194.0,7,Town Panchayat,248068,3,Churhat,Churhat,802423,7
Madhya Pradesh,195.0,7,Town Panchayat,298925,8,Dabhaura,Dabhaura,,7
Madhya Pradesh,196.0,7,Town Panchayat,250693,1,Daboh,Daboh,802099,7
Madhya Pradesh,197.0,7,Town Panchayat,290394,1,Dahi,Dahi,802264,7
Madhya Pradesh,198.0,7,Town Panchayat,250896,3,Depalpur,Depalpur,802269,7
Madhya Pradesh,199.0,7,Town Panchayat,250751,2,Devendranagar,Devendranagar,802149,7
Madhya Pradesh,200.0,7,Town Panchayat,250815,9,Devri,देवरी,000000,7
Madhya Pradesh,201.0,7,Town Panchayat,290379,2,Dhamnod- Dhar,धामनोद- धार,802266,7
Madhya Pradesh,202.0,7,Town Panchayat,250893,3,Dhamnod Ratlam,Dhamnod Ratlam,802223,7
Madhya Pradesh,203.0,7,Town Panchayat,250894,3,Dharampuri,Dharampuri,802267,7
Madhya Pradesh,204.0,7,Town Panchayat,250821,2,Diken,Diken,802196,7
Madhya Pradesh,205.0,7,Town Panchayat,290390,3,Dindori,डिंडौरी,802371,7
Madhya Pradesh,206.0,7,Town Panchayat,298927,2,Dola,Dola,,7
Madhya Pradesh,207.0,7,Town Panchayat,298928,2,Doomar Kachhar,Doomar Kachhar,,7
Madhya Pradesh,208.0,7,Town Panchayat,250956,2,Gairatganj,Gairatganj,802324,7
Madhya Pradesh,209.0,7,Town Panchayat,250739,2,Garhi -Malhara,Garhi -Malhara,802137,7
Madhya Pradesh,210.0,7,Town Panchayat,250831,2,Garoth,Garoth,802209,7
Madhya Pradesh,211.0,7,Town Panchayat,298919,2,Ghodadongri,Ghodadongri,,7
Madhya Pradesh,212.0,7,Town Panchayat,250745,1,Ghuwara,Ghuwara,802143,7
Madhya Pradesh,213.0,7,Town Panchayat,250686,1,Gormi,Gormi,802093,7
Madhya Pradesh,214.0,7,Town Panchayat,250798,2,Govindgarh,Govindgarh,802190,7
Madhya Pradesh,215.0,7,Town Panchayat,297930,2,Gunnor,गुन्नौर,000000,7
Madhya Pradesh,216.0,7,Town Panchayat,250799,2,Gurh,Gurh,802191,7
Madhya Pradesh,217.0,7,Town Panchayat,250794,5,Hanumana,Hanumana,802186,7
Madhya Pradesh,218.0,7,Town Panchayat,250737,1,Harpalpur,Harpalpur,802135,7
Madhya Pradesh,219.0,7,Town Panchayat,251007,3,Harrai,Harrai,802378,7
Madhya Pradesh,220.0,7,Town Panchayat,250920,2,Harsud,हरसूद,802434,7
Madhya Pradesh,221.0,7,Town Panchayat,250900,1,Hatod,Hatod,802271,7
Madhya Pradesh,222.0,7,Town Panchayat,250872,1,Hatpipalya,Hatpipalya,802255,7
Madhya Pradesh,223.0,7,Town Panchayat,250773,2,Hindoria,हिंडोरिया,802166,7
Madhya Pradesh,224.0,7,Town Panchayat,250950,2,Ichhawar,इछावर,802318,7
Madhya Pradesh,225.0,7,Town Panchayat,250702,2,Indergarh,Indergarh,802108,7
Madhya Pradesh,226.0,7,Town Panchayat,250712,2,Isagarh,Isagarh,802406,7
Madhya Pradesh,227.0,7,Town Panchayat,250806,3,Jaisinghnagar,Jaisinghnagar,802412,7
Madhya Pradesh,228.0,7,Town Panchayat,253196,2,Jaithari,Jaithari,802420,7
Madhya Pradesh,229.0,7,Town Panchayat,250780,2,Jaitwara,Jaitwara,802173,7
Madhya Pradesh,230.0,7,Town Panchayat,290257,1,Jatara,जतारा,802125,7
Madhya Pradesh,231.0,7,Town Panchayat,250822,2,Jawad,Jawad,802197,7
Madhya Pradesh,232.0,7,Town Panchayat,250948,2,Jawar,जावर,802317,7
Madhya Pradesh,233.0,7,Town Panchayat,290323,3,Jeron Khalsa,Jeron Khalsa,802122,7
Madhya Pradesh,234.0,7,Town Panchayat,250681,2,Jhundpura,Jhundpura,802087,7
Madhya Pradesh,235.0,7,Town Panchayat,250824,1,Jiran,Jiran,802201,7
Madhya Pradesh,236.0,7,Town Panchayat,250929,1,Jirapur,Jirapur,802293,7
Madhya Pradesh,237.0,7,Town Panchayat,250881,2,Jobat,Jobat,802432,7
Madhya Pradesh,238.0,7,Town Panchayat,250679,2,Joura,Joura,802085,7
Madhya Pradesh,239.0,7,Town Panchayat,250680,1,Kailaras,Kailaras,802086,7
Madhya Pradesh,240.0,7,Town Panchayat,250752,2,Kakarhati,Kakarhati,802150,7
Madhya Pradesh,241.0,7,Town Panchayat,250859,1,Kanad,Kanad,802238,7
Madhya Pradesh,242.0,7,Town Panchayat,250868,1,Kannod,Kannod,802249,7
Madhya Pradesh,243.0,7,Town Panchayat,250870,2,Kantaphod,Kantaphod,802251,7
Madhya Pradesh,244.0,7,Town Panchayat,293822,1,Karahi,करही,000000,7
Madhya Pradesh,245.0,7,Town Panchayat,250707,2,Karera,Karera,802114,7
Madhya Pradesh,246.0,7,Town Panchayat,290256,1,Kari,कारी,802129,7
Madhya Pradesh,247.0,7,Town Panchayat,250873,2,Karnawad,Karnawad,802253,7
Madhya Pradesh,248.0,7,Town Panchayat,300387,5,Karrapur,कर्रापुर,000000,7
Madhya Pradesh,249.0,7,Town Panchayat,250911,2,Kasrawad,Kasrawad,802282,7
Madhya Pradesh,250.0,7,Town Panchayat,250984,6,Katangi,Katangi,802357,7
Madhya Pradesh,251.0,7,Town Panchayat,251035,5,Katangi Jabalpur,Katangi Jabalpur,802395,7
Madhya Pradesh,252.0,7,Town Panchayat,298933,12,Keolari,Keolari,,7
Madhya Pradesh,253.0,7,Town Panchayat,250743,2,Khajuraho,Khajuraho,802141,7
Madhya Pradesh,254.0,7,Town Panchayat,250804,3,Khand - Bansagar,Khand - Bansagar,802410,7
Madhya Pradesh,255.0,7,Town Panchayat,250711,2,Khaniyadhana,Khaniyadhana,802118,7
Madhya Pradesh,256.0,7,Town Panchayat,290306,1,Khargapur,Khargapur,802128,7
Madhya Pradesh,257.0,7,Town Panchayat,250875,1,Khategaon,Khategaon,802256,7
Madhya Pradesh,258.0,7,Town Panchayat,250918,1,Khetia,Khetia,802290,7
Madhya Pradesh,259.0,7,Town Panchayat,250930,2,Khilchipur,Khilchipur,802294,7
Madhya Pradesh,260.0,7,Town Panchayat,250966,3,Khirkiya,Khirkiya,802341,7
Madhya Pradesh,261.0,7,Town Panchayat,250932,1,Khujner,Khujner,802297,7
Madhya Pradesh,262.0,7,Town Panchayat,250708,2,Kolaras,Kolaras,802115,7
Madhya Pradesh,263.0,7,Town Panchayat,250784,2,Kotar,Kotar,802177,7
Madhya Pradesh,264.0,7,Town Panchayat,250779,4,Kothi,Kothi,802169,7
Madhya Pradesh,265.0,7,Town Panchayat,290383,2,Kothri,कोठरी,802316,7
Madhya Pradesh,266.0,7,Town Panchayat,253134,2,Kukdeshwar,Kukdeshwar,802204,7
Madhya Pradesh,267.0,7,Town Panchayat,250891,1,Kukshi,Kukshi,802263,7
Madhya Pradesh,268.0,7,Town Panchayat,250718,2,Kumbhraj,Kumbhraj,802403,7
Madhya Pradesh,269.0,7,Town Panchayat,262908,1,Kurawar,KURAWAR,000000,7
Madhya Pradesh,270.0,7,Town Panchayat,250942,1,Kurwai,Kurwai,802307,7
Madhya Pradesh,271.0,7,Town Panchayat,250980,2,Kymore,Kymore,802353,7
Madhya Pradesh,272.0,7,Town Panchayat,251031,2,Lakhnadon,Lakhnadon,802392,7
Madhya Pradesh,273.0,7,Town Panchayat,253162,3,Lanji,Lanji,802400,7
Madhya Pradesh,274.0,7,Town Panchayat,250940,2,Lateri,Lateri,802305,7
Madhya Pradesh,275.0,7,Town Panchayat,250735,3,Lavkush Nagar,लवकुश नगर,802133,7
Madhya Pradesh,276.0,7,Town Panchayat,290253,2,Lidhorakhas,Lidhorakhas,802124,7
Madhya Pradesh,277.0,7,Town Panchayat,251029,3,Lodhikheda,Lodhikheda,802389,7
Madhya Pradesh,278.0,7,Town Panchayat,250869,2,Loharda,Loharda,802250,7
Madhya Pradesh,279.0,7,Town Panchayat,250928,1,Machalpur,Machalpur,802292,7
Madhya Pradesh,280.0,7,Town Panchayat,299255,12,Madhusudangarh,मधुसूदनगढ़,,7
Madhya Pradesh,281.0,7,Town Panchayat,299299,2,Magroni,मगरोनी,,7
Madhya Pradesh,282.0,7,Town Panchayat,250909,3,Maheshwar,Maheshwar,802280,7
Madhya Pradesh,283.0,7,Town Panchayat,250818,5,Majhauli,Majhauli,802425,7
Madhya Pradesh,284.0,7,Town Panchayat,263205,4,Makdon,makdon,802229,7
Madhya Pradesh,285.0,7,Town Panchayat,250861,3,Maksi,Maksi,802240,7
Madhya Pradesh,286.0,7,Town Panchayat,298924,8,Malanpur,Malanpur,,7
Madhya Pradesh,287.0,7,Town Panchayat,250828,2,Malhargarh,Malhargarh,802206,7
Madhya Pradesh,288.0,7,Town Panchayat,297116,2,Malthone,मालथौन,,7
Madhya Pradesh,289.0,7,Town Panchayat,250826,2,Manasa,Manasa,802203,7
Madhya Pradesh,290.0,7,Town Panchayat,250889,2,Mandav,Mandav,802262,7
Madhya Pradesh,291.0,7,Town Panchayat,250910,2,Mandleshwar,Mandleshwar,802281,7
Madhya Pradesh,292.0,7,Town Panchayat,250793,3,Mangawan,Mangawan,802184,7
Madhya Pradesh,293.0,7,Town Panchayat,250982,4,Manjholi Jabalpur,Manjholi Jabalpur,802356,7
Madhya Pradesh,294.0,7,Town Panchayat,250906,2,Manpur,Manpur,802277,7
Madhya Pradesh,295.0,7,Town Panchayat,297136,3,Manpur (Umaria),मानपुर (उमरिया),,7
Madhya Pradesh,296.0,7,Town Panchayat,250689,2,Mau,Mau,802095,7
Madhya Pradesh,297.0,7,Town Panchayat,250796,4,Mauganj,Mauganj,802187,7
Madhya Pradesh,298.0,7,Town Panchayat,273379,3,Meghnagar New,Meghnagar,000000,7
Madhya Pradesh,299.0,7,Town Panchayat,290392,2,Mehgaon,मेहगाँव,802092,7
Madhya Pradesh,300.0,7,Town Panchayat,250905,2,Mhowgaon,Mhowgaon,802276,7
Madhya Pradesh,301.0,7,Town Panchayat,250690,2,Mihona,Mihona,802096,7
Madhya Pradesh,302.0,7,Town Panchayat,251028,3,Mohgaon,Mohgaon,802388,7
Madhya Pradesh,303.0,7,Town Panchayat,299289,1,Mohna,मोहना,,7
Madhya Pradesh,304.0,7,Town Panchayat,250922,3,Mundi,मुंदी,802437,7
Madhya Pradesh,305.0,7,Town Panchayat,250717,10,Mungaoli,Mungaoli,802409,7
Madhya Pradesh,306.0,7,Town Panchayat,250782,2,Nagod,Nagod,802174,7
Madhya Pradesh,307.0,7,Town Panchayat,250834,1,Nagri,Nagri,802212,7
Madhya Pradesh,308.0,7,Town Panchayat,250795,5,Nai-Garhi,Nai-Garhi,802188,7
Madhya Pradesh,309.0,7,Town Panchayat,250855,3,Nalkheda,Nalkheda,802234,7
Madhya Pradesh,310.0,7,Town Panchayat,250842,2,Namli,Namli,802221,7
Madhya Pradesh,311.0,7,Town Panchayat,250829,1,Narayangarh,Narayangarh,802207,7
Madhya Pradesh,312.0,7,Town Panchayat,250706,2,Narwar,Narwar,802113,7
Madhya Pradesh,313.0,7,Town Panchayat,250951,2,Nasrullaganj,नसरूलागंज,802319,7
Madhya Pradesh,314.0,7,Town Panchayat,263154,1,Nayagoan,Nayagoan,000000,7
Madhya Pradesh,315.0,7,Town Panchayat,274350,2,Nemawar,Nemawar,000000,7
Madhya Pradesh,316.0,7,Town Panchayat,293819,8,New Ramnagar,न्यू रामनगर,000000,7
Madhya Pradesh,317.0,7,Town Panchayat,251018,1,Newton Chikhli Kalan,Newton Chikhli Kalan,802382,7
Madhya Pradesh,318.0,7,Town Panchayat,297118,3,Niwali Bujurg,निवाली बुजुर्ग,,7
Madhya Pradesh,319.0,7,Town Panchayat,290382,3,Niwari,निवाड़ी,802120,7
Madhya Pradesh,320.0,7,Town Panchayat,253170,9,Niwas,Niwas,802372,7
Madhya Pradesh,321.0,7,Town Panchayat,250803,3,Nowrozabad - Khodargama,Nowrozabad - Khodargama,802195,7
Madhya Pradesh,322.0,7,Town Panchayat,250960,3,Obedullaganj,Obedullaganj,802328,7
Madhya Pradesh,323.0,7,Town Panchayat,250921,3,Omkareshwar,ओंकारेश्वर,802436,7
Madhya Pradesh,324.0,7,Town Panchayat,293827,3,Orchha,ओरछा,802121,7
Madhya Pradesh,325.0,7,Town Panchayat,250935,2,Pachore,Pachore,802303,7
Madhya Pradesh,326.0,7,Town Panchayat,290343,2,Palera,Palera,802126,7
Madhya Pradesh,327.0,7,Town Panchayat,253251,2,Palsud,Palsud,802288,7
Madhya Pradesh,328.0,7,Town Panchayat,250924,5,Pandhana,पंधाना,802438,7
Madhya Pradesh,329.0,7,Town Panchayat,263010,1,Pankhedi Kalapipal,पानखेड़ी (कालापीपल),000000,7
Madhya Pradesh,330.0,7,Town Panchayat,250917,2,Pansemal,Pansemal,802289,7
Madhya Pradesh,331.0,7,Town Panchayat,250985,3,Patan,Patan,802358,7
Madhya Pradesh,332.0,7,Town Panchayat,293826,2,Patera,पटेरा,000000,7
Madhya Pradesh,333.0,7,Town Panchayat,250772,2,Patharia,पथरिया,802165,7
Madhya Pradesh,334.0,7,Town Panchayat,250754,2,Pawai,Pawai,802152,7
Madhya Pradesh,335.0,7,Town Panchayat,250877,1,Petlawad,Petlawad,802428,7
Madhya Pradesh,336.0,7,Town Panchayat,250683,2,Phuphkalan,Phuphkalan,802089,7
Madhya Pradesh,337.0,7,Town Panchayat,250697,4,Pichhore Gwalior,Pichhore Gwalior,802103,7
Madhya Pradesh,338.0,7,Town Panchayat,250710,3,Pichhore Shivpuri,Pichhore Shivpuri,802117,7
Madhya Pradesh,339.0,7,Town Panchayat,290272,1,Pipalrawan,पीपलरावां,802247,7
Madhya Pradesh,340.0,7,Town Panchayat,290395,3,Pipla Narayanwar,Pipla Narayanwar,802390,7
Madhya Pradesh,341.0,7,Town Panchayat,250836,1,Piploda,Piploda,802215,7
Madhya Pradesh,342.0,7,Town Panchayat,250830,2,Piplya Mandi,Piplya Mandi,802208,7
Madhya Pradesh,343.0,7,Town Panchayat,299252,12,Piprai,पिपरई,,7
Madhya Pradesh,344.0,7,Town Panchayat,289710,8,Pohari,पोहरी,000000,7
Madhya Pradesh,345.0,7,Town Panchayat,250864,2,Polaykalan,Polaykalan,802243,7
Madhya Pradesh,346.0,7,Town Panchayat,293821,4,Prithvipur,पृथ्वीपुर,802123,7
Madhya Pradesh,347.0,7,Town Panchayat,300388,5,Punasa,पुनासा,000000,7
Madhya Pradesh,348.0,7,Town Panchayat,250761,2,Rahatgarh,Rahatgarh,802157,7
Madhya Pradesh,349.0,7,Town Panchayat,250931,2,Rajgarh,Rajgarh,802258,7
Madhya Pradesh,350.0,7,Town Panchayat,250742,2,Rajnagar,Rajnagar,802140,7
Madhya Pradesh,351.0,7,Town Panchayat,299278,1,Rajnagar Bangawan,राजनगर बनगवां,,7
Madhya Pradesh,352.0,7,Town Panchayat,250916,1,Rajpur,Rajpur,802287,7
Madhya Pradesh,353.0,7,Town Panchayat,250825,2,Rampura,Rampura,802202,7
Madhya Pradesh,354.0,7,Town Panchayat,250785,2,Rampur Baghelan,Rampur Baghelan,802176,7
Madhya Pradesh,355.0,7,Town Panchayat,248067,3,Rampur Naikin,Rampur Naikin,802422,7
Madhya Pradesh,356.0,7,Town Panchayat,250883,2,Ranapur,Ranapur,802430,7
Madhya Pradesh,357.0,7,Town Panchayat,298921,3,Rannod,Rannod,,7
Madhya Pradesh,358.0,7,Town Panchayat,250820,2,Ratangarh,Ratangarh,802199,7
Madhya Pradesh,359.0,7,Town Panchayat,250904,1,Rau,Rau,802274,7
Madhya Pradesh,360.0,7,Town Panchayat,250953,2,Rehti,रेहटी,802321,7
Madhya Pradesh,361.0,7,Town Panchayat,298923,6,Roun,रौन,,7
Madhya Pradesh,362.0,7,Town Panchayat,250895,1,Runji -Gautampura,Runji -Gautampura,802268,7
Madhya Pradesh,363.0,7,Town Panchayat,250841,2,Sailana,Sailana,802220,7
Madhya Pradesh,364.0,7,Town Panchayat,263217,1,Sainkheda,साईंखेड़ा,000000,7
Madhya Pradesh,365.0,7,Town Panchayat,293820,4,Salichauka,सालीचौका,000000,7
Madhya Pradesh,366.0,7,Town Panchayat,262993,2,Samsabad,शमशाबाद,802309,7
Madhya Pradesh,367.0,7,Town Panchayat,250954,3,Sanchi,Sanchi,802322,7
Madhya Pradesh,368.0,7,Town Panchayat,300386,8,Sarai,सरई,000000,7
Madhya Pradesh,369.0,7,Town Panchayat,250886,1,Sardarpur,Sardarpur,802259,7
Madhya Pradesh,370.0,7,Town Panchayat,263155,1,Sarwaniya Maharaj,Sarwaniya Maharaj,000000,7
Madhya Pradesh,371.0,7,Town Panchayat,250746,2,Satai,Satai,802144,7
Madhya Pradesh,372.0,7,Town Panchayat,250871,2,Satwas,Satwas,802252,7
Madhya Pradesh,373.0,7,Town Panchayat,250898,2,Sawer,Sawer,802272,7
Madhya Pradesh,374.0,7,Town Panchayat,250791,2,Semaria,Semaria,802185,7
Madhya Pradesh,375.0,7,Town Panchayat,250701,3,Seondha,Seondha,802107,7
Madhya Pradesh,376.0,7,Town Panchayat,262977,2,Shadora,Shadora,000000,7
Madhya Pradesh,377.0,7,Town Panchayat,262903,1,Shahganj,Shahganj,000000,7
Madhya Pradesh,378.0,7,Town Panchayat,250759,2,Shahgarh,Shahgarh,802156,7
Madhya Pradesh,379.0,7,Town Panchayat,298920,2,Shahpur,Shahpur,,7
Madhya Pradesh,380.0,7,Town Panchayat,251003,5,Shahpura,Shahpura,802370,7
Madhya Pradesh,381.0,7,Town Panchayat,250986,4,Shahpura Dindori,Shahpura Dindori,802440,7
Madhya Pradesh,382.0,7,Town Panchayat,250926,3,Shahpur Burhanpur,Shahpur Burhanpur,802359,7
Madhya Pradesh,383.0,7,Town Panchayat,250965,3,Shahpur Sagar,Shahpur Sagar,802158,7
Madhya Pradesh,384.0,7,Town Panchayat,250832,1,Shamgarh,Shamgarh,802210,7
Madhya Pradesh,385.0,7,Town Panchayat,253125,3,Silwani,Silwani,802331,7
Madhya Pradesh,386.0,7,Town Panchayat,250819,2,Singoli,Singoli,802198,7
Madhya Pradesh,387.0,7,Town Panchayat,298918,4,Sirali,Sirali,,7
Madhya Pradesh,388.0,7,Town Panchayat,250790,2,Sirmaur,Sirmaur,802182,7
Madhya Pradesh,389.0,7,Town Panchayat,250835,2,Sitamau,Sitamau,802213,7
Madhya Pradesh,390.0,7,Town Panchayat,250976,2,Sohagpur,Sohagpur,802348,7
Madhya Pradesh,391.0,7,Town Panchayat,250866,2,Sonkatch,Sonkatch,802246,7
Madhya Pradesh,392.0,7,Town Panchayat,250853,4,Soyatkalan,Soyatkalan,802232,7
Madhya Pradesh,393.0,7,Town Panchayat,250958,2,Sultanpur,Sultanpur,802326,7
Madhya Pradesh,394.0,7,Town Panchayat,298934,3,Surkhi,Surkhi,,7
Madhya Pradesh,395.0,7,Town Panchayat,250854,3,Susner,Susner,802233,7
Madhya Pradesh,396.0,7,Town Panchayat,250933,2,Suthaliya,Suthaliya,802298,7
Madhya Pradesh,397.0,7,Town Panchayat,290381,2,Suwasra,Suwasra,802214,7
Madhya Pradesh,398.0,7,Town Panchayat,250840,2,Tal,Tal,802219,7
Madhya Pradesh,399.0,7,Town Panchayat,250939,2,Talen,Talen,802304,7
Madhya Pradesh,400.0,7,Town Panchayat,250850,3,Tarana,Tarana,802228,7
Madhya Pradesh,401.0,7,Town Panchayat,293818,2,Taricharkala,तारिचरकला,802119,7
Madhya Pradesh,402.0,7,Town Panchayat,290462,2,Tendukheda- Damoh,Tendukheda- Damoh,802168,7
Madhya Pradesh,403.0,7,Town Panchayat,290429,3,Tendukheda- Narsimhapur,Tendukheda- Narsimhapur,802369,7
Madhya Pradesh,404.0,7,Town Panchayat,250789,2,Teonthar,Teonthar,802181,7
Madhya Pradesh,405.0,7,Town Panchayat,250876,2,Thandla,Thandla,802427,7
Madhya Pradesh,406.0,7,Town Panchayat,297119,2,Thikri,ठीकरी,,7
Madhya Pradesh,407.0,7,Town Panchayat,250968,1,Timarni,Timarni,802343,7
Madhya Pradesh,408.0,7,Town Panchayat,290271,1,Tonk Khurd,टोंक खुर्द,802244,7
Madhya Pradesh,409.0,7,Town Panchayat,250963,1,Udaipura,Udaipura,802332,7
Madhya Pradesh,410.0,7,Town Panchayat,250783,2,Unchahara,Unchahara,802175,7
Madhya Pradesh,411.0,7,Town Panchayat,250847,3,Unhel,Unhel,802226,7
Madhya Pradesh,412.0,7,Town Panchayat,250672,2,Vijaypur,Vijaypur,802078,7
Madhya Pradesh,413.0,7,Town Panchayat,250981,2,Vijayraghavgarh,Vijayraghavgarh,802354,7
Madhya Pradesh,414.0,8,Cantonment Board,277265,2,Jabalpur,Jabalpur,802360,8
Madhya Pradesh,415.0,8,Cantonment Board,277272,2,Mhow,Mhow,802275,8
Madhya Pradesh,416.0,8,Cantonment Board,277296,2,Morar,Morar,802101,8
Madhya Pradesh,417.0,8,Cantonment Board,277274,2,Pachmari,Pachmari,802350,8
Madhya Pradesh,418.0,8,Cantonment Board,277299,3,Saugor,Saugor,000000,8
Madhya Pradesh,,,,,,,,,
Madhya Pradesh,"Sep 5, 2026, 6:43 PM",,,,,,,,
Maharashtra,,,,,,(In English),(In Local),,
Maharashtra,1.0,4,Municipal Corporation,251548,3,Ahmadnagar,अहमदनगर,802828,4
Maharashtra,2.0,4,Municipal Corporation,251312,2,Akola,अकोला,802676,4
Maharashtra,3.0,4,Municipal Corporation,251328,4,Amravati,अमरावती,802690,4
Maharashtra,4.0,4,Municipal Corporation,251428,5,Aurangabad,औरंगाबाद,802765,4
Maharashtra,5.0,4,Municipal Corporation,251477,7,Bhiwandi,भिवंडी,802789,4
Maharashtra,6.0,4,Municipal Corporation,248082,4,Chandrapur,चंद्रपूर,802722,4
Maharashtra,7.0,4,Municipal Corporation,251282,19,Dhule,धुळे,802646,4
Maharashtra,8.0,4,Municipal Corporation,251488,5,Greater Mumbai,मोठे मुंबई,802794,4
Maharashtra,9.0,4,Municipal Corporation,251619,4,Ichalkaranji,इचलकरंजी,802884,4
Maharashtra,10.0,4,Municipal Corporation,276571,3,Jalgaon,जळगाव,802653,4
Maharashtra,11.0,4,Municipal Corporation,251423,3,Jalna,जालना,802760,4
Maharashtra,12.0,4,Municipal Corporation,251483,6,Kalyan-Dombivli,कल्याण-डोंबिवली,802790,4
Maharashtra,13.0,4,Municipal Corporation,251625,2,Kolhapur,कोल्हापूर,802887,4
Maharashtra,14.0,4,Municipal Corporation,251561,3,Latur,लातूर,802840,4
Maharashtra,15.0,4,Municipal Corporation,251438,9,Malegaon,मालेगांव,802772,4
Maharashtra,16.0,4,Municipal Corporation,251470,5,Mira-Bhayandar,मिरा-भाईंदर,802786,4
Maharashtra,17.0,4,Municipal Corporation,251362,5,Nagpur,नागपूर,802710,4
Maharashtra,18.0,4,Municipal Corporation,251401,2,Nanded-Waghala,नांदेड-वाघाळा,802737,4
Maharashtra,19.0,4,Municipal Corporation,251442,2,Nashik,नाशिक,802776,4
Maharashtra,20.0,4,Municipal Corporation,251472,3,Navi Mumbai,नवी मुंबई,802788,4
Maharashtra,21.0,4,Municipal Corporation,251492,26,Panvel,पनवेल,802796,4
Maharashtra,22.0,4,Municipal Corporation,251416,3,Parbhani,परभणी,802753,4
Maharashtra,23.0,4,Municipal Corporation,251528,2,Pimpri Chinchwad,पिंपरी चिंचवड,802811,4
Maharashtra,24.0,4,Municipal Corporation,251530,15,Pune,पुणे,802814,4
Maharashtra,25.0,4,Municipal Corporation,251639,2,Sangli-Miraj Kupwad,सांगली-मिरज कुपवाड,802895,4
Maharashtra,26.0,4,Municipal Corporation,251577,2,Solapur,सोलापूर,802856,4
Maharashtra,27.0,4,Municipal Corporation,251471,7,Thane,ठाणे,802787,4
Maharashtra,28.0,4,Municipal Corporation,251484,3,Ulhasnagar,उल्हासनगर,802791,4
Maharashtra,29.0,4,Municipal Corporation,251463,9,Vasai-Virar,वासी-विरार,802785,4
Maharashtra,30.0,5,Municipality,251323,3,Achalpur,अचलपूर,802685,5
Maharashtra,31.0,5,Municipality,251562,2,Ahmadpur,अहमदपूर,802841,5
Maharashtra,32.0,5,Municipality,251581,1,Akkalkot,अक्कलकोट,802860,5
Maharashtra,33.0,5,Municipality,300383,2,Akluj,अकलूज,,5
Maharashtra,34.0,5,Municipality,251310,3,Akot,अकोट,802674,5
Maharashtra,35.0,5,Municipality,251521,1,Alandi,आळंदी,802808,5
Maharashtra,36.0,5,Municipality,251503,2,Alibag,अलिबाग,802801,5
Maharashtra,37.0,5,Municipality,251294,2,Amalner,अंमळनेर,802656,5
Maharashtra,38.0,5,Municipality,251424,2,Ambad,अंबड,802761,5
Maharashtra,39.0,5,Municipality,251560,2,Ambajogai,अंबाजोगाई,802839,5
Maharashtra,40.0,5,Municipality,251485,4,Ambarnath,अंबरनाथ,802793,5
Maharashtra,41.0,5,Municipality,276364,3,Amgaon,आमगांव,537972,5
Maharashtra,42.0,5,Municipality,251322,1,Anjangaon,अंजनगाव सुर्जी,802684,5
Maharashtra,43.0,5,Municipality,259703,2,Arni,आर्णी,543235,5
Maharashtra,44.0,5,Municipality,251332,2,Arvi,आर्वी,802694,5
Maharashtra,45.0,5,Municipality,251634,2,Ashta,आष्टा,802892,5
Maharashtra,46.0,5,Municipality,251563,1,Ausa,औसा,802842,5
Maharashtra,47.0,5,Municipality,251486,4,Badlapur,बदलापूर,802792,5
Maharashtra,48.0,5,Municipality,251311,2,Balapur,बाळापूर,802675,5
Maharashtra,49.0,5,Municipality,251381,2,Ballarpur,बल्लारपूर,802724,5
Maharashtra,50.0,5,Municipality,251536,3,Baramati,बारामती,802820,5
Maharashtra,51.0,5,Municipality,251576,1,Barshi,बार्शी,802855,5
Maharashtra,52.0,5,Municipality,251413,1,Basmath,वसमत,802750,5
Maharashtra,53.0,5,Municipality,253140,2,Bhadgaon,भडगाव,802658,5
Maharashtra,54.0,5,Municipality,251375,3,Bhadravati,भद्रावती,802721,5
Maharashtra,55.0,5,Municipality,251444,1,Bhagur,भगूर,802778,5
Maharashtra,56.0,5,Municipality,248078,2,Bhandara,भंडारा,802713,5
Maharashtra,57.0,5,Municipality,259697,1,Bhokar,भोकर,802739,5
Maharashtra,58.0,5,Municipality,251422,2,Bhokardan,भोकरदन,802759,5
Maharashtra,59.0,5,Municipality,251535,2,Bhor,भोर,802819,5
Maharashtra,60.0,5,Municipality,251567,1,Bhum,भूम,802846,5
Maharashtra,61.0,5,Municipality,251290,2,Bhusawal,भुसावळ,802652,5
Maharashtra,62.0,5,Municipality,251557,4,Bid,बीड,802835,5
Maharashtra,63.0,5,Municipality,251406,2,Biloli,बिलोली,802743,5
Maharashtra,64.0,5,Municipality,251373,2,Brahmapuri,ब्रह्मपूरी,802720,5
Maharashtra,65.0,5,Municipality,251305,1,Buldana,बुलढाणा,802669,5
Maharashtra,66.0,5,Municipality,251520,2,Chakan,चाकण,555862,5
Maharashtra,67.0,5,Municipality,251296,2,Chalisgaon,चाळीसगाव,802659,5
Maharashtra,68.0,5,Municipality,251330,1,Chandur,चांदुर रेल्वे,802692,5
Maharashtra,69.0,5,Municipality,251324,2,Chandurbazar,चांदूर बाजार,802686,5
Maharashtra,70.0,5,Municipality,276281,3,Chandwad,चांदवड,561228,5
Maharashtra,71.0,5,Municipality,276634,2,Chikhaldara,चिखलदरा,802683,5
Maharashtra,72.0,5,Municipality,251304,3,Chikhli,चिखली,802668,5
Maharashtra,73.0,5,Municipality,265713,2,Chimur,चिमुर,540550,5
Maharashtra,74.0,5,Municipality,251602,2,Chiplun,चिपळूण,802874,5
Maharashtra,75.0,5,Municipality,251283,2,Chopda,चोपडा,802647,5
Maharashtra,76.0,5,Municipality,251451,6,Dahanu,डहाणू,802782,5
Maharashtra,77.0,5,Municipality,251389,2,Darwha,दारव्हा,802728,5
Maharashtra,78.0,5,Municipality,251329,1,Daryapur Banosa,दर्यापूर,802691,5
Maharashtra,79.0,5,Municipality,251331,1,Dattapur Dhamangaon,धामणगाव रेल्वे,802693,5
Maharashtra,80.0,5,Municipality,251531,1,Daund,दौंड,802816,5
Maharashtra,81.0,5,Municipality,251410,2,Deglur,देगलूर,802747,5
Maharashtra,82.0,5,Municipality,251552,2,Deolali Pravara,देवळाली प्रवरा,802831,5
Maharashtra,83.0,5,Municipality,251337,2,Deoli,देवळी,802698,5
Maharashtra,84.0,5,Municipality,251306,1,Deulgaon Raja,देऊळगाव राजा,802670,5
Maharashtra,85.0,5,Municipality,251293,1,Dharangaon,धरणगाव,802655,5
Maharashtra,86.0,5,Municipality,251404,2,Dharmabad,धर्माबाद,802741,5
Maharashtra,87.0,5,Municipality,303127,1,Digdoh Devi Municipal Council,,,5
Maharashtra,88.0,5,Municipality,251390,2,Digras,दिग्रस,802729,5
Maharashtra,89.0,5,Municipality,251281,1,Dondaicha-Warwade,दोंडाईचा,802645,5
Maharashtra,90.0,5,Municipality,251583,1,Dudhani,दूधनी,802862,5
Maharashtra,91.0,5,Municipality,251292,2,Erandol,एरंडोल,802654,5
Maharashtra,92.0,5,Municipality,251285,1,Faizpur,फैजपूर,802649,5
Maharashtra,93.0,5,Municipality,303134,2,Fursungi Uruli Devachi,फुरसुंगी -उरुळी देवाची,000000,5
Maharashtra,94.0,5,Municipality,265791,2,Gadchandur Nagar Parishad,गडचांदूर,541663,5
Maharashtra,95.0,5,Municipality,251631,2,Gadhinglaj,गडहिंग्लज,802890,5
Maharashtra,96.0,5,Municipality,251420,1,Gangakhed,गंगाखेड,802757,5
Maharashtra,97.0,5,Municipality,251432,3,Gangapur,गंगापूर,802769,5
Maharashtra,98.0,5,Municipality,251555,1,Georai,गेवराई,802833,5
Maharashtra,99.0,5,Municipality,251394,3,Ghatanji,घाटंजी,802732,5
Maharashtra,100.0,5,Municipality,298902,1,Ghugus,Ghugus,,5
Maharashtra,101.0,5,Municipality,251371,2,Gondiya,गोंदिया,802716,5
Maharashtra,102.0,5,Municipality,251399,1,Hadgaon,हदगाव,802736,5
Maharashtra,103.0,5,Municipality,251338,2,Hinganghat,हिंगनघाट,802699,5
Maharashtra,104.0,5,Municipality,251411,1,Hingoli,हिंगोली,802748,5
Maharashtra,105.0,5,Municipality,303119,2,Hiwarkhed,,,5
Maharashtra,106.0,5,Municipality,276296,1,Hupari,हुपरी,567321,5
Maharashtra,107.0,5,Municipality,251445,2,Igatpuri,इगतपूरी,802779,5
Maharashtra,108.0,5,Municipality,251537,2,Indapur,इंदापूर,802821,5
Maharashtra,109.0,5,Municipality,251298,2,Jalgaon - Jamod,जळगाव जामोद,802662,5
Maharashtra,110.0,5,Municipality,251554,3,Jamkhed,जामखेड,558718,5
Maharashtra,111.0,5,Municipality,253139,3,Jamner,जामनेर,802661,5
Maharashtra,112.0,5,Municipality,259699,1,Jath,जत,568926,5
Maharashtra,113.0,5,Municipality,251453,2,Jawhar,जव्हार,802783,5
Maharashtra,114.0,5,Municipality,251621,2,Jaysingpur,जयसिंगपूर,802885,5
Maharashtra,115.0,5,Municipality,251533,2,Jejuri,जेजुरी,802818,5
Maharashtra,116.0,5,Municipality,251415,2,Jintur,जिंतुर,802752,5
Maharashtra,117.0,5,Municipality,251516,2,Junnar,जुन्नर,802806,5
Maharashtra,118.0,5,Municipality,251628,2,Kagal,कागल,802888,5
Maharashtra,119.0,5,Municipality,251568,3,Kalamb,कळंब,802847,5
Maharashtra,120.0,5,Municipality,251342,3,Kalameshwar,कळमेश्वर-ब्राम्हणी,802703,5
Maharashtra,121.0,5,Municipality,251412,1,Kalamnuri,कळमनुरी,802749,5
Maharashtra,122.0,5,Municipality,251356,1,Kamptee,कामठी,802708,5
Maharashtra,123.0,5,Municipality,251408,2,Kandhar,कंधार,802745,5
Maharashtra,124.0,5,Municipality,251350,3,Kanhan - Pipri,कन्हान पिंपरी,535452,5
Maharashtra,125.0,5,Municipality,251426,2,Kannad,कन्नड,802763,5
Maharashtra,126.0,5,Municipality,251598,2,Karad,कराड,802870,5
Maharashtra,127.0,5,Municipality,251318,3,Karanja,कारंजा,802680,5
Maharashtra,128.0,5,Municipality,251498,2,Karjat,कर्जत,802798,5
Maharashtra,129.0,5,Municipality,251574,1,Karmala,करमाळा,802853,5
Maharashtra,130.0,5,Municipality,251341,2,Katol,काटोल,802702,5
Maharashtra,131.0,5,Municipality,251302,1,Khamgaon,खामगाव,802666,5
Maharashtra,132.0,5,Municipality,251345,3,Khapa,खापा,802706,5
Maharashtra,133.0,5,Municipality,251601,2,Khed,खेड,802873,5
Maharashtra,134.0,5,Municipality,251501,4,Khopoli,खोपोली,802799,5
Maharashtra,135.0,5,Municipality,251430,2,Khuldabad,खुल्दाबाद,802767,5
Maharashtra,136.0,5,Municipality,251558,2,Kille Dharur,किल्ले धारूर,802837,5
Maharashtra,137.0,5,Municipality,251398,2,Kinwat,किनवट,802735,5
Maharashtra,138.0,5,Municipality,251540,1,Kopargaon,कोपरगाव,802823,5
Maharashtra,139.0,5,Municipality,251405,2,Kundalwadi,कुंडलवाडी,802742,5
Maharashtra,140.0,5,Municipality,251575,3,Kurduvadi,कुर्डुवाडी,802854,5
Maharashtra,141.0,5,Municipality,251622,2,Kurundvad,कुरूंदवाड,802886,5
Maharashtra,142.0,5,Municipality,251407,2,Loha,लोहा,802744,5
Maharashtra,143.0,5,Municipality,251308,2,Lonar,लोणार,802672,5
Maharashtra,144.0,5,Municipality,251526,3,Lonavala,लोणावळा,802810,5
Maharashtra,145.0,5,Municipality,251584,2,Mahabaleshwar,महाबळेश्वर,802863,5
Maharashtra,146.0,5,Municipality,251513,1,Mahad,महाड,802805,5
Maharashtra,147.0,5,Municipality,298893,1,Mahalung Shripur,Mahalung Shripur,,5
Maharashtra,148.0,5,Municipality,251582,1,Maindargi,मैन्दरगी,802861,5
Maharashtra,149.0,5,Municipality,251556,2,Majalgaon,माजलगांव,802834,5
Maharashtra,150.0,5,Municipality,251301,2,Malkapur,मलकापूर,802665,5
Maharashtra,151.0,5,Municipality,251614,3,Malkapur-Kolhapur,मलकापूर-कोल्हापुर,802881,5
Maharashtra,152.0,5,Municipality,251610,2,Malwan,मालवण,802878,5
Maharashtra,153.0,5,Municipality,251580,1,Mangalvedhe,मंगळवेढा,7221,5
Maharashtra,154.0,5,Municipality,251317,2,Mangrulpir,मंगरूळपीर,802679,5
Maharashtra,155.0,5,Municipality,251440,1,Manmad,मनमाड,802774,5
Maharashtra,156.0,5,Municipality,251417,1,Manwath,मानवत,802754,5
Maharashtra,157.0,5,Municipality,251497,1,Matheran,माथेरान,802797,5
Maharashtra,158.0,5,Municipality,251303,2,Mehkar,मेहेकर,802667,5
Maharashtra,159.0,5,Municipality,251589,2,Mhaswad,म्हसवड,802867,5
Maharashtra,160.0,5,Municipality,276301,3,Mohol,मोहोळ,04248,5
Maharashtra,161.0,5,Municipality,251343,3,Mohpa,मोहपा,802704,5
Maharashtra,162.0,5,Municipality,251325,2,Morshi,मोर्शी,802687,5
Maharashtra,163.0,5,Municipality,251339,2,Mowad,मोवाड,802700,5
Maharashtra,164.0,5,Municipality,251402,2,Mudkhed,मुदखेड,802738,5
Maharashtra,165.0,5,Municipality,251409,1,Mukhed,मुखेड,802746,5
Maharashtra,166.0,5,Municipality,251382,2,Mul,मूल,802723,5
Maharashtra,167.0,5,Municipality,297866,2,Municipal Council Armori,नगर परिषद आरमोरी,,5
Maharashtra,168.0,5,Municipality,248081,2,Municipal Council Desaiganj ( Wadsa),देसाईगंज,802717,5
Maharashtra,169.0,5,Municipality,248080,2,Municipal Council Gadchiroli,गडचिरोली,802718,5
Maharashtra,170.0,5,Municipality,251629,2,Murgud,मुर्गुद,802889,5
Maharashtra,171.0,5,Municipality,251315,2,Murtijapur,मुर्तीजापुर,802677,5
Maharashtra,172.0,5,Municipality,251504,1,Murud,मुरुड,802802,5
Maharashtra,173.0,5,Municipality,251572,2,Murum,मुरुम,802851,5
Maharashtra,174.0,5,Municipality,276361,7,Nagbhid Muncipal Council,नागभीड नगरपरिषद,540611,5
Maharashtra,175.0,5,Municipality,251571,1,Naldurg,नळदुर्ग,802850,5
Maharashtra,176.0,5,Municipality,251439,2,Nandgaon,नांदगाव,802773,5
Maharashtra,177.0,5,Municipality,251300,1,Nandura,नंदूरा,802664,5
Maharashtra,178.0,5,Municipality,251278,6,Nandurbar,नंदुरबार,802642,5
Maharashtra,179.0,5,Municipality,251340,1,Narkhed,नरखेड,802701,5
Maharashtra,180.0,5,Municipality,251279,2,Nawapur,नवापुर,802643,5
Maharashtra,181.0,5,Municipality,259704,3,Ner Nababpur,नेर नबाबपूर,802726,5
Maharashtra,182.0,5,Municipality,251564,2,Nilanga,निलंगा,802843,5
Maharashtra,183.0,5,Municipality,251569,2,Osmanabad,उस्मानाबाद,802848,5
Maharashtra,184.0,5,Municipality,251297,2,Pachora,पाचोरा,802660,5
Maharashtra,185.0,5,Municipality,251433,2,Paithan,पैठण,802770,5
Maharashtra,186.0,5,Municipality,251460,4,Palghar,पालघर,802784,5
Maharashtra,187.0,5,Municipality,276350,6,Palus,पलूस,568415,5
Maharashtra,188.0,5,Municipality,251585,1,Panchgani,पंचगनी,802864,5
Maharashtra,189.0,5,Municipality,251395,3,Pandharkawda,पांढरकवडा,802733,5
Maharashtra,190.0,5,Municipality,297006,2,Pandharpur,पंढरपूर,7219,5
Maharashtra,191.0,5,Municipality,251615,1,Panhala,पन्हाला,802882,5
Maharashtra,192.0,5,Municipality,251566,1,Paranda,पारंडा,802845,5
Maharashtra,193.0,5,Municipality,251559,1,Parli,परळी,802838,5
Maharashtra,194.0,5,Municipality,251295,1,Parola,पारोला,802657,5
Maharashtra,195.0,5,Municipality,251425,2,Partur,परतूर,802762,5
Maharashtra,196.0,5,Municipality,251546,2,Pathardi,पाथर्डी,802827,5
Maharashtra,197.0,5,Municipality,251418,2,Pathri,पाथरी,802755,5
Maharashtra,198.0,5,Municipality,251316,1,Patur,पातुर,802678,5
Maharashtra,199.0,5,Municipality,248077,2,Pauni,पौनी,802714,5
Maharashtra,200.0,5,Municipality,251502,1,Pen,पेन,802800,5
Maharashtra,201.0,5,Municipality,251403,2,Peth Umri,पेठ उमरी,802740,5
Maharashtra,202.0,5,Municipality,251588,2,Phaltan,फलटण,802866,5
Maharashtra,203.0,5,Municipality,303075,1,Pimpalgaon Baswant,,,5
Maharashtra,204.0,5,Municipality,251336,1,Pulgaon,पुलगाव,802697,5
Maharashtra,205.0,5,Municipality,251421,2,Purna,पूर्ण,802758,5
Maharashtra,206.0,5,Municipality,251391,2,Pusad,पुसद,802730,5
Maharashtra,207.0,5,Municipality,251590,2,Rahimatpur,राहिमतपूर,802868,5
Maharashtra,208.0,5,Municipality,251543,2,Rahta Pimplas,राहाता पिंपलस,802825,5
Maharashtra,209.0,5,Municipality,251551,1,Rahuri,राहुरी,802830,5
Maharashtra,210.0,5,Municipality,251608,2,Rajapur,राजापूर,802876,5
Maharashtra,211.0,5,Municipality,296912,1,Rajgurunagar,राजगुरुनगर,555861,5
Maharashtra,212.0,5,Municipality,251384,2,Rajura,राजूरा,802725,5
Maharashtra,213.0,5,Municipality,251353,2,Ramtek,रामटेक,802707,5
Maharashtra,214.0,5,Municipality,251605,2,Ratnagiri,रत्नागिरी,802875,5
Maharashtra,215.0,5,Municipality,251287,2,Raver,रावेर,802651,5
Maharashtra,216.0,5,Municipality,251320,2,Risod,रीसोड,802682,5
Maharashtra,217.0,5,Municipality,251506,1,Roha Ashtami,रोहा अष्टमी,802803,5
Maharashtra,218.0,5,Municipality,251414,2,Sailu,सेलू,802751,5
Maharashtra,219.0,5,Municipality,276319,3,Sakoli,साकोली,537168,5
Maharashtra,220.0,5,Municipality,251539,3,Sangamner,संगमनेर,802822,5
Maharashtra,221.0,5,Municipality,251579,2,Sangole,सांगोला,7220,5
Maharashtra,222.0,5,Municipality,251532,2,Sasvad,सासवड,802817,5
Maharashtra,223.0,5,Municipality,251435,3,Satana,सटाणा,802771,5
Maharashtra,224.0,5,Municipality,251593,9,Satara,सातारा,802869,5
Maharashtra,225.0,5,Municipality,251286,1,Savda,सावधा,802650,5
Maharashtra,226.0,5,Municipality,251344,2,Savner,सावनेर,802705,5
Maharashtra,227.0,5,Municipality,251613,2,Sawantwadi,सावंतवाडी,802880,5
Maharashtra,228.0,5,Municipality,251277,3,Shahade,शाहाडे,802641,5
Maharashtra,229.0,5,Municipality,251299,4,Shegaon,शेगाव,802663,5
Maharashtra,230.0,5,Municipality,251327,1,Shendurjana,शेंदुरजना,802689,5
Maharashtra,231.0,5,Municipality,276331,3,Shevgaon,शेवगांव,557863,5
Maharashtra,232.0,5,Municipality,276635,2,Shirol,शिरोल,04286,5
Maharashtra,233.0,5,Municipality,251280,2,Shirpur-Warwade,शिरपूर-वारावडे,802644,5
Maharashtra,234.0,5,Municipality,251518,4,Shirur,शिरूर,802807,5
Maharashtra,235.0,5,Municipality,251553,2,Shrigonda,श्रीगोंदा,802832,5
Maharashtra,236.0,5,Municipality,251544,2,Shrirampur,श्रीरामपूर,802826,5
Maharashtra,237.0,5,Municipality,251511,2,Shrivardhan,श्रीवर्धन,802804,5
Maharashtra,238.0,5,Municipality,297092,2,Sillod Municipal Council,सिल्लोड नगरपरिषद,7125,5
Maharashtra,239.0,5,Municipality,251333,2,Sindi,सिंडी,802695,5
Maharashtra,240.0,5,Municipality,251307,2,Sindkhed Raja,सिंदखेड राजा,802671,5
Maharashtra,241.0,5,Municipality,251447,2,Sinnar,सिन्नर,802780,5
Maharashtra,242.0,5,Municipality,251419,2,Sonpeth,सोनापेथ,802756,5
Maharashtra,243.0,5,Municipality,251522,1,Talegaon Dabhade,तळेगाव दाभाडे,802809,5
Maharashtra,244.0,5,Municipality,251275,2,Talode,तालोडे,802640,5
Maharashtra,245.0,5,Municipality,251636,2,Tasgaon,तसगाव,802894,5
Maharashtra,246.0,5,Municipality,251309,3,Telhara,तेल्हारा,802673,5
Maharashtra,247.0,5,Municipality,251370,3,Tirora,तिरोरा,802715,5
Maharashtra,248.0,5,Municipality,251441,1,Trimbak,त्रंबक,802775,5
Maharashtra,249.0,5,Municipality,251570,1,Tuljapur,तुळजापूर,802849,5
Maharashtra,250.0,5,Municipality,248079,2,Tumsar,तुमसर,802712,5
Maharashtra,251.0,5,Municipality,251565,2,Udgir,उदगीर,802844,5
Maharashtra,252.0,5,Municipality,251573,1,Umarga,उमरगा,802852,5
Maharashtra,253.0,5,Municipality,251393,3,Umarkhed,उमरखेड,802731,5
Maharashtra,254.0,5,Municipality,251366,1,Umred,उमरेड,802711,5
Maharashtra,255.0,5,Municipality,251491,1,Uran,उरण,802795,5
Maharashtra,256.0,5,Municipality,251633,2,Uran Islampur,उरण इस्लामपूर,802891,5
Maharashtra,257.0,5,Municipality,251616,2,Vadgaon Kasba,वडगाव कसबा,802883,5
Maharashtra,258.0,5,Municipality,251431,1,Vaijapur,वैजापूर,802768,5
Maharashtra,259.0,5,Municipality,276273,1,Varangaon,वरणगांव,527150,5
Maharashtra,260.0,5,Municipality,251611,2,Vengurla,वेंगुर्ला,802879,5
Maharashtra,261.0,5,Municipality,251635,3,Vita,विटा,802893,5
Maharashtra,262.0,5,Municipality,277475,1,Wadgaon,वडगांव,541656,5
Maharashtra,263.0,5,Municipality,251359,2,Wadi,वाडी,535970,5
Maharashtra,264.0,5,Municipality,251586,1,Wai,वाई,802865,5
Maharashtra,265.0,5,Municipality,251363,2,Wanadongri,वानाडोंगरी,536125,5
Maharashtra,266.0,5,Municipality,251397,2,Wani,वणी,802734,5
Maharashtra,267.0,5,Municipality,251334,1,Wardha,वर्धा,802696,5
Maharashtra,268.0,5,Municipality,251376,2,Warora,वॉरोरा,802719,5
Maharashtra,269.0,5,Municipality,251326,2,Warud,वरूड,802688,5
Maharashtra,270.0,5,Municipality,251319,3,Washim,वाशिम,802681,5
Maharashtra,271.0,5,Municipality,251386,9,Yavatmal,यवतमाळ,802727,5
Maharashtra,272.0,5,Municipality,251284,4,Yawal,यावल,802648,5
Maharashtra,273.0,5,Municipality,251450,2,Yevla,येवला,802781,5
Maharashtra,274.0,7,Nagar Panchayat,276327,3,Aheri,अहेरी,539998,7
Maharashtra,275.0,7,Nagar Panchayat,251630,2,Ajara,आजरा,567972,7
Maharashtra,276.0,7,Nagar Panchayat,275728,1,Akole,अकोले,554278,7
Maharashtra,277.0,7,Nagar Panchayat,300382,1,Angar,अनगर,,7
Maharashtra,278.0,7,Nagar Panchayat,258020,3,Ardhapur,अर्धापूर्,544645,7
Maharashtra,279.0,7,Nagar Panchayat,276366,2,Arjuni,अर्जुनी,537520,7
Maharashtra,280.0,7,Nagar Panchayat,275734,2,Ashti,आष्टी,535627,7
Maharashtra,281.0,7,Nagar Panchayat,276380,3,Ashti (Wardha),आष्टी,533465,7
Maharashtra,282.0,7,Nagar Panchayat,300410,1,Atpadi,आटपाडी,,7
Maharashtra,283.0,7,Nagar Panchayat,296909,1,Aundha Nagnath,औंढा नागनाथ,546018,7
Maharashtra,284.0,7,Nagar Panchayat,272842,2,Babhulgaon Nagar Panchayat,बाभूळगाव नगर पंचायत,542160,7
Maharashtra,285.0,7,Nagar Panchayat,276369,2,Badnapur,बदनापूर,547736,7
Maharashtra,286.0,7,Nagar Panchayat,301085,1,Bahadura Nagar Panchayat,Bahadura Nagar Panchayat,,7
Maharashtra,287.0,7,Nagar Panchayat,276332,6,Barshitakli,बार्शीटाकळी,530476,7
Maharashtra,288.0,7,Nagar Panchayat,301078,1,Besa Pipla Nagar Panchayat,Besa Pipla Nagar Panchayat,,7
Maharashtra,289.0,7,Nagar Panchayat,276283,2,Bhamragad,भामरागड,539754,7
Maharashtra,290.0,7,Nagar Panchayat,276290,4,Bhatkuli,भातकूली,532701,7
Maharashtra,291.0,7,Nagar Panchayat,300392,1,Bhisi,भिसी,,7
Maharashtra,292.0,7,Nagar Panchayat,263363,4,Bhiwapur,भिवापूर,536621,7
Maharashtra,293.0,7,Nagar Panchayat,303126,1,Bidgaon Tarodi Khurd Pandhurna,,,7
Maharashtra,294.0,7,Nagar Panchayat,276272,2,Bodwad,बोदवड,527082,7
Maharashtra,295.0,7,Nagar Panchayat,277411,2,Butibori,बुटीबोरी,535969,7
Maharashtra,296.0,7,Nagar Panchayat,276375,2,Chakur,चाकूर,560510,7
Maharashtra,297.0,7,Nagar Panchayat,276329,3,Chamorshi,चामोर्शी,539228,7
Maharashtra,298.0,7,Nagar Panchayat,290433,2,Chandgad.,चंदगड,568092,7
Maharashtra,299.0,7,Nagar Panchayat,276417,2,Dahiwadi,दहिवडी,551168,7
Maharashtra,300.0,7,Nagar Panchayat,251599,2,Dapoli Camp,दापोली,802872,7
Maharashtra,301.0,7,Nagar Panchayat,298888,1,Dehu,देहू,,7
Maharashtra,302.0,7,Nagar Panchayat,276277,3,Deola,देवळा,549681,7
Maharashtra,303.0,7,Nagar Panchayat,276377,4,Deoni (Bk),देवणी,560922,7
Maharashtra,304.0,7,Nagar Panchayat,276363,2,Deori,देवरी,538467,7
Maharashtra,305.0,7,Nagar Panchayat,276321,4,Devgad-Jamsande,देवगड-जामसांडे,566311,7
Maharashtra,306.0,7,Nagar Panchayat,259684,2,Devrukh,देवरुख,259684,7
Maharashtra,307.0,7,Nagar Panchayat,276345,2,Dhadgaon,धडगांव,525237,7
Maharashtra,308.0,7,Nagar Panchayat,290430,4,Dhanki,ढाणकी,543000,7
Maharashtra,309.0,7,Nagar Panchayat,276284,2,Dhanora,धनोरा,548658,7
Maharashtra,310.0,7,Nagar Panchayat,276292,2,Dharni,धारणी,531532,7
Maharashtra,311.0,7,Nagar Panchayat,276276,3,Dindori,दिंडोरी,550649,7
Maharashtra,312.0,7,Nagar Panchayat,276330,2,Etapalli,एटापल्ली,539650,7
Maharashtra,313.0,7,Nagar Panchayat,276353,10,Fulambri,फुलंब्री,548730,7
Maharashtra,314.0,7,Nagar Panchayat,276370,2,Ghansawangi,घनसावंगी,547961,7
Maharashtra,315.0,7,Nagar Panchayat,303128,1,Godhani Railway,,,7
Maharashtra,316.0,7,Nagar Panchayat,276358,2,Gondpimpri,गोंडपिंपरी,8474,7
Maharashtra,317.0,7,Nagar Panchayat,251510,1,Goregaon,गोरेगाव,537675,7
Maharashtra,318.0,7,Nagar Panchayat,251604,1,Guhagar,गुहागर,251604,7
Maharashtra,319.0,7,Nagar Panchayat,290434,2,Hatkanangale.,हातकणंगले,,7
Maharashtra,320.0,7,Nagar Panchayat,276606,2,Himayatnagar Nagarpanchayat,हिमायतनगर नगर पंचायत,544400,7
Maharashtra,321.0,7,Nagar Panchayat,263362,4,Hingna,हिंगणा,535269,7
Maharashtra,322.0,7,Nagar Panchayat,276372,2,Jafrabad,जाफ़्राबाद,547443,7
Maharashtra,323.0,7,Nagar Panchayat,276373,2,Jalkot,जळकोट,560431,7
Maharashtra,324.0,7,Nagar Panchayat,276355,2,Jiwati,जिवती,16602,7
Maharashtra,325.0,7,Nagar Panchayat,290358,2,Kadegaon.,कडेगाव,568486,7
Maharashtra,326.0,7,Nagar Panchayat,259696,4,Kaij,केज,802836,7
Maharashtra,327.0,7,Nagar Panchayat,266073,4,Kalamb Nagar Panchayat,कळंब नगर पंचायत,542234,7
Maharashtra,328.0,7,Nagar Panchayat,276278,2,Kalwan,कळवण,549915,7
Maharashtra,329.0,7,Nagar Panchayat,301086,1,Kandri Kanhan Nagar Panchayat,Kandri Kanhan Nagar Panchayat,,7
Maharashtra,330.0,7,Nagar Panchayat,251609,2,Kankavli,कणकवली,802877,7
Maharashtra,331.0,7,Nagar Panchayat,276633,6,Karanja Wardha,कारंजा,802680,7
Maharashtra,332.0,7,Nagar Panchayat,275729,2,Karjat,कर्जत,558631,7
Maharashtra,333.0,7,Nagar Panchayat,263884,3,Kasai Dodamarg,कसाई दोडामार्ग  नगर पंचायत,566944,7
Maharashtra,334.0,7,Nagar Panchayat,276346,2,Kavthemahankal,कवठेमहांकाळ,568794,7
Maharashtra,335.0,7,Nagar Panchayat,276267,2,Khalapur,खालापूर,553748,7
Maharashtra,336.0,7,Nagar Panchayat,276348,2,Khanapur,खानापूर,568552,7
Maharashtra,337.0,7,Nagar Panchayat,276383,2,Khandala,खंडाळा,535644,7
Maharashtra,338.0,7,Nagar Panchayat,303129,1,Kondhali,,,7
Maharashtra,339.0,7,Nagar Panchayat,305207,1,Korchi,कोरची,000000,7
Maharashtra,340.0,7,Nagar Panchayat,276381,2,Koregaon,कोरेगांव,563744,7
Maharashtra,341.0,7,Nagar Panchayat,276357,2,Korpana,कोरपणा,541560,7
Maharashtra,342.0,7,Nagar Panchayat,251612,1,Kudal,कुडाळ,566839,7
Maharashtra,343.0,7,Nagar Panchayat,263364,3,Kuhi Nagar Parishad,कुही,,7
Maharashtra,344.0,7,Nagar Panchayat,276286,4,Kurkheda,कूरखेडा,538734,7
Maharashtra,345.0,7,Nagar Panchayat,276324,2,Lakhandur,लाखांदूर,537497,7
Maharashtra,346.0,7,Nagar Panchayat,276323,2,Lakhani,लाखणी,537190,7
Maharashtra,347.0,7,Nagar Panchayat,251607,2,Lanja,लांजा,251607,7
Maharashtra,348.0,7,Nagar Panchayat,276313,2,Lohara (Bk),लोहरा (बु),561640,7
Maharashtra,349.0,7,Nagar Panchayat,276414,3,Lonand,लोणंद,563232,7
Maharashtra,350.0,7,Nagar Panchayat,276302,2,Madha,माढा,04245,7
Maharashtra,351.0,7,Nagar Panchayat,251358,2,Mahadula,महादुला,535809,7
Maharashtra,352.0,7,Nagar Panchayat,276309,2,Mahagaon,महागांव,543170,7
Maharashtra,353.0,7,Nagar Panchayat,258024,3,Mahur,माहूर,556515,7
Maharashtra,354.0,7,Nagar Panchayat,276293,2,Malegaon,मालेगाव,530646,7
Maharashtra,355.0,7,Nagar Panchayat,300394,1,Malegaon Budruk,माळेगाव (बु.),,7
Maharashtra,356.0,7,Nagar Panchayat,251314,2,Malkapur,मलकापूर,802871,7
Maharashtra,357.0,7,Nagar Panchayat,276303,2,Malshiras,माळशिरस,562439,7
Maharashtra,358.0,7,Nagar Panchayat,300391,1,Manchar,मंचर,,7
Maharashtra,359.0,7,Nagar Panchayat,276295,2,Mandangad,मंडणगड,276295,7
Maharashtra,360.0,7,Nagar Panchayat,276268,3,Mangaon,माणगांव,554652,7
Maharashtra,361.0,7,Nagar Panchayat,276294,2,Manora,मनोरा,04,7
Maharashtra,362.0,7,Nagar Panchayat,276371,2,Mantha,मंठा,548208,7
Maharashtra,363.0,7,Nagar Panchayat,276310,3,Maregaon,मारेगांव,543786,7
Maharashtra,364.0,7,Nagar Panchayat,276415,2,Medha,मेधा,564121,7
Maharashtra,365.0,7,Nagar Panchayat,251512,1,Mhasla,म्हसळा,554960,7
Maharashtra,366.0,7,Nagar Panchayat,276325,2,Mohadi,मोहाडी,536901,7
Maharashtra,367.0,7,Nagar Panchayat,276317,3,Mokhada,मोखाडा,551969,7
Maharashtra,368.0,7,Nagar Panchayat,276275,3,Motala,मेाताला,528754,7
Maharashtra,369.0,7,Nagar Panchayat,259672,3,Mouda,मौदा,535734,7
Maharashtra,370.0,7,Nagar Panchayat,276421,2,Muktainagar,मुक्ताईनगर,527028,7
Maharashtra,371.0,7,Nagar Panchayat,276287,3,Mulchera,मूलचेरा,539451,7
Maharashtra,372.0,7,Nagar Panchayat,251487,2,Murbad,मुरबाड,553290,7
Maharashtra,373.0,7,Nagar Panchayat,276623,2,Naigaon (Khairgaon),नाइगांव,543478,7
Maharashtra,374.0,7,Nagar Panchayat,276291,2,Nandgaon Khandeshwar,नांदगाव खंंडेश्वर,04012,7
Maharashtra,375.0,7,Nagar Panchayat,300384,1,Natepute,नातेपुते,,7
Maharashtra,376.0,7,Nagar Panchayat,276320,2,Nevasa,नेवासा खु.,557710,7
Maharashtra,377.0,7,Nagar Panchayat,303130,1,NIldoh,,,7
Maharashtra,378.0,7,Nagar Panchayat,276279,6,Niphad,निफाड,551368,7
Maharashtra,379.0,7,Nagar Panchayat,276297,2,Palam,पालम,0174,7
Maharashtra,380.0,7,Nagar Panchayat,300027,1,Pali,पाली,,7
Maharashtra,381.0,7,Nagar Panchayat,275730,1,Parner,पारनेर,558320,7
Maharashtra,382.0,7,Nagar Panchayat,276305,6,Parshivni,पारशिवनी,535404,7
Maharashtra,383.0,7,Nagar Panchayat,251596,1,Patan,पाटण,564465,7
Maharashtra,384.0,7,Nagar Panchayat,275732,3,Patoda.,पाटोदा,548078,7
Maharashtra,385.0,7,Nagar Panchayat,276280,2,Peth,पेठ,560178,7
Maharashtra,386.0,7,Nagar Panchayat,303133,1,Pimpalner Nagar Pnchayat,,,7
Maharashtra,387.0,7,Nagar Panchayat,276636,2,Poladpur,पोलादपूर,555230,7
Maharashtra,388.0,7,Nagar Panchayat,276359,2,Pombhurna,पोंभूर्णा,541483,7
Maharashtra,389.0,7,Nagar Panchayat,276308,4,Ralegaon,राळेगांव,543581,7
Maharashtra,390.0,7,Nagar Panchayat,276376,4,Renapur,रेनापूर,560262,7
Maharashtra,391.0,7,Nagar Panchayat,276368,2,Sadak-Arjuni,सडकअर्जुनी,538130,7
Maharashtra,392.0,7,Nagar Panchayat,276339,2,Sakri,साक्री,526464,7
Maharashtra,393.0,7,Nagar Panchayat,276365,3,Salekasa,सालेकसा,175633,7
Maharashtra,394.0,7,Nagar Panchayat,276379,2,Samudrapur,समुद्रपुर,534619,7
Maharashtra,395.0,7,Nagar Panchayat,276274,2,Sangrampur,संग्रामपूर,528353,7
Maharashtra,396.0,7,Nagar Panchayat,276356,2,Saoli,सावली,540861,7
Maharashtra,397.0,7,Nagar Panchayat,276378,2,Seloo,सेळू,802751,7
Maharashtra,398.0,7,Nagar Panchayat,296910,1,Sengaon,सेनगावं,545809,7
Maharashtra,399.0,7,Nagar Panchayat,276333,2,Shahapur,शहापूर,533384,7
Maharashtra,400.0,7,Nagar Panchayat,277413,1,Shendurni,शेंदुर्णी,550214,7
Maharashtra,401.0,7,Nagar Panchayat,276349,2,Shirala,शिराळा,568295,7
Maharashtra,402.0,7,Nagar Panchayat,251542,3,Shirdi,शिर्डी,802824,7
Maharashtra,403.0,7,Nagar Panchayat,276374,2,Shirur-Anantpal,शिरुर-अनंतपाल,560562,7
Maharashtra,404.0,7,Nagar Panchayat,275726,2,Shirur Kasar,शिरुर कासार,559021,7
Maharashtra,405.0,7,Nagar Panchayat,276362,3,Sindewahi,सिंदेवाही,541049,7
Maharashtra,406.0,7,Nagar Panchayat,259701,3,Sindhakeda,सिंदखेडा,526155,7
Maharashtra,407.0,7,Nagar Panchayat,276288,2,Sironcha,सिरोंचा,540146,7
Maharashtra,408.0,7,Nagar Panchayat,251436,2,Soyagaon,सोयगाव,548490,7
Maharashtra,409.0,7,Nagar Panchayat,251434,1,Surgana,सुरगाणा,549783,7
Maharashtra,410.0,7,Nagar Panchayat,276270,4,Tala,तळा,554759,7
Maharashtra,411.0,7,Nagar Panchayat,276315,2,Talasari,तलासरी,551566,7
Maharashtra,412.0,7,Nagar Panchayat,276289,3,Tiwsa,तिवसा,532528,7
Maharashtra,413.0,7,Nagar Panchayat,263834,2,Vabhave Vaibhavwadi Nagar Panchayat,वाभवे -वैभववाडी,566375,7
Maharashtra,414.0,7,Nagar Panchayat,276637,2,Vadgaon Mawal,वडगाव मावळ,556053,7
Maharashtra,415.0,7,Nagar Panchayat,276416,2,Vaduj,वडुज,563537,7
Maharashtra,416.0,7,Nagar Panchayat,300385,2,Vairag,वैराग,,7
Maharashtra,417.0,7,Nagar Panchayat,276316,2,Vikramgad,विक्रमगड,551844,7
Maharashtra,418.0,7,Nagar Panchayat,276318,2,Wada,वाडा,552182,7
Maharashtra,419.0,7,Nagar Panchayat,275731,1,Wadvani,वडवणी,559435,7
Maharashtra,420.0,7,Nagar Panchayat,276312,2,Washi,वाशी,567438,7
Maharashtra,421.0,7,Nagar Panchayat,303131,1,Yerkheda,,,7
Maharashtra,422.0,7,Nagar Panchayat,272845,3,Zari Zamani,झरी झामणी,543914,7
Maharashtra,,,,,,,,,
Maharashtra,"Sep 5, 2026, 6:43 PM",,,,,,,,
Manipur,,,,,,(In English),(In Local),,
Manipur,1.0,4,Municipal Corporation,276547,2,Imphal,Imphal,000000,4
Manipur,2.0,5,Municipal Council,276527,3,Andro,Andro,000000,5
Manipur,3.0,5,Municipal Council,276501,2,Bishnupur,Bishnupur,000000,5
Manipur,4.0,5,Municipal Council,276546,3,Heirok,Heirok,000000,5
Manipur,5.0,5,Municipal Council,276503,2,Jiribam,Jiribam,000000,5
Manipur,6.0,5,Municipal Council,276500,2,Kakching,Kakching,000000,5
Manipur,7.0,5,Municipal Council,276536,2,Kakching Khunou,Kakching Khunou,000000,5
Manipur,8.0,5,Municipal Council,276505,2,Kumbi,Kumbi,000000,5
Manipur,9.0,5,Municipal Council,276525,2,Kwakta,Kwakta,000000,5
Manipur,10.0,5,Municipal Council,276508,2,Lamlai,Lamlai,000000,5
Manipur,11.0,5,Municipal Council,276545,3,Lamsang,Lamsang,000000,5
Manipur,12.0,5,Municipal Council,276548,3,Lilong (Imphal West),Lilong (Imphal West),000000,5
Manipur,13.0,5,Municipal Council,276502,3,Lilong (Thoubal),Lilong (Thoubal),000000,5
Manipur,14.0,5,Municipal Council,276552,2,Mayang Imphal,Mayang Imphal,000000,5
Manipur,15.0,5,Municipal Council,276514,2,Moirang,Moirang,000000,5
Manipur,16.0,5,Municipal Council,276515,3,Nambol,Nambol,000000,5
Manipur,17.0,5,Municipal Council,276530,2,Ningthoukhong,Ningthoukhong,000000,5
Manipur,18.0,5,Municipal Council,276506,2,Oinam,Oinam,000000,5
Manipur,19.0,5,Municipal Council,276551,2,Samourou,Samourou,000000,5
Manipur,20.0,5,Municipal Council,276553,3,Sekmai,Sekmai,000000,5
Manipur,21.0,5,Municipal Council,276509,2,Shikhong Sekmai,Shikhong Sekmai,000000,5
Manipur,22.0,5,Municipal Council,276510,2,Sugunu,Sugunu,000000,5
Manipur,23.0,5,Municipal Council,276550,2,Thongkhong Laxmi,Thongkhong Laxmi,000000,5
Manipur,24.0,5,Municipal Council,276498,2,Thoubal,Thoubal,000000,5
Manipur,25.0,5,Municipal Council,276511,2,Wangjing Lamding,Wangjing Lamding,000000,5
Manipur,26.0,5,Municipal Council,276549,2,Wangoi,Wangoi,000000,5
Manipur,27.0,5,Municipal Council,276513,2,Yairipok,Yairipok,000000,5
Manipur,,,,,,,,,
Manipur,"Sep 5, 2026, 6:44 PM",,,,,,,,
Meghalaya,,,,,,(In English),(In Local),,
Meghalaya,1.0,5,Municipal Board,249809,1,Baghmara,Baghmara,801539,5
Meghalaya,2.0,5,Municipal Board,249820,1,Jowai,Jowai,801545,5
Meghalaya,3.0,5,Municipal Board,249807,1,Resubelpara,Resubelpara,801537,5
Meghalaya,4.0,5,Municipal Board,249814,1,Shillong,Shillong,801544,5
Meghalaya,5.0,5,Municipal Board,249806,1,Tura Municipal Board,Tura Municipal Board,801536,5
Meghalaya,6.0,5,Municipal Board,249808,1,Williamnagar,Williamnagar,801538,5
Meghalaya,7.0,7,Town Committee,279714,1,Khliehriat,Khliehriat,000000,7
Meghalaya,8.0,7,Town Committee,249811,1,Mairang,Mairang,801541,7
Meghalaya,9.0,7,Town Committee,282009,1,Mawkyrwat,Mawkyrwat,000000,7
Meghalaya,10.0,7,Town Committee,249812,2,Nongpoh,Nongpoh,801542,7
Meghalaya,11.0,7,Town Committee,249810,1,Nongstoin,Nongstoin,801540,7
Meghalaya,,,,,,,,,
Meghalaya,"Sep 5, 2026, 6:45 PM",,,,,,,,
Mizoram,,,,,,(In English),(In Local),,
Mizoram,1.0,4,Municipal Corporation,277318,3,Aizawl Municipal Co-Operation,Aizawl Municipal Co-Operation,000000,4
Mizoram,2.0,6,Notified Area Council,249770,2,Aizawl,Aizawl,801506,6
Mizoram,3.0,6,Notified Area Council,249765,1,Bairabi,Bairabi,801502,6
Mizoram,4.0,6,Notified Area Council,249775,2,Biate,Biate,801511,6
Mizoram,5.0,6,Notified Area Council,249773,2,Champhai,Champhai,801510,6
Mizoram,6.0,6,Notified Area Council,249768,2,Darlawn,Darlawn,801504,6
Mizoram,7.0,6,Notified Area Council,249781,2,Hnahthial,Hnahthial,801517,6
Mizoram,8.0,6,Notified Area Council,249774,2,Khawhai,Khawhai,801509,6
Mizoram,9.0,6,Notified Area Council,249772,2,Khawzawl,Khawzawl,801508,6
Mizoram,10.0,6,Notified Area Council,249766,1,Kolasib,Kolasib,801503,6
Mizoram,11.0,6,Notified Area Council,249763,1,Lengpui,Lengpui,801499,6
Mizoram,12.0,6,Notified Area Council,249780,2,Lunglei,Lunglei,801516,6
Mizoram,13.0,6,Notified Area Council,249762,2,Mamit,Mamit,801498,6
Mizoram,14.0,6,Notified Area Council,249767,1,N.Kawnpui,N.Kawnpui,801500,6
Mizoram,15.0,6,Notified Area Council,249778,2,N.Vanlaiphai,N.Vanlaiphai,801514,6
Mizoram,16.0,6,Notified Area Council,249782,1,Saiha,Saiha,801519,6
Mizoram,17.0,6,Notified Area Council,249769,2,Sairang,Sairang,801505,6
Mizoram,18.0,6,Notified Area Council,249771,2,Saitual,Saitual,801507,6
Mizoram,19.0,6,Notified Area Council,249776,1,Serchhip,Serchhip,801512,6
Mizoram,20.0,6,Notified Area Council,249777,1,Thenzawl,Thenzawl,801513,6
Mizoram,21.0,6,Notified Area Council,249779,2,Tlabung,Tlabung,801515,6
Mizoram,22.0,6,Notified Area Council,249764,1,Vairengte,Vairengte,801501,6
Mizoram,23.0,6,Notified Area Council,249761,2,Zawlnuam,Zawlnuam,801497,6
Mizoram,,,,,,,,,
Mizoram,"Sep 5, 2026, 6:46 PM",,,,,,,,
Nagaland,,,,,,(In English),(In Local),,
Nagaland,1.0,5,Municipality,249720,2,Dimapur Municipal Council,Dimapur Municipal Council,801457,5
Nagaland,2.0,5,Municipality,249722,3,Kohima Municipal Council,Kohima Municipal Council,801466,5
Nagaland,3.0,5,Municipality,249717,2,Mokokchung Municipal Council,Mokokchung Municipal Council,801454,5
Nagaland,4.0,7,Town Council,276216,1,Aboi Town Council,Aboi Town Council,000000,7
Nagaland,5.0,7,Town Council,299085,1,Aghunato Town Council,Aghunato Town Council,000000,7
Nagaland,6.0,7,Town Council,299086,1,Atoizu Town Council,Atoizu Town Council,000000,7
Nagaland,7.0,7,Town Council,276219,1,Bhandari Town Council,Bhandari Town Council,000000,7
Nagaland,8.0,7,Town Council,253207,2,Changtongya Town Council,Changtongya Town Council,801453,7
Nagaland,9.0,7,Town Council,299088,3,Chiephobozou Town Council,Chiephobozou Town Council,000000,7
Nagaland,10.0,7,Town Council,276220,2,Chozuba Town Council,Chozuba Town Council,000000,7
Nagaland,11.0,7,Town Council,249721,3,Chumukedima Town Council,Chumukedima Town Council,801458,7
Nagaland,12.0,7,Town Council,276217,6,East Dimapur Town Council,East Dimapur Town Council,000000,7
Nagaland,13.0,7,Town Council,253205,1,Jalukie Town Council,Jalukie Town Council,801467,7
Nagaland,14.0,7,Town Council,253202,2,Kiphire Town Council,Kiphire Town Council,801464,7
Nagaland,15.0,7,Town Council,276218,2,Longkhim Town Council,Longkhim Town Council,000000,7
Nagaland,16.0,7,Town Council,253201,1,Longleng Town Council,Longleng Town Council,801463,7
Nagaland,17.0,7,Town Council,276221,1,Mangkolemba Town Council,Mangkolemba Town Council,000000,7
Nagaland,18.0,7,Town Council,253213,3,Medziphema Town Council,Medziphema Town Council,801459,7
Nagaland,19.0,7,Town Council,276222,5,Meluri Town Council,Meluri Town Council,000000,7
Nagaland,20.0,7,Town Council,249715,1,Mon Town Council,Mon Town Council,801451,7
Nagaland,21.0,7,Town Council,253203,1,Naginimora Town Council,Naginimora Town Council,801450,7
Nagaland,22.0,7,Town Council,299083,3,Niuland Town Council,Niuland Town Council,000000,7
Nagaland,23.0,7,Town Council,276223,4,Noklak Town Council,Noklak Town Council,000000,7
Nagaland,24.0,7,Town Council,253204,1,Peren Town Council,Peren Town Council,801468,7
Nagaland,25.0,7,Town Council,253210,4,Pfutsero Town Council,Pfutsero Town Council,801461,7
Nagaland,26.0,7,Town Council,249723,3,Phek Town Council,Phek Town Council,801460,7
Nagaland,27.0,7,Town Council,276224,2,Pungro Town Council,Pungro Town Council,000000,7
Nagaland,28.0,7,Town Council,299087,1,Satakha Town Council,Satakha Town Council,000000,7
Nagaland,29.0,7,Town Council,299082,3,Seyochung Town Council,Seyochung Town Council,000000,7
Nagaland,30.0,7,Town Council,276225,3,Shamator Town Council,Shamator Town Council,000000,7
Nagaland,31.0,7,Town Council,299084,1,Tamlu Town Council,Tamlu Town Council,000000,7
Nagaland,32.0,7,Town Council,276226,1,Tening Town Council,Tening Town Council,000000,7
Nagaland,33.0,7,Town Council,276227,1,Tizit Town Council,Tizit Town Council,000000,7
Nagaland,34.0,7,Town Council,276228,1,Tobu Town Council,Tobu Town Council,000000,7
Nagaland,35.0,7,Town Council,253209,4,Tseminyu Town Council,Tseminyu Town Council,801465,7
Nagaland,36.0,7,Town Council,249716,2,Tuensang Town Council,Tuensang Town Council,801462,7
Nagaland,37.0,7,Town Council,253206,2,Tuli Town Council,Tuli Town Council,801452,7
Nagaland,38.0,7,Town Council,249719,1,Wokha Town Council,Wokha Town Council,801456,7
Nagaland,39.0,7,Town Council,249718,2,Zunheboto Town Council,Zunheboto Town Council,801455,7
Nagaland,,,,,,,,,
Nagaland,"Sep 5, 2026, 6:47 PM",,,,,,,,
Odisha,,,,,,(In English),(In Local),,
Odisha,1.0,4,Municipal Corporation,250543,5,Berhampur,Berhampur,801881,4
Odisha,2.0,4,Municipal Corporation,250520,7,Bhubaneswar,Bhubaneswar,801859,4
Odisha,3.0,4,Municipal Corporation,250501,5,Cuttack,Cuttack,801844,4
Odisha,4.0,4,Municipal Corporation,250524,6,Puri,Puri,801863,4
Odisha,5.0,4,Municipal Corporation,250467,9,Raurkela,Raurkela,801819,4
Odisha,6.0,4,Municipal Corporation,253100,7,Sambalpur,Sambalpur,801813,4
Odisha,7.0,5,Municipality,250476,3,Anandapur,Anandapur,801824,5
Odisha,8.0,5,Municipality,248140,3,Anugola,ଅନୁଗୋଲା,801851,5
Odisha,9.0,5,Municipality,250529,4,Asika,Asika,801868,5
Odisha,10.0,5,Municipality,250555,2,Balangir,Balangir,801890,5
Odisha,11.0,5,Municipality,250486,1,Baleshwar,Baleshwar,801833,5
Odisha,12.0,5,Municipality,250469,2,Barbil,Barbil,801821,5
Odisha,13.0,5,Municipality,250448,2,Bargarh,Bargarh,801805,5
Odisha,14.0,5,Municipality,250481,4,Baripada,Baripada,801828,5
Odisha,15.0,5,Municipality,250489,3,Basudebpur,Basudebpur,801836,5
Odisha,16.0,5,Municipality,250450,3,Belpahar,Belpahar,801806,5
Odisha,17.0,5,Municipality,250487,3,Bhadrak,Bhadrak,801835,5
Odisha,18.0,5,Municipality,250526,9,Bhanjanagar,Bhanjanagar,801865,5
Odisha,19.0,5,Municipality,250558,4,Bhawanipatna,Bhawanipatna,801897,5
Odisha,20.0,5,Municipality,250462,2,Biramitrapur,Biramitrapur,801818,5
Odisha,21.0,5,Municipality,250548,7,Boudhgarh,Boudhgarh,801886,5
Odisha,22.0,5,Municipality,250451,3,Brajarajnagar,Brajarajnagar,801807,5
Odisha,23.0,5,Municipality,250537,4,Chhatrapur,Chhatrapur,801874,5
Odisha,24.0,5,Municipality,250494,4,Choudwar,Choudwar,801843,5
Odisha,25.0,5,Municipality,250457,4,Debagarh,Debagarh,801814,5
Odisha,26.0,5,Municipality,248060,3,Dhenkanal,Dhenkanal,801849,5
Odisha,27.0,5,Municipality,250564,3,Gunupur,Gunupur,801900,5
Odisha,28.0,5,Municipality,250542,3,Hinjilicut,Hinjilicut,801877,5
Odisha,29.0,5,Municipality,263336,2,Jagatsinghpur,Jagatsinghpur,801840,5
Odisha,30.0,5,Municipality,250503,2,Jajapur,Jajapur,801846,5
Odisha,31.0,5,Municipality,250482,3,Jaleswar,Jaleswar,801829,5
Odisha,32.0,5,Municipality,250516,2,Jatani,Jatani,801856,5
Odisha,33.0,5,Municipality,250574,2,Jeypur,Jeypur,801906,5
Odisha,34.0,5,Municipality,250452,2,Jharsuguda,Jharsuguda,801808,5
Odisha,35.0,5,Municipality,250471,3,Joda,Joda,801822,5
Odisha,36.0,5,Municipality,250532,5,Kavisurjyanagar,Kavisurjyanagar,801869,5
Odisha,37.0,5,Municipality,250491,2,Kendrapara,Kendrapara,801838,5
Odisha,38.0,5,Municipality,250474,3,Kendujhar,Kendujhar,801823,5
Odisha,39.0,5,Municipality,250514,2,Khordha,Khordha,801855,5
Odisha,40.0,5,Municipality,250571,4,Koraput,Koraput,801905,5
Odisha,41.0,5,Municipality,263345,3,Malkangiri,Malkangiri,801908,5
Odisha,42.0,5,Municipality,250569,2,Nabarangapur,Nabarangapur,801903,5
Odisha,43.0,5,Municipality,250512,3,Nayagarh,ନୟାଗଡ଼,801854,5
Odisha,44.0,5,Municipality,263324,5,Paradeep,Paradeep,801839,5
Odisha,45.0,5,Municipality,250544,4,Paralakhemundi,Paralakhemundi,801883,5
Odisha,46.0,5,Municipality,250490,3,Pattamundai,Pattamundai,801837,5
Odisha,47.0,5,Municipality,250546,3,Phulabani,Phulabani,801884,5
Odisha,48.0,5,Municipality,250533,4,Polasara,Polasara,801870,5
Odisha,49.0,5,Municipality,250478,4,Rairangpur,Rairangpur,801825,5
Odisha,50.0,5,Municipality,250459,2,Rajagangapur,Rajagangapur,801816,5
Odisha,51.0,5,Municipality,250565,3,Rayagada,Rayagada,801899,5
Odisha,52.0,5,Municipality,250550,2,Sonapur,Sonapur,801888,5
Odisha,53.0,5,Municipality,250485,3,Soro,Soro,801832,5
Odisha,54.0,5,Municipality,250573,4,Sunabeda,Sunabeda,801907,5
Odisha,55.0,5,Municipality,250458,3,Sundargarh,Sundargarh,801815,5
Odisha,56.0,5,Municipality,248141,2,Talcher,Talcher,801850,5
Odisha,57.0,5,Municipality,250553,5,Titlagarh,Titlagarh,801893,5
Odisha,58.0,5,Municipality,250567,3,Umarkote,Umarkote,801902,5
Odisha,59.0,5,Municipality,250502,2,Vyasanagar,Vyasanagar,801845,5
Odisha,60.0,6,Notified Area Council,250498,2,Athagad,Athagad,801842,6
Odisha,61.0,6,Notified Area Council,248142,2,Athamallik,Athamallik,801852,6
Odisha,62.0,6,Notified Area Council,259705,2,Attabira,Attabira,000000,6
Odisha,63.0,6,Notified Area Council,305598,2,Badamba,ବଦାମ୍ବା,000000,6
Odisha,64.0,6,Notified Area Council,263005,1,Baliguda,BALIGUDA,000000,6
Odisha,65.0,6,Notified Area Council,250576,3,Balimela,Balimela,801909,6
Odisha,66.0,6,Notified Area Council,250517,4,Balugaon,Balugaon,801857,6
Odisha,67.0,6,Notified Area Council,305597,2,Bamra,ବାମ୍ରା,000000,6
Odisha,68.0,6,Notified Area Council,250519,3,Banapur,Banapur,801858,6
Odisha,69.0,6,Notified Area Council,305635,4,Bangiriposhi,,,6
Odisha,70.0,6,Notified Area Council,250500,2,Banki,Banki,801841,6
Odisha,71.0,6,Notified Area Council,250447,2,Barapali,Barapali,801804,6
Odisha,72.0,6,Notified Area Council,305571,6,Basta,ବାସ୍ଟା,000000,6
Odisha,73.0,6,Notified Area Council,250527,3,Bellaguntha,Bellaguntha,801866,6
Odisha,74.0,6,Notified Area Council,305636,3,Betnoti,,,6
Odisha,75.0,6,Notified Area Council,248059,5,Bhuban,Bhuban,801848,6
Odisha,76.0,6,Notified Area Council,276628,1,Bijepur,BIJEPUR,000000,6
Odisha,77.0,6,Notified Area Council,250551,2,Binika,Binika,801887,6
Odisha,78.0,6,Notified Area Council,305620,4,Biramaharajpur,,,6
Odisha,79.0,6,Notified Area Council,305564,4,Bissamcuttack,ବିସାମକଟାକ,000000,6
Odisha,80.0,6,Notified Area Council,305565,2,Borigumma,ବୋରିଗୁମ୍ମା,000000,6
Odisha,81.0,6,Notified Area Council,250525,2,Buguda,Buguda,801864,6
Odisha,82.0,6,Notified Area Council,263000,2,Champua,CHAMPUA,000000,6
Odisha,83.0,6,Notified Area Council,276631,2,Chandabali,Chandabali,000000,6
Odisha,84.0,6,Notified Area Council,305566,10,Chandikhol,ଚଣ୍ଡିଖୋଲ,000000,6
Odisha,85.0,6,Notified Area Council,250540,3,Chikiti,Chikiti,801880,6
Odisha,86.0,6,Notified Area Council,305710,1,Chitrada,,,6
Odisha,87.0,6,Notified Area Council,262987,2,Dasapalla,DASAPALLA,000000,6
Odisha,88.0,6,Notified Area Council,276632,2,Dhamanagar,Dhamanagar,801834,6
Odisha,89.0,6,Notified Area Council,263009,3,Dharmagarh,DHARMAGARH,000000,6
Odisha,90.0,6,Notified Area Council,305573,3,Dhusuri,ଧୁସୁରୀ,000000,6
Odisha,91.0,6,Notified Area Council,250541,2,Digapahandi,Digapahandi,801879,6
Odisha,92.0,6,Notified Area Council,250538,2,Ganjam,Ganjam,801875,6
Odisha,93.0,6,Notified Area Council,305567,3,Gondia,ଗୋଣ୍ଡିଆ,000000,6
Odisha,94.0,6,Notified Area Council,250539,3,Gopalpur,Gopalpur,801878,6
Odisha,95.0,6,Notified Area Council,250563,2,Gudari,Gudari,801901,6
Odisha,96.0,6,Notified Area Council,250547,2,G. Udayagiri,G. Udayagiri,801885,6
Odisha,97.0,6,Notified Area Council,259680,2,Hindol,Hindol,000000,6
Odisha,98.0,6,Notified Area Council,305697,2,Jagannathprasad,,,6
Odisha,99.0,6,Notified Area Council,305638,2,Jashipur,,,6
Odisha,100.0,6,Notified Area Council,305568,2,Jayapatna,ଜୟପାଟନା,000000,6
Odisha,101.0,6,Notified Area Council,250560,2,Junagarh,Junagarh,801898,6
Odisha,102.0,6,Notified Area Council,248058,4,Kamakhyanagar,Kamakhyanagar,801847,6
Odisha,103.0,6,Notified Area Council,250552,2,Kantabanji,Kantabanji,801892,6
Odisha,104.0,6,Notified Area Council,305640,5,Kaptipada,,,6
Odisha,105.0,6,Notified Area Council,250480,3,Karanjia,Karanjia,801826,6
Odisha,106.0,6,Notified Area Council,250545,3,Kasinagar,Kasinagar,801882,6
Odisha,107.0,6,Notified Area Council,250559,2,Kesinga,Kesinga,801896,6
Odisha,108.0,6,Notified Area Council,250535,2,Khalikote,Khalikote,801872,6
Odisha,109.0,6,Notified Area Council,250510,2,Khandapada,Khandapada,801853,6
Odisha,110.0,6,Notified Area Council,250557,2,Khariar,Khariar,801895,6
Odisha,111.0,6,Notified Area Council,250556,4,Khariar Road,Khariar Road,801894,6
Odisha,112.0,6,Notified Area Council,250453,2,Kochinda,Kochinda,801809,6
Odisha,113.0,6,Notified Area Council,250534,2,Kodala,Kodala,801871,6
Odisha,114.0,6,Notified Area Council,250523,3,Konark,Konark,801862,6
Odisha,115.0,6,Notified Area Council,250570,2,Kotpad,Kotpad,801904,6
Odisha,116.0,6,Notified Area Council,305699,2,Loisingha,,,6
Odisha,117.0,6,Notified Area Council,305569,3,Narasinghpur,ନରସିଂହପୁର,000000,6
Odisha,118.0,6,Notified Area Council,305655,1,Narla,,,6
Odisha,119.0,6,Notified Area Council,250484,2,Nilagiri,Nilagiri,801831,6
Odisha,120.0,6,Notified Area Council,250522,3,Nimapada,Nimapada,801861,6
Odisha,121.0,6,Notified Area Council,259201,5,Nuapada,Nuapada,000000,6
Odisha,122.0,6,Notified Area Council,276434,2,Odogaon,ODOGAON,000000,6
Odisha,123.0,6,Notified Area Council,250446,2,Padmapur,Padmapur,801803,6
Odisha,124.0,6,Notified Area Council,305563,5,Pallahara,ପଲ୍ଲହରା,000000,6
Odisha,125.0,6,Notified Area Council,250554,2,Patnagarh,Patnagarh,801891,6
Odisha,126.0,6,Notified Area Council,305653,2,Patrapur,,,6
Odisha,127.0,6,Notified Area Council,250521,3,Pipili,Pipili,801860,6
Odisha,128.0,6,Notified Area Council,250531,2,Purusottampur,Purusottampur,801876,6
Odisha,129.0,6,Notified Area Council,250536,2,Rambha,Rambha,801873,6
Odisha,130.0,6,Notified Area Council,262994,1,Ranapur,Ranapur,000000,6
Odisha,131.0,6,Notified Area Council,305642,1,Rasgobindpur,,,6
Odisha,132.0,6,Notified Area Council,250454,3,Redhakhol,Redhakhol,801812,6
Odisha,133.0,6,Notified Area Council,300314,6,Remuna,ରେମୁଣା,,6
Odisha,134.0,6,Notified Area Council,305570,2,Rengali,ରେଙ୍ଗାଲି,000000,6
Odisha,135.0,6,Notified Area Council,305678,2,Salipur,,,6
Odisha,136.0,6,Notified Area Council,305596,8,Simulia,ସିମୁଲିଆ,000000,6
Odisha,137.0,6,Notified Area Council,305572,2,Sohela,ସୋହେଲା,000000,6
Odisha,138.0,6,Notified Area Council,250528,2,Surada,Surada,801867,6
Odisha,139.0,6,Notified Area Council,305595,2,Tangi,ଟାଙ୍ଗି,000000,6
Odisha,140.0,6,Notified Area Council,250549,2,Tarbha,Tarbha,801889,6
Odisha,141.0,6,Notified Area Council,305594,3,Tihidi,ତିହିଦି,000000,6
Odisha,142.0,6,Notified Area Council,263006,5,Tusura,TUSURA,000000,6
Odisha,143.0,6,Notified Area Council,250479,2,Udala,Udala,801827,6
Odisha,,,,,,,,,
Odisha,"Sep 5, 2026, 6:48 PM",,,,,,,,
Puducherry,,,,,,(In English),(In Local),,
Puducherry,1.0,5,Municipality,253096,3,Karaikal,Karaikal,804040,5
Puducherry,2.0,5,Municipality,253095,3,Mahe,Mahe,804039,5
Puducherry,3.0,5,Municipality,253093,2,Ozhukarai,Ozhukarai,804037,5
Puducherry,4.0,5,Municipality,253094,3,Pondicherry,Pondicherry,804036,5
Puducherry,5.0,5,Municipality,253092,3,Yanam,Yanam,804035,5
Puducherry,,,,,,,,,
Puducherry,"Sep 5, 2026, 6:48 PM",,,,,,,,
Punjab,,,,,,(In English),(In Local),,
Punjab,1.0,4,Municipal Corporation,248355,4,Abohar,Abohar,800214,4
Punjab,2.0,4,Municipal Corporation,248273,12,Amritsar,Amritsar,800252,4
Punjab,3.0,4,Municipal Corporation,248264,7,Batala,Batala,800149,4
Punjab,4.0,4,Municipal Corporation,248367,6,Bathinda,Bathinda,800226,4
Punjab,5.0,4,Municipal Corporation,248308,3,Hoshiarpur,Hoshiarpur,800176,4
Punjab,6.0,4,Municipal Corporation,248296,4,Jalandhar,Jalandhar,800166,4
Punjab,7.0,4,Municipal Corporation,248283,5,Kapurthala,Kapurthala,800155,4
Punjab,8.0,4,Municipal Corporation,248338,6,Ludhiana,Ludhiana,800196,4
Punjab,9.0,4,Municipal Corporation,248347,4,Moga,Moga,800202,4
Punjab,10.0,4,Municipal Corporation,248256,20,Pathankot,Pathankot,800144,4
Punjab,11.0,4,Municipal Corporation,248399,1,Patiala,Patiala,800242,4
Punjab,12.0,4,Municipal Corporation,248286,17,Phagwara,Phagwara,800158,4
Punjab,13.0,4,Municipal Corporation,248325,6,S.A.S.Nagar - Mohali,S.A.S.Nagar - Mohali,800266,4
Punjab,14.0,5,Municipality,248294,3,Adampur,Adampur,800168,5
Punjab,15.0,5,Municipality,248382,6,Ahmedgarh,Ahmedgarh,800269,5
Punjab,16.0,5,Municipality,248269,3,Ajnala,Ajnala,800247,5
Punjab,17.0,5,Municipality,248295,3,Alawalpur,Alawalpur,800167,5
Punjab,18.0,5,Municipality,248330,10,Amloh,Amloh,800186,5
Punjab,19.0,5,Municipality,248317,3,Anandpur Sahib,ਅਨੰਦਪੁਰ ਸਾਹਿਬ,800257,5
Punjab,20.0,5,Municipality,248315,7,Balachaur,Balachaur,000000,5
Punjab,21.0,5,Municipality,248312,4,Banga,Banga,800180,5
Punjab,22.0,5,Municipality,248404,5,Banur,Banur,800265,5
Punjab,23.0,5,Municipality,248374,4,Bareta,Bareta,800233,5
Punjab,24.0,5,Municipality,248378,6,Barnala,Barnala,800281,5
Punjab,25.0,5,Municipality,248327,5,Bassi Pathana,Bassi Pathana,800184,5
Punjab,26.0,5,Municipality,248377,3,Bhadaur,Bhadaur,800285,5
Punjab,27.0,5,Municipality,248345,7,Bhagha Purana,Bhagha Purana,800201,5
Punjab,28.0,5,Municipality,248387,5,Bhawanigarh,Bhawanigarh,800272,5
Punjab,29.0,5,Municipality,248298,7,Bhogpur,Bhogpur,800170,5
Punjab,30.0,5,Municipality,248366,3,Bhucho Mandi,Bhucho Mandi,800224,5
Punjab,31.0,5,Municipality,248373,4,Budhlada,Budhlada,800234,5
Punjab,32.0,5,Municipality,248300,6,Dasua,Dasua,800172,5
Punjab,33.0,5,Municipality,248267,5,Dera Baba Nanak,Dera Baba Nanak,800152,5
Punjab,34.0,5,Municipality,248405,12,Dera Bassi,Dera Bassi,800268,5
Punjab,35.0,5,Municipality,248381,5,Dhanaula,Dhanaula,800283,5
Punjab,36.0,5,Municipality,248346,7,Dharamkot,Dharamkot,800203,5
Punjab,37.0,5,Municipality,248262,4,Dhariwal,Dhariwal,800147,5
Punjab,38.0,5,Municipality,248384,4,Dhuri,Dhuri,800271,5
Punjab,39.0,5,Municipality,248259,6,Dinanagar,Dinanagar,800145,5
Punjab,40.0,5,Municipality,248337,4,Doraha,Doraha,800194,5
Punjab,41.0,5,Municipality,248360,4,Faridkot,Faridkot,800219,5
Punjab,42.0,5,Municipality,248263,9,Fatehgarh Churian,Fatehgarh Churian,800148,5
Punjab,43.0,5,Municipality,248354,5,Fazilka,Fazilka,800213,5
Punjab,44.0,5,Municipality,248351,7,Firozpur,Firozpur,800207,5
Punjab,45.0,5,Municipality,248301,5,Gardhiwala,Gardhiwala,800173,5
Punjab,46.0,5,Municipality,248311,3,Garhshankar,Garhshankar,800179,5
Punjab,47.0,5,Municipality,248357,5,Giddarbaha,Giddarbaha,800216,5
Punjab,48.0,5,Municipality,248329,4,Gobindgarh,Gobindgarh,800187,5
Punjab,49.0,5,Municipality,248364,3,Goniana,Goniana,800225,5
Punjab,50.0,5,Municipality,248292,3,Goraya,Goraya,800162,5
Punjab,51.0,5,Municipality,248260,18,Gurdaspur,Gurdaspur,800146,5
Punjab,52.0,5,Municipality,248352,8,Guru Har Sahai,Guru Har Sahai,800211,5
Punjab,53.0,5,Municipality,248306,4,Hariana,Hariana,800175,5
Punjab,54.0,5,Municipality,248343,3,Jagraon,Jagraon,800199,5
Punjab,55.0,5,Municipality,248362,3,Jaitu,Jaitu,800221,5
Punjab,56.0,5,Municipality,248353,5,Jalalabad,Jalalabad,800212,5
Punjab,57.0,5,Municipality,248272,4,Jandiala Guru,Jandiala Guru,800251,5
Punjab,58.0,5,Municipality,248299,5,Kartarpur,Kartarpur,800169,5
Punjab,59.0,5,Municipality,248334,4,Khanna,Khanna,800191,5
Punjab,60.0,5,Municipality,248324,16,Kharar,Kharar,800263,5
Punjab,61.0,5,Municipality,248369,3,Kot Fatta,Kot Fatta,800228,5
Punjab,62.0,5,Municipality,248361,4,Kot Kapura,Kot Kapura,800220,5
Punjab,63.0,5,Municipality,248321,7,Kurali,Kurali,800262,5
Punjab,64.0,5,Municipality,277203,4,Lalru,LALRU,000000,5
Punjab,65.0,5,Municipality,248391,5,Lehragaga,Lehragaga,800278,5
Punjab,66.0,5,Municipality,248385,4,Longowal,Longowal,800274,5
Punjab,67.0,5,Municipality,248333,3,Machhiwara,Machhiwara,800189,5
Punjab,68.0,5,Municipality,248383,8,Malerkotla,Malerkotla,800270,5
Punjab,69.0,5,Municipality,248356,5,Malout,Malout,800215,5
Punjab,70.0,5,Municipality,248376,6,Mansa,Mansa,800236,5
Punjab,71.0,5,Municipality,248371,4,Maur,Maur,800231,5
Punjab,72.0,5,Municipality,248320,3,Morinda,ਮੋਰਿੰਡਾ,800261,5
Punjab,73.0,5,Municipality,248303,8,Mukerian,Mukerian,800174,5
Punjab,74.0,5,Municipality,248359,9,Muktsar,Muktsar,800217,5
Punjab,75.0,5,Municipality,248340,3,Mullanpur Dakha,Mullanpur Dakha,800197,5
Punjab,76.0,5,Municipality,248397,3,Nabha,Nabha,800240,5
Punjab,77.0,5,Municipality,248289,3,Nakodar,Nakodar,800161,5
Punjab,78.0,5,Municipality,277196,3,Nangal,Nangal,000000,5
Punjab,79.0,5,Municipality,248313,7,Nawanshahr,Nawanshahr,800181,5
Punjab,80.0,5,Municipality,277194,3,Nayan Gaon,Nayan Gaon,000000,5
Punjab,81.0,5,Municipality,248291,3,Nurmahal,Nurmahal,800164,5
Punjab,82.0,5,Municipality,248395,3,Patran,Patran,800238,5
Punjab,83.0,5,Municipality,248277,3,Patti,Patti,800255,5
Punjab,84.0,5,Municipality,248336,8,Payal,Payal,800192,5
Punjab,85.0,5,Municipality,248293,3,Phillaur,Phillaur,800163,5
Punjab,86.0,5,Municipality,248266,5,Qadian,Qadian,800150,5
Punjab,87.0,5,Municipality,248314,4,Rahon,Rahon,800182,5
Punjab,88.0,5,Municipality,248342,4,Raikot,Raikot,800198,5
Punjab,89.0,5,Municipality,248403,11,Rajpura,Rajpura,800245,5
Punjab,90.0,5,Municipality,248370,4,Raman,Raman,800229,5
Punjab,91.0,5,Municipality,248363,4,Rampura Phul,Rampura Phul,800223,5
Punjab,92.0,5,Municipality,248278,3,Rayya,Rayya,800253,5
Punjab,93.0,5,Municipality,248319,3,Rupnagar,ਰੂਪਨਗਰ,800259,5
Punjab,94.0,5,Municipality,248339,3,Sahnewal,Sahnewal,800195,5
Punjab,95.0,5,Municipality,248396,6,Samana,Samana,000000,5
Punjab,96.0,5,Municipality,248332,3,Samrala,Samrala,800190,5
Punjab,97.0,5,Municipality,248398,5,Sanaur,Sanaur,800243,5
Punjab,98.0,5,Municipality,248368,3,Sangat,Sangat,800227,5
Punjab,99.0,5,Municipality,248386,6,Sangrur,Sangrur,800273,5
Punjab,100.0,5,Municipality,248309,4,Sham Chaurasi,Sham Chaurasi,800177,5
Punjab,101.0,5,Municipality,248328,9,Sirhind Fatehgarh Sahib,Sirhind Fatehgarh Sahib,800185,5
Punjab,102.0,5,Municipality,248265,5,Sri Hargobindpur,Sri Hargobindpur,800151,5
Punjab,103.0,5,Municipality,248254,6,Sujanpur,Sujanpur,800143,5
Punjab,104.0,5,Municipality,248285,4,Sultanpur Lodhi,Sultanpur Lodhi,800157,5
Punjab,105.0,5,Municipality,248390,4,Sunam,Sunam,800276,5
Punjab,106.0,5,Municipality,248350,4,Talwandi Bhai,Talwandi Bhai,800209,5
Punjab,107.0,5,Municipality,248380,4,Tapa,Tapa,800284,5
Punjab,108.0,5,Municipality,248274,8,Tarn-Taran,Tarn-Taran,800254,5
Punjab,109.0,5,Municipality,248302,6,Urmar Tanda,Urmar Tanda,800171,5
Punjab,110.0,5,Municipality,248349,6,Zira,Zira,800205,5
Punjab,111.0,5,Municipality,248407,15,Zirakpur,Zirakpur,800267,5
Punjab,112.0,7,Nagar Panchayat,299458,3,Adda Devigarh,ਅੱਡਾ ਦੇਵੀਗੜ੍ਹ,,7
Punjab,113.0,7,Nagar Panchayat,273471,4,Amargarh,ਅਮਰਗੜ੍ਹ,000000,7
Punjab,114.0,7,Nagar Panchayat,277198,2,Arniwala Shekh Suban,ਅਰਨ੍ਹੀਵਾਲਾ ਸ਼ੇਖ ਸੁਬਾਨ,000000,7
Punjab,115.0,7,Nagar Panchayat,299457,3,Baba Bakala,ਬਾਬਾ ਬਕਾਲਾ,,7
Punjab,116.0,7,Nagar Panchayat,248344,2,Badhni Kalan,ਬੰਧਨੀ ਕਲਾਂ,800200,7
Punjab,117.0,7,Nagar Panchayat,248358,3,Bariwala,ਬਰੀਵਾਲਾ,800218,7
Punjab,118.0,7,Nagar Panchayat,248280,2,Begowal,ਬੇਗੋਵਾਲ,800154,7
Punjab,119.0,7,Nagar Panchayat,261762,3,Bhadson,ਭਾਦਸੋਂ,000000,7
Punjab,120.0,7,Nagar Panchayat,276562,5,Bhagta Bhai Ka Nagar Panchayat,ਭਗਤਾ ਭਾਈਕਾ,000000,7
Punjab,121.0,7,Nagar Panchayat,260770,3,Bhai Rupa,ਭਾਈ ਰੂਪਾ,000000,7
Punjab,122.0,7,Nagar Panchayat,248375,4,Bhikhi,ਭੀਖੀ,800235,7
Punjab,123.0,7,Nagar Panchayat,248275,2,Bhikhiwind,ਭੀਖੀਵਿੰਡ,000000,7
Punjab,124.0,7,Nagar Panchayat,248281,2,Bhulath,ਭੁਲੱਥ,800153,7
Punjab,125.0,7,Nagar Panchayat,277200,3,Bilga,ਬਿਲਗਾ,000000,7
Punjab,126.0,7,Nagar Panchayat,277199,1,Boha,ਬੋਹਾ,000000,7
Punjab,127.0,7,Nagar Panchayat,261450,5,Chamkaur Sahib,ਚਮਕੌਰ ਸਾਹਿਬ,000000,7
Punjab,128.0,7,Nagar Panchayat,248388,3,Cheema,ਚੀਮਾਂ,800275,7
Punjab,129.0,7,Nagar Panchayat,248282,1,Dhilwan,ਢਿੱਲਵਾਂ,800156,7
Punjab,130.0,7,Nagar Panchayat,248389,3,Dirba,ਦਿੜ੍ਹਬਾ,800277,7
Punjab,131.0,7,Nagar Panchayat,276647,2,Fatehgarh Panjtoor,ਫਤਿਹਗੜ੍ਹ ਪੰਜਤੂਰ,000000,7
Punjab,132.0,7,Nagar Panchayat,248394,2,Ghagga,ਘੱਗਾ,800239,7
Punjab,133.0,7,Nagar Panchayat,248402,1,Ghanaur,ਘਨੌਰ,800244,7
Punjab,134.0,7,Nagar Panchayat,299456,2,Gharuan,ਘੰੜੂਆਂ,,7
Punjab,135.0,7,Nagar Panchayat,248379,2,Handiaya,ਹੰਡਿਆਇਆ,800282,7
Punjab,136.0,7,Nagar Panchayat,262906,3,Joga,ਜੋਗਾ,000000,7
Punjab,137.0,7,Nagar Panchayat,248331,2,Khamanon,ਖਮਾਣੋਂ,800188,7
Punjab,138.0,7,Nagar Panchayat,248393,3,Khanauri,ਖਨੌਰੀ,800280,7
Punjab,139.0,7,Nagar Panchayat,248276,1,Khemkaran,ਖੇਮਕਰਨ,800256,7
Punjab,140.0,7,Nagar Panchayat,261446,2,Kiratpur Sahib,ਕੀਰਤਪੁਰ ਸਾਹਿਬ,000000,7
Punjab,141.0,7,Nagar Panchayat,260780,3,Kotha Guru,ਕੋਠਾ ਗੁਰੂ,000000,7
Punjab,142.0,7,Nagar Panchayat,262989,2,Kot Ise Khan,ਕੋਟ ਈਸੇ ਖਾਂ,000000,7
Punjab,143.0,7,Nagar Panchayat,260782,2,Kot Shamir,ਕੋਟ ਸ਼ਮੀਰ,000000,7
Punjab,144.0,7,Nagar Panchayat,260778,2,Lehra Mohabat,ਲਹਿਰਾ ਮੁਹੱਬਤ,000000,7
Punjab,145.0,7,Nagar Panchayat,248287,1,Lohian Khas,ਲੋਹੀਆਂ ਖਾਸ,800159,7
Punjab,146.0,7,Nagar Panchayat,248310,2,Mahilpur,ਮਹਿਲਪੁਰ,800178,7
Punjab,147.0,7,Nagar Panchayat,248271,4,Majitha,ਮਜੀਠਾ,800249,7
Punjab,148.0,7,Nagar Panchayat,248348,1,Makhu,ਮੱਖੂ,800204,7
Punjab,149.0,7,Nagar Panchayat,253222,2,Mallanwala,ਮੱਲਾਂਵਾਲਾ,000000,7
Punjab,150.0,7,Nagar Panchayat,248335,1,Maloud,ਮਲੌਦ,800193,7
Punjab,151.0,7,Nagar Panchayat,260781,3,Maluka,ਮਲੂਕਾ,000000,7
Punjab,152.0,7,Nagar Panchayat,277197,2,Mamdot,ਮਮਦੋਟ,000000,7
Punjab,153.0,7,Nagar Panchayat,277201,9,Mehatpur,ਮਹਿਤਪੁਰ,000000,7
Punjab,154.0,7,Nagar Panchayat,260771,3,Mehraj,ਮਹਿਰਾਜ,000000,7
Punjab,155.0,7,Nagar Panchayat,248392,2,Moonak,ਮੂਨਕ,800279,7
Punjab,156.0,7,Nagar Panchayat,253122,1,Mudki,ਮੁੱਦਕੀ,000000,7
Punjab,157.0,7,Nagar Panchayat,274218,3,Nadala,ਨਡਾਲਾ,000000,7
Punjab,158.0,7,Nagar Panchayat,260779,2,Nathana,ਨਥਾਣਾ,000000,7
Punjab,159.0,7,Nagar Panchayat,262988,3,Nihal Singh Wala,ਨਿਹਾਲ ਸਿੰਘ ਵਾਲਾ,000000,7
Punjab,160.0,7,Nagar Panchayat,277202,2,Norat Jamal Singh,ਨਰੋਟ ਜੈਮਲ ਸਿੰਘ,000000,7
Punjab,161.0,7,Nagar Panchayat,248270,3,Raja Sansi,ਰਾਜਾਸਾਂਸੀ,800248,7
Punjab,162.0,7,Nagar Panchayat,248268,5,Ramdas,ਰਮਦਾਸ,800246,7
Punjab,163.0,7,Nagar Panchayat,248372,3,Sardulgarh,ਸਰਦੂਲਗੜ੍ਹ,800232,7
Punjab,164.0,7,Nagar Panchayat,248288,3,Shahkot,ਸ਼ਾਹਕੋਟ,800160,7
Punjab,165.0,7,Nagar Panchayat,253124,3,Talwandi Sabo,ਤਲਵੰਡੀ ਸਾਬੋ,000000,7
Punjab,166.0,7,Nagar Panchayat,248305,1,Talwara,ਤਲਵਾੜਾ,000000,7
Punjab,,,,,,,,,
Punjab,"Sep 5, 2026, 6:49 PM",,,,,,,,
Rajasthan,,,,,,(In English),(In Local),,
Rajasthan,1.0,4,Municipal Corporation,248788,11,Ajmer,अजमेर,800570,4
Rajasthan,2.0,4,Municipal Corporation,248699,18,Alwar,अलवर,800490,4
Rajasthan,3.0,4,Municipal Corporation,248708,4,Bharatpur,भरतपुर,800498,4
Rajasthan,4.0,4,Municipal Corporation,248812,11,Bhilwara,भीलवाडा,800592,4
Rajasthan,5.0,4,Municipal Corporation,248667,9,Bikaner,बीकानेर,800460,4
Rajasthan,6.0,4,Municipal Corporation,303088,8,Jaipur,जयपुर,000000,4
Rajasthan,7.0,4,Municipal Corporation,303089,5,Jodhpur,जोधपुर,000000,4
Rajasthan,8.0,4,Municipal Corporation,303090,10,Kota,कोटा,000000,4
Rajasthan,9.0,4,Municipal Corporation,248778,7,Pali,पाली,800561,4
Rajasthan,10.0,4,Municipal Corporation,248822,12,Udaipur,उदयपुर,800623,4
Rajasthan,11.0,5,Municipal Council,302889,1,Arnod,,,5
Rajasthan,12.0,5,Municipal Council,248765,10,Balotra,बालोतरा,800549,5
Rajasthan,13.0,5,Municipal Council,248722,6,Bandikui,बांदीकुई,800510,5
Rajasthan,14.0,5,Municipal Council,302924,1,Banera,,,5
Rajasthan,15.0,5,Municipal Council,248835,13,Banswara,बांसवाडा,800601,5
Rajasthan,16.0,5,Municipal Council,248858,7,Baran,बारा,800615,5
Rajasthan,17.0,5,Municipal Council,248766,5,Barmer,बाडमेर,800550,5
Rajasthan,18.0,5,Municipal Council,248790,8,Beawar,ब्यावर,800571,5
Rajasthan,19.0,5,Municipal Council,248666,3,Bhadra,भादरा,800459,5
Rajasthan,20.0,5,Municipal Council,248695,7,Bhiwadi,भिवाडी,800487,5
Rajasthan,21.0,5,Municipal Council,248678,5,Bidasar,बीदासर,800471,5
Rajasthan,22.0,5,Municipal Council,302998,1,Bigod,,,5
Rajasthan,23.0,5,Municipal Council,301915,2,Bijoliya,,,5
Rajasthan,24.0,5,Municipal Council,302876,1,Buhana,,,5
Rajasthan,25.0,5,Municipal Council,248806,8,Bundi,बूंदी,800587,5
Rajasthan,26.0,5,Municipal Council,248839,5,Chittorgarh,,800605,5
Rajasthan,27.0,5,Municipal Council,302181,1,Chohtan,,,5
Rajasthan,28.0,5,Municipal Council,248673,7,Churu,चूरू,800468,5
Rajasthan,29.0,5,Municipal Council,302855,1,Dag,,,5
Rajasthan,30.0,5,Municipal Council,248725,10,Dausa,दौसा,800511,5
Rajasthan,31.0,5,Municipal Council,248705,7,Deeg,डीग,800495,5
Rajasthan,32.0,5,Municipal Council,248799,3,Deoli,देवली,800580,5
Rajasthan,33.0,5,Municipal Council,248713,6,Dhaulpur,धौलपुर,800503,5
Rajasthan,34.0,5,Municipal Council,301914,3,Diggi,,,5
Rajasthan,35.0,5,Municipal Council,301438,2,Dudu,Dudu,,5
Rajasthan,36.0,5,Municipal Council,301913,1,Dundlod,,,5
Rajasthan,37.0,5,Municipal Council,248831,8,Dungarpur,डूंगरपुर,800599,5
Rajasthan,38.0,5,Municipal Council,248718,7,Gangapur City,गंगापुर सिटी,800508,5
Rajasthan,39.0,5,Municipal Council,299536,3,Govindgarh,गोविन्दगढ़,000000,5
Rajasthan,40.0,5,Municipal Council,248662,11,Hanumangarh,हनुमानगढ,800455,5
Rajasthan,41.0,5,Municipal Council,248716,6,Hindaun City,,800506,5
Rajasthan,42.0,5,Municipal Council,248763,5,Jaisalmer,जैसलमेर,800547,5
Rajasthan,43.0,5,Municipal Council,301912,1,Jakhal,,,5
Rajasthan,44.0,5,Municipal Council,248767,8,Jalore,जालौर,800551,5
Rajasthan,45.0,5,Municipal Council,301911,6,Jamwa Ramgarh,,,5
Rajasthan,46.0,5,Municipal Council,302984,1,Jasol,,,5
Rajasthan,47.0,5,Municipal Council,248862,7,Jhalawar,झालावाड,800617,5
Rajasthan,48.0,5,Municipal Council,248863,5,Jhalrapatan,झालरापाटन,800618,5
Rajasthan,49.0,5,Municipal Council,248683,9,Jhunjhunun,झुुंझुनूू,800476,5
Rajasthan,50.0,5,Municipal Council,302800,1,Kaladera,,,5
Rajasthan,51.0,5,Municipal Council,302921,1,Kanota,,,5
Rajasthan,52.0,5,Municipal Council,248717,5,Karauli,करौली,800507,5
Rajasthan,53.0,5,Municipal Council,301415,1,Kathumar,Kathumar,,5
Rajasthan,54.0,5,Municipal Council,248698,8,Khairthal-Tijara,खैरथल,800489,5
Rajasthan,55.0,5,Municipal Council,248743,3,Khandela,खण्डेला,800529,5
Rajasthan,56.0,5,Municipal Council,302856,1,Khanpur,,,5
Rajasthan,57.0,5,Municipal Council,302919,1,Khatu Khurd,,,5
Rajasthan,58.0,5,Municipal Council,302813,2,Khejroli,,,5
Rajasthan,59.0,5,Municipal Council,248702,3,Kherli,खेेडली,800492,5
Rajasthan,60.0,5,Municipal Council,248690,3,Khetri,खेतडी,800482,5
Rajasthan,61.0,5,Municipal Council,248786,9,Kishangarh,किशनगढ,800568,5
Rajasthan,62.0,5,Municipal Council,248727,6,Kotputli,कोटपुुतली,800513,5
Rajasthan,63.0,5,Municipal Council,248740,3,Lachhmangarh,लक्ष्मणगढ,800526,5
Rajasthan,64.0,5,Municipal Council,248726,3,Lalsot,लालसोट,800512,5
Rajasthan,65.0,5,Municipal Council,301909,2,Lambaharising,,,5
Rajasthan,66.0,5,Municipal Council,301406,3,Lawan,Lawan,,5
Rajasthan,67.0,5,Municipal Council,248742,3,Losal,लोसल,800528,5
Rajasthan,68.0,5,Municipal Council,302182,3,Lunkaransar,,,5
Rajasthan,69.0,5,Municipal Council,275691,5,Mahwa,महवा,000000,5
Rajasthan,70.0,5,Municipal Council,248756,8,Makrana,मकराना,800540,5
Rajasthan,71.0,5,Municipal Council,301407,3,Malakheda,Malakheda,,5
Rajasthan,72.0,5,Municipal Council,248794,3,Malpura,मालपुुुुरा,800576,5
Rajasthan,73.0,5,Municipal Council,302612,1,Malsisar,,,5
Rajasthan,74.0,5,Municipal Council,302890,1,Mandar,,,5
Rajasthan,75.0,5,Municipal Council,302222,1,Mandhan,,,5
Rajasthan,76.0,5,Municipal Council,301413,1,Mandrayal,Mandrayal,,5
Rajasthan,77.0,5,Municipal Council,302896,1,Maniyan,,,5
Rajasthan,78.0,5,Municipal Council,302858,1,Manoharthana,,,5
Rajasthan,79.0,5,Municipal Council,301445,1,Mawali,Mawali,,5
Rajasthan,80.0,5,Municipal Council,248706,4,Nadbai,नदबई,800496,5
Rajasthan,81.0,5,Municipal Council,248749,12,Nagaur,नागौर,800535,5
Rajasthan,82.0,5,Municipal Council,302180,3,Napasar,,,5
Rajasthan,83.0,5,Municipal Council,301905,6,Narayanpur,,,5
Rajasthan,84.0,5,Municipal Council,277232,5,Nasirabad,नसीराबाद,000000,5
Rajasthan,85.0,5,Municipal Council,248746,5,Neem-Ka-Thana,नीम-का-थाना,800532,5
Rajasthan,86.0,5,Municipal Council,299935,7,Neemrana,Neemrana,000000,5
Rajasthan,87.0,5,Municipal Council,248665,4,Nohar,नोहर,800458,5
Rajasthan,88.0,5,Municipal Council,302206,2,Pahari,,,5
Rajasthan,89.0,5,Municipal Council,302948,1,Palsana,,,5
Rajasthan,90.0,5,Municipal Council,296922,10,Paota-Pragpura,Paota-Pragpura,000000,5
Rajasthan,91.0,5,Municipal Council,302909,1,Pisangan,,,5
Rajasthan,92.0,5,Municipal Council,248844,7,Pratapgarh,प्रतापगढ,800628,5
Rajasthan,93.0,5,Municipal Council,248787,3,Pushkar,पुष्कर,800569,5
Rajasthan,94.0,5,Municipal Council,302860,2,Raipur,,,5
Rajasthan,95.0,5,Municipal Council,248671,6,Rajgarh (Alwar),राजगढ़ (अलवर),800465,5
Rajasthan,96.0,5,Municipal Council,248818,6,Rajsamand,राजसमंद,800597,5
Rajasthan,97.0,5,Municipal Council,301410,1,Ramgarh Pachwara,Ramgarh Pachwara,,5
Rajasthan,98.0,5,Municipal Council,248676,5,Ratangarh,रतनगढ,800469,5
Rajasthan,99.0,5,Municipal Council,248838,3,Rawatbhata,रावतभाटा,800604,5
Rajasthan,100.0,5,Municipal Council,248664,3,Rawatsar,रावतसर,800457,5
Rajasthan,101.0,5,Municipal Council,302942,1,Riyan Bari,,,5
Rajasthan,102.0,5,Municipal Council,302861,3,Sahwa,,,5
Rajasthan,103.0,5,Municipal Council,302862,1,Saipau,,,5
Rajasthan,104.0,5,Municipal Council,248826,6,Salumbar,सलूम्बर,800626,5
Rajasthan,105.0,5,Municipal Council,302863,1,Samadari,,,5
Rajasthan,106.0,5,Municipal Council,296932,8,Sapotra,सपोटरा,,5
Rajasthan,107.0,5,Municipal Council,248720,7,Sawai Madhopur,सवाई माधोपुर,800509,5
Rajasthan,108.0,5,Municipal Council,301417,2,Sawar,Sawar,,5
Rajasthan,109.0,5,Municipal Council,248729,8,Shahpura,शाहपुरा,800515,5
Rajasthan,110.0,5,Municipal Council,248741,8,Sikar,सीकर,800527,5
Rajasthan,111.0,5,Municipal Council,301451,2,Sikaray,Sikaray,,5
Rajasthan,112.0,5,Municipal Council,301409,2,Singhana,Singhana,,5
Rajasthan,113.0,5,Municipal Council,248771,6,Sirohi,सिरोही,800555,5
Rajasthan,114.0,5,Municipal Council,302249,1,Sojat Road,,,5
Rajasthan,115.0,5,Municipal Council,248651,7,Sri Ganganagar,श्री गंगानगर,800446,5
Rajasthan,116.0,5,Municipal Council,248744,3,Sri Madhopur,श्री माधोपुर,800530,5
Rajasthan,117.0,5,Municipal Council,248680,7,Sujangarh,सुजानगढ,800473,5
Rajasthan,118.0,5,Municipal Council,248783,4,Sumerpur,सूमेरपुर,800565,5
Rajasthan,119.0,5,Municipal Council,302962,1,Suroth,,,5
Rajasthan,120.0,5,Municipal Council,301901,2,Tantoti,,,5
Rajasthan,121.0,5,Municipal Council,248715,4,Todabhim,टोडाभीम,800505,5
Rajasthan,122.0,5,Municipal Council,248797,10,Tonk,टोंक,800578,5
Rajasthan,123.0,5,Municipal Council,301408,1,Vallabhnagar,Vallabhnagar,,5
Rajasthan,124.0,5,Municipal Council,301455,3,Vatika,वाटिका,000000,5
Rajasthan,125.0,5,Municipal Council,248791,8,Vijainagar,विजयनगर,800572,5
Rajasthan,126.0,7,Municipality(Nagar Palika),248774,5,Abu Road,आबू रोड,800558,7
Rajasthan,127.0,7,Municipality(Nagar Palika),301405,4,Ahore,Ahore,,7
Rajasthan,128.0,7,Municipality(Nagar Palika),299977,5,Ajeetgarh,Ajeetgarh,,7
Rajasthan,129.0,7,Municipality(Nagar Palika),248865,3,Aklera,अकलेरा,800619,7
Rajasthan,130.0,7,Municipality(Nagar Palika),301433,4,Akola,आकोला,000000,7
Rajasthan,131.0,7,Municipality(Nagar Palika),248817,4,Amet,आमेट,800596,7
Rajasthan,132.0,7,Municipality(Nagar Palika),248857,3,Anta,अंता,800614,7
Rajasthan,133.0,7,Municipality(Nagar Palika),248656,5,Anupgarh,अनूपगढ,800451,7
Rajasthan,134.0,7,Municipality(Nagar Palika),248808,4,Asind,आसिंद,800588,7
Rajasthan,135.0,7,Municipality(Nagar Palika),296934,7,Atru,अटरू,,7
Rajasthan,136.0,7,Municipality(Nagar Palika),248684,3,Baggar,बग्गड,800477,7
Rajasthan,137.0,7,Municipality(Nagar Palika),248735,2,Bagru,बगरू,800521,7
Rajasthan,138.0,7,Municipality(Nagar Palika),300344,5,Bahadurpur,Bahadurpur,,7
Rajasthan,139.0,7,Municipality(Nagar Palika),299784,9,Balesar Satta,Balesar Satta,000000,7
Rajasthan,140.0,7,Municipality(Nagar Palika),248785,3,Bali,बाली,800567,7
Rajasthan,141.0,7,Municipality(Nagar Palika),296936,8,Bamanwas,बामनवास,,7
Rajasthan,142.0,7,Municipality(Nagar Palika),296923,7,Bansur,बानसूर,000000,7
Rajasthan,143.0,7,Municipality(Nagar Palika),301412,2,Bap,Bap,,7
Rajasthan,144.0,7,Municipality(Nagar Palika),299974,4,Bardod,Bardod,,7
Rajasthan,145.0,7,Municipality(Nagar Palika),248712,2,Bari,बाडी,800502,7
Rajasthan,146.0,7,Municipality(Nagar Palika),248843,2,Bari Sadri,बडी सादडी,800608,7
Rajasthan,147.0,7,Municipality(Nagar Palika),300347,3,Baroda Meo,Baroda Meo,,7
Rajasthan,148.0,7,Municipality(Nagar Palika),296931,7,Baseri,बसेड़ी,,7
Rajasthan,149.0,7,Municipality(Nagar Palika),299976,4,Basni,Basni,,7
Rajasthan,150.0,7,Municipality(Nagar Palika),296925,7,Bassi,बस्सी,,7
Rajasthan,151.0,7,Municipality(Nagar Palika),301411,3,Baswa,Baswa,,7
Rajasthan,152.0,7,Municipality(Nagar Palika),248711,2,Bayana,बयाना,800501,7
Rajasthan,153.0,7,Municipality(Nagar Palika),248837,2,Begun,बेेेेेगूं,800603,7
Rajasthan,154.0,7,Municipality(Nagar Palika),248694,6,Behror,बहरोर,800486,7
Rajasthan,155.0,7,Municipality(Nagar Palika),301435,3,Bhandarej,भाण्‍डारेज,000000,7
Rajasthan,156.0,7,Municipality(Nagar Palika),248867,3,Bhawani Mandi,भवानी मण्डी,800620,7
Rajasthan,157.0,7,Municipality(Nagar Palika),301436,2,Bhim,Bhim,,7
Rajasthan,158.0,7,Municipality(Nagar Palika),248823,3,Bhinder,भीण्डर,800624,7
Rajasthan,159.0,7,Municipality(Nagar Palika),248768,4,Bhinmal,भीनमाल,800552,7
Rajasthan,160.0,7,Municipality(Nagar Palika),296924,8,Bhopalgarh,भोपालगढ़,000000,7
Rajasthan,161.0,7,Municipality(Nagar Palika),248709,3,Bhusawar,भुसावर,800499,7
Rajasthan,162.0,7,Municipality(Nagar Palika),248762,5,Bilara,बिलाडा,800546,7
Rajasthan,163.0,7,Municipality(Nagar Palika),248681,4,Bissau,बिसाउ,800474,7
Rajasthan,164.0,7,Municipality(Nagar Palika),299825,3,Bonli,Bonli,000000,7
Rajasthan,165.0,7,Municipality(Nagar Palika),299534,5,Borawar,बोरावड़,000000,7
Rajasthan,166.0,7,Municipality(Nagar Palika),248737,5,Chaksu,चाकसूू,800523,7
Rajasthan,167.0,7,Municipality(Nagar Palika),248860,3,Chhabra,छबडा,800616,7
Rajasthan,168.0,7,Municipality(Nagar Palika),248679,4,Chhapar,छापर,800472,7
Rajasthan,169.0,7,Municipality(Nagar Palika),248842,2,Chhoti Sadri,छोटी सादडी,800627,7
Rajasthan,170.0,7,Municipality(Nagar Palika),248687,4,Chirawa,चिडावा,800481,7
Rajasthan,171.0,7,Municipality(Nagar Palika),248730,4,Chomu,चौमूं,800516,7
Rajasthan,172.0,7,Municipality(Nagar Palika),299941,3,Danta,Danta,000000,7
Rajasthan,173.0,7,Municipality(Nagar Palika),277231,3,Degana,डेगाना,000000,7
Rajasthan,174.0,7,Municipality(Nagar Palika),301414,2,Dei,Dei,,7
Rajasthan,175.0,7,Municipality(Nagar Palika),248816,3,Deogarh,देवगढ,800595,7
Rajasthan,176.0,7,Municipality(Nagar Palika),248668,4,Deshnoke,देशनोक,800461,7
Rajasthan,177.0,7,Municipality(Nagar Palika),299942,2,Dhariawad,Dhariawad,000000,7
Rajasthan,178.0,7,Municipality(Nagar Palika),302255,2,Dhod,धोद,000000,7
Rajasthan,179.0,7,Municipality(Nagar Palika),302257,3,Dhorimanna,धोरीमन्ना,000000,7
Rajasthan,180.0,7,Municipality(Nagar Palika),248748,6,Didwana,डीडवाना,800534,7
Rajasthan,181.0,7,Municipality(Nagar Palika),301439,3,Dooni,Dooni,000000,7
Rajasthan,182.0,7,Municipality(Nagar Palika),248784,2,Falna,फालना,800566,7
Rajasthan,183.0,7,Municipality(Nagar Palika),248821,4,Fatehnagar,फतेहनगर,800622,7
Rajasthan,184.0,7,Municipality(Nagar Palika),248739,2,Fatehpur,फतेहपुुुर,800525,7
Rajasthan,185.0,7,Municipality(Nagar Palika),301440,4,Fhagi,Fhagi,,7
Rajasthan,186.0,7,Municipality(Nagar Palika),248654,3,Gajsinghpur,गजसिंहपुर,800448,7
Rajasthan,187.0,7,Municipality(Nagar Palika),248811,2,Gangapur,गंगापुर,800591,7
Rajasthan,188.0,7,Municipality(Nagar Palika),302263,2,Gharsana,घडसाना,000000,7
Rajasthan,189.0,7,Municipality(Nagar Palika),301442,1,Goluwala,गोलुवाला,000000,7
Rajasthan,190.0,7,Municipality(Nagar Palika),302204,5,Gudhamalani,,,7
Rajasthan,191.0,7,Municipality(Nagar Palika),248809,3,Gulabpura,गुलाबपुरा,800589,7
Rajasthan,192.0,7,Municipality(Nagar Palika),299936,2,Hameergarh,Hameergarh,000000,7
Rajasthan,193.0,7,Municipality(Nagar Palika),303112,2,Hindoli,हिंडोली,000000,7
Rajasthan,194.0,7,Municipality(Nagar Palika),248802,3,Indragarh,इन्द्रगढ,800583,7
Rajasthan,195.0,7,Municipality(Nagar Palika),263007,3,Itawa,ईटावा,000000,7
Rajasthan,196.0,7,Municipality(Nagar Palika),248813,3,Jahazpur,जहाजपुर,800593,7
Rajasthan,197.0,7,Municipality(Nagar Palika),248775,4,Jaitaran,जैतारण,800559,7
Rajasthan,198.0,7,Municipality(Nagar Palika),299764,4,Jayal,Jayal,000000,7
Rajasthan,199.0,7,Municipality(Nagar Palika),248732,5,Jobner,जोबनेर,800520,7
Rajasthan,200.0,7,Municipality(Nagar Palika),248703,4,Kaman,कामां,800493,7
Rajasthan,201.0,7,Municipality(Nagar Palika),248824,3,Kanor,कानोर,800625,7
Rajasthan,202.0,7,Municipality(Nagar Palika),248840,3,Kapasan,कपासन,800606,7
Rajasthan,203.0,7,Municipality(Nagar Palika),248804,4,Kaprain,कापरेन,800586,7
Rajasthan,204.0,7,Municipality(Nagar Palika),248793,5,Kekri,केकडी,800575,7
Rajasthan,205.0,7,Municipality(Nagar Palika),248805,3,Keshoraipatan,केशवरायपाटन,800585,7
Rajasthan,206.0,7,Municipality(Nagar Palika),248649,3,Kesrisinghpur,केसरीसिंहपुर,800444,7
Rajasthan,207.0,7,Municipality(Nagar Palika),299753,7,Khajuwala,खाजूवाला,000000,7
Rajasthan,208.0,7,Municipality(Nagar Palika),302262,1,Khandar,खण्डार,000000,7
Rajasthan,209.0,7,Municipality(Nagar Palika),277601,2,Khatushyamji,खाटुश्यामजी,000000,7
Rajasthan,210.0,7,Municipality(Nagar Palika),277233,6,Kishangarhbas,किशनगढबास,000000,7
Rajasthan,211.0,7,Municipality(Nagar Palika),248731,5,Kishangarh Renwal,किशनगढ रेनवाल,800517,7
Rajasthan,212.0,7,Municipality(Nagar Palika),299535,4,Kotkasim,Kotkasim,000000,7
Rajasthan,213.0,7,Municipality(Nagar Palika),248757,5,Kuchaman City,कुचामन सिटी,800541,7
Rajasthan,214.0,7,Municipality(Nagar Palika),248752,3,Kuchera,कुचेरा,800537,7
Rajasthan,215.0,7,Municipality(Nagar Palika),248707,5,Kumher,कुम्हेर,800497,7
Rajasthan,216.0,7,Municipality(Nagar Palika),248836,3,Kushalgarh,कुशलगढ,800602,7
Rajasthan,217.0,7,Municipality(Nagar Palika),248747,4,Ladnu,लाडनूू,800533,7
Rajasthan,218.0,7,Municipality(Nagar Palika),248803,2,Lakheri,लाखेरी,800584,7
Rajasthan,219.0,7,Municipality(Nagar Palika),296915,6,Laxmangarh (Alwar),लक्ष्मणगढ़ (अलवर),000000,7
Rajasthan,220.0,7,Municipality(Nagar Palika),248814,4,Mandalgarh,मण्डलगढ,800594,7
Rajasthan,221.0,7,Municipality(Nagar Palika),248682,4,Mandawa,मण्डावा,800475,7
Rajasthan,222.0,7,Municipality(Nagar Palika),299765,3,Mandawar,Mandawar,000000,7
Rajasthan,223.0,7,Municipality(Nagar Palika),296926,5,Mandawari,मंडावरी,,7
Rajasthan,224.0,7,Municipality(Nagar Palika),302801,2,Mandrela,,,7
Rajasthan,225.0,7,Municipality(Nagar Palika),248856,4,Mangrol,मांगरोल,800613,7
Rajasthan,226.0,7,Municipality(Nagar Palika),300350,5,Manoharpur,Manoharpur,,7
Rajasthan,227.0,7,Municipality(Nagar Palika),300322,7,Marwar Junction,Marwar Junction,000000,7
Rajasthan,228.0,7,Municipality(Nagar Palika),302261,3,Masuda,मसूदा,000000,7
Rajasthan,229.0,7,Municipality(Nagar Palika),302802,4,Mathaniya,,,7
Rajasthan,230.0,7,Municipality(Nagar Palika),248753,3,Merta City,मेडता सिटी,800538,7
Rajasthan,231.0,7,Municipality(Nagar Palika),301906,4,Mertaroad,,,7
Rajasthan,232.0,7,Municipality(Nagar Palika),248773,2,Mount Abu,माउण्ट आबू,800557,7
Rajasthan,233.0,7,Municipality(Nagar Palika),248691,3,Mukandgarh,मुकूून्दगढ,800483,7
Rajasthan,234.0,7,Municipality(Nagar Palika),301461,2,Mundawar,मुण्‍डावर,000000,7
Rajasthan,235.0,7,Municipality(Nagar Palika),248751,2,Mundwa,मुण्डवा,800536,7
Rajasthan,236.0,7,Municipality(Nagar Palika),248704,5,Nagar,नगर,800494,7
Rajasthan,237.0,7,Municipality(Nagar Palika),248801,2,Nainwa,नैनवा,800582,7
Rajasthan,238.0,7,Municipality(Nagar Palika),300321,6,Narayana,Narayana,000000,7
Rajasthan,239.0,7,Municipality(Nagar Palika),248820,3,Nathdwara,नाथद्वारा,800598,7
Rajasthan,240.0,7,Municipality(Nagar Palika),301446,3,Nauganwa,Nauganwa,000000,7
Rajasthan,241.0,7,Municipality(Nagar Palika),248758,5,Nawa,नावा,800542,7
Rajasthan,242.0,7,Municipality(Nagar Palika),248692,3,Nawalgarh,नवलगढ,800484,7
Rajasthan,243.0,7,Municipality(Nagar Palika),248841,4,Nimbahera,निम्बाहेडा,800607,7
Rajasthan,244.0,7,Municipality(Nagar Palika),248796,2,Niwai,निवाई,800577,7
Rajasthan,245.0,7,Municipality(Nagar Palika),248669,3,Nokha,नोखा,800462,7
Rajasthan,246.0,7,Municipality(Nagar Palika),248653,3,Padampur,पदमपुर,800449,7
Rajasthan,247.0,7,Municipality(Nagar Palika),248755,4,Parbatsar,परबतसर,800539,7
Rajasthan,248.0,7,Municipality(Nagar Palika),277602,3,Partapur -Garhi,परतापुर-गढी,000000,7
Rajasthan,249.0,7,Municipality(Nagar Palika),302259,1,Peeplu,पीपलू,000000,7
Rajasthan,250.0,7,Municipality(Nagar Palika),248759,6,Phalodi,फलाैैैैदी,800543,7
Rajasthan,251.0,7,Municipality(Nagar Palika),248734,4,Phulera,फुलेरा,800519,7
Rajasthan,252.0,7,Municipality(Nagar Palika),248685,3,Pilani,पिलानी,800478,7
Rajasthan,253.0,7,Municipality(Nagar Palika),248663,3,Pilibanga,पीलीबंगा,800456,7
Rajasthan,254.0,7,Municipality(Nagar Palika),277234,2,Pindwara,पिण्डवारा,000000,7
Rajasthan,255.0,7,Municipality(Nagar Palika),248761,4,Pipar City,पीपाड सिटी,800545,7
Rajasthan,256.0,7,Municipality(Nagar Palika),248868,3,Pirawa,पिडावा,800621,7
Rajasthan,257.0,7,Municipality(Nagar Palika),248764,3,Pokaran,पोकरण,800548,7
Rajasthan,258.0,7,Municipality(Nagar Palika),248655,3,Raisinghnagar,रायसिंहनगर,800450,7
Rajasthan,259.0,7,Municipality(Nagar Palika),248714,2,Rajakhera,राजाखेडा,800504,7
Rajasthan,260.0,7,Municipality(Nagar Palika),248677,5,Rajaldesar,राजलदेसर,800470,7
Rajasthan,261.0,7,Municipality(Nagar Palika),248700,7,Rajgarh(Churu),राजगढ,800491,7
Rajasthan,262.0,7,Municipality(Nagar Palika),248851,7,Ramganj Mandi,रामगंज मण्डी,800611,7
Rajasthan,263.0,7,Municipality(Nagar Palika),248738,2,Ramgarh,रामगढ,800524,7
Rajasthan,264.0,7,Municipality(Nagar Palika),296916,7,Ramgarh (Alwar),रामगढ़ (अलवर),000000,7
Rajasthan,265.0,7,Municipality(Nagar Palika),248780,3,Rani,रानी,800562,7
Rajasthan,266.0,7,Municipality(Nagar Palika),248674,2,Ratannagar,रतननगर,800467,7
Rajasthan,267.0,7,Municipality(Nagar Palika),248745,5,Reengus,रींगस,800531,7
Rajasthan,268.0,7,Municipality(Nagar Palika),263008,4,Roopbas,रूपबास,000000,7
Rajasthan,269.0,7,Municipality(Nagar Palika),248781,3,Sadri,सादडी,800563,7
Rajasthan,270.0,7,Municipality(Nagar Palika),248652,2,Sadulshahar,सादुलशहर,800447,7
Rajasthan,271.0,7,Municipality(Nagar Palika),248832,5,Sagwara,सगवाडा,800600,7
Rajasthan,272.0,7,Municipality(Nagar Palika),248733,5,Sambhar,सांभर,800518,7
Rajasthan,273.0,7,Municipality(Nagar Palika),248769,7,Sanchore,सांचोर,800553,7
Rajasthan,274.0,7,Municipality(Nagar Palika),248661,2,Sangaria,सांगरिया,800454,7
Rajasthan,275.0,7,Municipality(Nagar Palika),248855,4,Sangod,सांगोद,800612,7
Rajasthan,276.0,7,Municipality(Nagar Palika),248672,3,Sardarshahar,सरदारशहर,800466,7
Rajasthan,277.0,7,Municipality(Nagar Palika),296930,4,Sarmathura,सरमथुरा,,7
Rajasthan,278.0,7,Municipality(Nagar Palika),248792,5,Sarwar,सरवाड,800574,7
Rajasthan,279.0,7,Municipality(Nagar Palika),302254,2,Sayla,सायला,000000,7
Rajasthan,280.0,7,Municipality(Nagar Palika),301460,3,Seeswali,Seeswali,000000,7
Rajasthan,281.0,7,Municipality(Nagar Palika),277235,5,Shahpura..(Bhilwara),शाहपुरा(भीलवाड़ा),000000,7
Rajasthan,282.0,7,Municipality(Nagar Palika),248770,2,Sheoganj,शिवगंज,800554,7
Rajasthan,283.0,7,Municipality(Nagar Palika),298995,7,Sikri,Sikri,000000,7
Rajasthan,284.0,7,Municipality(Nagar Palika),303111,2,Sindhari,सिणधरी,000000,7
Rajasthan,285.0,7,Municipality(Nagar Palika),299757,4,Siwana,सिवाना,000000,7
Rajasthan,286.0,7,Municipality(Nagar Palika),248776,3,Sojat,सोजत,800560,7
Rajasthan,287.0,7,Municipality(Nagar Palika),248675,4,Sri Dungargarh,श्री डूंगरगढ,800463,7
Rajasthan,288.0,7,Municipality(Nagar Palika),248650,4,Srikaranpur,श्रीकरणपुर,800445,7
Rajasthan,289.0,7,Municipality(Nagar Palika),248658,4,Srivijainagar,श्रीविजयनगर,800452,7
Rajasthan,290.0,7,Municipality(Nagar Palika),301453,4,Suket,सुकेत,000000,7
Rajasthan,291.0,7,Municipality(Nagar Palika),302258,2,Sultana,सुलताना,000000,7
Rajasthan,292.0,7,Municipality(Nagar Palika),296933,10,Sultanpur,सुल्तानपुर,,7
Rajasthan,293.0,7,Municipality(Nagar Palika),248688,4,Surajgarh,सूरजगढ,800480,7
Rajasthan,294.0,7,Municipality(Nagar Palika),248660,2,Suratgarh,सूरतगढ,800453,7
Rajasthan,295.0,7,Municipality(Nagar Palika),248782,2,Takhatgarh,तख्तगढ,800564,7
Rajasthan,296.0,7,Municipality(Nagar Palika),299934,5,Tapukara,Tapukara,000000,7
Rajasthan,297.0,7,Municipality(Nagar Palika),248670,2,Taranagar,तारानगर,800464,7
Rajasthan,298.0,7,Municipality(Nagar Palika),290432,2,Thanagaji,थानागाजी,000000,7
Rajasthan,299.0,7,Municipality(Nagar Palika),299937,2,Tibbi,Tibbi,000000,7
Rajasthan,300.0,7,Municipality(Nagar Palika),248696,4,Tijara,तिजारा,800488,7
Rajasthan,301.0,7,Municipality(Nagar Palika),302253,2,Tinwari,तिवंरी,000000,7
Rajasthan,302.0,7,Municipality(Nagar Palika),248798,4,Todaraisingh,टोडारायसिंह,800579,7
Rajasthan,303.0,7,Municipality(Nagar Palika),298994,5,Uchchain,Uchchain,000000,7
Rajasthan,304.0,7,Municipality(Nagar Palika),248693,3,Udaipurwati,उदयपुरवाटी,800485,7
Rajasthan,305.0,7,Municipality(Nagar Palika),248800,3,Uniara,उनियारा,800581,7
Rajasthan,306.0,7,Municipality(Nagar Palika),301454,4,Vajirpur,वजीरपुर,000000,7
Rajasthan,307.0,7,Municipality(Nagar Palika),248686,3,Vidyavihar,विद्याविहार,800479,7
Rajasthan,308.0,7,Municipality(Nagar Palika),248728,4,Viratnagar,विराटनगर,800514,7
Rajasthan,309.0,7,Municipality(Nagar Palika),248710,3,Weir,वैर,800500,7
Rajasthan,,,,,,,,,
Rajasthan,"Sep 5, 2026, 6:50 PM",,,,,,,,
Sikkim,,,,,,(In English),(In Local),,
Sikkim,1.0,4,Municipal Corporation,249694,3,Gangtok (M Corp.),Gangtok (M Corp.),801421,4
Sikkim,2.0,5,Municipal council,249692,1,Namchi Municipal Council,Namchi Municipal Council,801419,5
Sikkim,3.0,7,Nagar Panchayat,249690,5,Gyalshing Nagar Panchayat,Gyalshing Nagar Panchayat,801417,7
Sikkim,4.0,7,Nagar Panchayat,249689,2,Mangan Nagar Panchayat,Mangan Nagar Panchayat,801416,7
Sikkim,5.0,7,Nagar Panchayat,249693,4,Nayabazar Jorethang Nagar Panchayat,Nayabazar Jorethang Nagar Panchayat,801420,7
Sikkim,6.0,7,Nagar Panchayat,306273,1,Pakyong,Pakyong,000000,7
Sikkim,7.0,7,Nagar Panchayat,290460,4,Rangpo (Np),Rangpo (Np),000000,7
Sikkim,8.0,7,Nagar Panchayat,249695,4,Singtam (Np),Singtam (Np),801422,7
Sikkim,9.0,7,Nagar Panchayat,306274,1,Soreng,Soreng,000000,7
Sikkim,,,,,,,,,
Sikkim,"Sep 5, 2026, 6:50 PM",,,,,,,,
Tamil Nadu,,,,,,(In English),(In Local),,
Tamil Nadu,1.0,4,Municipal Corporation,252276,5,Avadi,Avadi,803323,4
Tamil Nadu,2.0,4,Municipal Corporation,252653,12,Coimbatore,Coimbatore,803984,4
Tamil Nadu,3.0,4,Municipal Corporation,252773,6,Cuddalore,Cuddalore,803650,4
Tamil Nadu,4.0,4,Municipal Corporation,252707,4,Dindigul,Dindigul,803589,4
Tamil Nadu,5.0,4,Municipal Corporation,252568,6,Erode,Erode,803542,4
Tamil Nadu,6.0,4,Municipal Corporation,252294,37,Greater Chennai Corporation,பெருநகர சென்னை மாநகராட்சி,803339,4
Tamil Nadu,7.0,4,Municipal Corporation,252399,3,Hosur,Hosur,803951,4
Tamil Nadu,8.0,4,Municipal Corporation,252336,6,Kancheepuram,Kancheepuram,803365,4
Tamil Nadu,9.0,4,Municipal Corporation,252863,6,Karaikudi,Karaikudi,803733,4
Tamil Nadu,10.0,4,Municipal Corporation,252725,6,Karur,Karur,803607,4
Tamil Nadu,11.0,4,Municipal Corporation,252823,6,Kumbakonam,Kumbakonam,803697,4
Tamil Nadu,12.0,4,Municipal Corporation,252889,5,Madurai,Madurai,803754,4
Tamil Nadu,13.0,4,Municipal Corporation,253079,6,Nagercoil,Nagercoil,803927,4
Tamil Nadu,14.0,4,Municipal Corporation,252848,5,Pudukkottai,Pudukkottai,803718,4
Tamil Nadu,15.0,4,Municipal Corporation,252474,2,Salem,Salem,803463,4
Tamil Nadu,16.0,4,Municipal Corporation,252938,3,Sivakasi,Sivakasi,803797,4
Tamil Nadu,17.0,4,Municipal Corporation,252319,16,Tambaram,Tambaram,803345,4
Tamil Nadu,18.0,4,Municipal Corporation,252833,3,Thanjavur,Thanjavur,803707,4
Tamil Nadu,19.0,4,Municipal Corporation,252970,2,Thoothukudi,Thoothukudi,803821,4
Tamil Nadu,20.0,4,Municipal Corporation,252749,2,Tiruchirappalli,Tiruchirappalli,803631,4
Tamil Nadu,21.0,4,Municipal Corporation,253011,4,Tirunelveli,Tirunelveli,803860,4
Tamil Nadu,22.0,4,Municipal Corporation,252621,5,Tiruppur,Tiruppur,804026,4
Tamil Nadu,23.0,4,Municipal Corporation,252381,12,Vellore,Vellore,803398,4
Tamil Nadu,24.0,5,Municipality,252840,3,Adiramapattinam,அதிராமப்பட்டிணம்,803712,5
Tamil Nadu,25.0,5,Municipality,253014,3,Ambasamudram,Ambasamudram,803864,5
Tamil Nadu,26.0,5,Municipality,252391,2,Ambur,Ambur,803406,5
Tamil Nadu,27.0,5,Municipality,252367,2,Arakkonam,Arakkonam,803387,5
Tamil Nadu,28.0,5,Municipality,252422,1,Arani,Arani,803412,5
Tamil Nadu,29.0,5,Municipality,252854,1,Aranthangi,Aranthangi,803724,5
Tamil Nadu,30.0,5,Municipality,252373,2,Arcot,Arcot,803392,5
Tamil Nadu,31.0,5,Municipality,252767,2,Ariyalur,Ariyalur,803645,5
Tamil Nadu,32.0,5,Municipality,252947,2,Aruppukkottai,Aruppukkottai,803801,5
Tamil Nadu,33.0,5,Municipality,252491,2,Attur,Attur,803473,5
Tamil Nadu,34.0,5,Municipality,252615,3,Avinashi,அவிநாசி,804021,5
Tamil Nadu,35.0,5,Municipality,252539,1,Bhavani,Bhavani,803517,5
Tamil Nadu,36.0,5,Municipality,252897,1,Bodinayakanur,Bodinayakanur,803760,5
Tamil Nadu,37.0,5,Municipality,252333,2,Chengalpattu,Chengalpattu,803364,5
Tamil Nadu,38.0,5,Municipality,252432,2,Chengam,செங்கம்,803421,5
Tamil Nadu,39.0,5,Municipality,252781,1,Chidambaram,Chidambaram,803657,5
Tamil Nadu,40.0,5,Municipality,252913,1,Chinnamanur,Chinnamanur,803777,5
Tamil Nadu,41.0,5,Municipality,253068,3,Colachel,கொலாச்சல்,803917,5
Tamil Nadu,42.0,5,Municipality,252605,1,Coonoor,Coonoor,803570,5
Tamil Nadu,43.0,5,Municipality,252918,1,Cumbum,Cumbum,803783,5
Tamil Nadu,44.0,5,Municipality,252864,2,Devakottai,தேவகோட்டை,803734,5
Tamil Nadu,45.0,5,Municipality,252592,2,Dharapuram,Dharapuram,804018,5
Tamil Nadu,46.0,5,Municipality,252417,1,Dharmapuri,Dharmapuri,803948,5
Tamil Nadu,47.0,5,Municipality,252470,3,Edanganasalai,இடங்கணசாலை,803458,5
Tamil Nadu,48.0,5,Municipality,252468,3,Edappadi,எடப்பாடி,803456,5
Tamil Nadu,49.0,5,Municipality,252547,1,Gobichettipalayam,Gobichettipalayam,803523,5
Tamil Nadu,50.0,5,Municipality,252596,3,Gudalur,Gudalur,803784,5
Tamil Nadu,51.0,5,Municipality,252639,3,Gudalur,Gudalur,803971,5
Tamil Nadu,52.0,5,Municipality,252920,2,Gudalur-Cbe,கூடலூர்,803560,5
Tamil Nadu,53.0,5,Municipality,252351,3,Gudiyatham,Gudiyatham,803375,5
Tamil Nadu,54.0,5,Municipality,252413,5,Harur,அரூர்,803944,5
Tamil Nadu,55.0,5,Municipality,252765,1,Jayankondam,Jayankondam,803643,5
Tamil Nadu,56.0,5,Municipality,252397,2,Jolarpet,Jolarpet,803409,5
Tamil Nadu,57.0,5,Municipality,252994,2,Kadayanallur,Kadayanallur,803843,5
Tamil Nadu,58.0,5,Municipality,300593,4,Kalakadu,களக்காடு நகராட்சி,000000,5
Tamil Nadu,59.0,5,Municipality,252451,3,Kallakurichi,கள்ளக்குறிச்சி,803440,5
Tamil Nadu,60.0,5,Municipality,290455,1,Kangeyam,காங்கேயம்,000000,5
Tamil Nadu,61.0,5,Municipality,253091,2,Kanniyakumari,கன்னியாகுமரி,803939,5
Tamil Nadu,62.0,5,Municipality,252613,2,Karamadai,காரமடை,803962,5
Tamil Nadu,63.0,5,Municipality,252628,2,Karumathampatti,கருமத்தம்பட்டி,803964,5
Tamil Nadu,64.0,5,Municipality,252980,1,Kayalpattinam,Kayalpattinam,803826,5
Tamil Nadu,65.0,5,Municipality,252958,1,Keelakarai,Keelakarai,803812,5
Tamil Nadu,66.0,5,Municipality,252713,1,Kodaikanal,Kodaikanal,803595,5
Tamil Nadu,67.0,5,Municipality,253042,4,Kollancode,கொல்லங்கோடு,803889,5
Tamil Nadu,68.0,5,Municipality,252499,1,Komarapalayam,Komarapalayam,803482,5
Tamil Nadu,69.0,5,Municipality,252810,1,Koothanallur,Koothanallur,803686,5
Tamil Nadu,70.0,5,Municipality,252601,2,Kotagiri,கோத்தகிரி,803565,5
Tamil Nadu,71.0,5,Municipality,252440,4,Kottakuppam,கோட்டக்குப்பம்,803429,5
Tamil Nadu,72.0,5,Municipality,252962,1,Kovilpatti,Kovilpatti,803814,5
Tamil Nadu,73.0,5,Municipality,252402,1,Krishnagiri,Krishnagiri,803954,5
Tamil Nadu,74.0,5,Municipality,252731,1,Kulithalai,Kulithalai,803613,5
Tamil Nadu,75.0,5,Municipality,252298,2,Kundrathur,குன்றத்தூர்,803341,5
Tamil Nadu,76.0,5,Municipality,253038,1,Kuzhithurai,Kuzhithurai,803886,5
Tamil Nadu,77.0,5,Municipality,252747,2,Lalgudi,லால்குடி,803629,5
Tamil Nadu,78.0,5,Municipality,252665,2,Madukkarai,மதுக்கரை,803996,5
Tamil Nadu,79.0,5,Municipality,252347,7,Madurantakam,மதுராந்தகம்,803372,5
Tamil Nadu,80.0,5,Municipality,252344,3,Mamallapuram,மாமல்லபுரம்,803369,5
Tamil Nadu,81.0,5,Municipality,252868,2,Manamadurai,மானாமதுரை,803738,5
Tamil Nadu,82.0,5,Municipality,252757,1,Manapparai,Manapparai,803635,5
Tamil Nadu,83.0,5,Municipality,252295,3,Mangadu,மாங்காடு,803340,5
Tamil Nadu,84.0,5,Municipality,252811,2,Mannargudi,Mannargudi,803687,5
Tamil Nadu,85.0,5,Municipality,252330,3,Maraimalainagar,Maraimalainagar,803362,5
Tamil Nadu,86.0,5,Municipality,252794,2,Mayiladuthurai,Mayiladuthurai,803670,5
Tamil Nadu,87.0,5,Municipality,252871,1,Melur,Melur,803741,5
Tamil Nadu,88.0,5,Municipality,252366,2,Melvisharam,Melvisharam,803386,5
Tamil Nadu,89.0,5,Municipality,252612,1,Mettupalayam,Mettupalayam,803961,5
Tamil Nadu,90.0,5,Municipality,252457,1,Mettur,Mettur,803446,5
Tamil Nadu,91.0,5,Municipality,252738,2,Musiri,முசிறி,803620,5
Tamil Nadu,92.0,5,Municipality,299500,1,Nagapattinam,Nagapattinam,000000,5
Tamil Nadu,93.0,5,Municipality,252518,8,Namakkal,Namakkal,803497,5
Tamil Nadu,94.0,5,Municipality,252329,3,Nandivaram - Guduvancheri,நந்திரவரம்-கூடுவாஞ்சேரி,803361,5
Tamil Nadu,95.0,5,Municipality,252363,1,Narasingapuram,Narasingapuram,803474,5
Tamil Nadu,96.0,5,Municipality,252769,1,Nellikuppam,Nellikuppam,803648,5
Tamil Nadu,97.0,5,Municipality,252594,1,Nelliyalam,Nelliyalam,803558,5
Tamil Nadu,98.0,5,Municipality,252695,2,Oddanchatram,Oddanchatram,803579,5
Tamil Nadu,99.0,5,Municipality,253061,1,Padmanabhapuram,Padmanabhapuram,803907,5
Tamil Nadu,100.0,5,Municipality,252692,1,Palani,Palani,803576,5
Tamil Nadu,101.0,5,Municipality,252636,1,Palladam,Palladam,804028,5
Tamil Nadu,102.0,5,Municipality,252720,2,Pallapatti,பள்ளப்பட்டி,803602,5
Tamil Nadu,103.0,5,Municipality,252506,1,Pallipalayam,Pallipalayam,803486,5
Tamil Nadu,104.0,5,Municipality,252770,1,Panruti,Panruti,803649,5
Tamil Nadu,105.0,5,Municipality,252952,1,Paramakudi,Paramakudi,803805,5
Tamil Nadu,106.0,5,Municipality,252839,2,Pattukkottai,Pattukkottai,803711,5
Tamil Nadu,107.0,5,Municipality,252762,1,Perambalur,Perambalur,803639,5
Tamil Nadu,108.0,5,Municipality,252902,1,Periyakulam,Periyakulam,803767,5
Tamil Nadu,109.0,5,Municipality,252350,4,Pernambut,பேரணாம்பட்டு,803376,5
Tamil Nadu,110.0,5,Municipality,252558,2,Perundurai,பெருந்துறை,803534,5
Tamil Nadu,111.0,5,Municipality,252674,1,Pollachi,Pollachi,804002,5
Tamil Nadu,112.0,5,Municipality,252429,2,Polur,போளூர்,803418,5
Tamil Nadu,113.0,5,Municipality,252264,5,Ponneri,பொன்னேரி,803315,5
Tamil Nadu,114.0,5,Municipality,252278,1,Poonamallee,Poonamallee,803327,5
Tamil Nadu,115.0,5,Municipality,300381,4,Pugalur,புகலூர்,000000,5
Tamil Nadu,116.0,5,Municipality,252990,3,Puliangudi,புளியங்குடி,803839,5
Tamil Nadu,117.0,5,Municipality,252531,1,Punjaipuliampatti,Punjaipuliampatti,803509,5
Tamil Nadu,118.0,5,Municipality,252923,1,Rajapalayam,Rajapalayam,803787,5
Tamil Nadu,119.0,5,Municipality,252957,1,Ramanathapuram,Ramanathapuram,803810,5
Tamil Nadu,120.0,5,Municipality,290447,1,Rameswaram,ராமேஸ்வரம்,000000,5
Tamil Nadu,121.0,5,Municipality,252364,2,Ranipet,Ranipet,803385,5
Tamil Nadu,122.0,5,Municipality,252512,1,Rasipuram,Rasipuram,803493,5
Tamil Nadu,123.0,5,Municipality,252992,3,Sankarankovil,சங்கரன்கோவில்,803841,5
Tamil Nadu,124.0,5,Municipality,252473,2,Sankari,சங்ககிரி,803461,5
Tamil Nadu,125.0,5,Municipality,252528,1,Sathyamangalam,Sathyamangalam,803505,5
Tamil Nadu,126.0,5,Municipality,252948,1,Sattur,Sattur,803802,5
Tamil Nadu,127.0,5,Municipality,253006,3,Sengottai,செங்கோட்டை,803855,5
Tamil Nadu,128.0,5,Municipality,252360,3,Sholingur,சோளிங்கர்,803382,5
Tamil Nadu,129.0,5,Municipality,252791,4,Sirkali,சீர்காழி,803667,5
Tamil Nadu,130.0,5,Municipality,252866,2,Sivagangai,Sivagangai,803736,5
Tamil Nadu,131.0,5,Municipality,252299,3,Sriperumbudur,திருப்பெரும்புதூர்,803342,5
Tamil Nadu,132.0,5,Municipality,252932,1,Srivilliputhur,Srivilliputhur,803794,5
Tamil Nadu,133.0,5,Municipality,252993,3,Surandai,சுரண்டை,803842,5
Tamil Nadu,134.0,5,Municipality,252997,2,Tenkasi,Tenkasi,803846,5
Tamil Nadu,135.0,5,Municipality,252466,2,Tharamangalam,தாரமங்கலம்,803454,5
Tamil Nadu,136.0,5,Municipality,252905,4,Theni-Allinagaram,தேனி அல்லிநகரம்,803769,5
Tamil Nadu,137.0,5,Municipality,252616,2,Thirumuruganpoondi,திருமுருகன்பூண்டி,804022,5
Tamil Nadu,138.0,5,Municipality,252275,3,Thirunindravur,திருநின்றவூர்,803324,5
Tamil Nadu,139.0,5,Municipality,252398,2,Thirupathur,Thirupathur,803410,5
Tamil Nadu,140.0,5,Municipality,252812,2,Thiruthuraipoondi,Thiruthuraipoondi,803688,5
Tamil Nadu,141.0,5,Municipality,252830,2,Thiruvaiyaru,திருவையாறு,803704,5
Tamil Nadu,142.0,5,Municipality,252434,4,Thiruvannamalai,Thiruvannamalai,803422,5
Tamil Nadu,143.0,5,Municipality,252424,2,Thiruvathipuram,Thiruvathipuram,803413,5
Tamil Nadu,144.0,5,Municipality,252277,2,Thiruverkadu,திருவேற்காடு,803325,5
Tamil Nadu,145.0,5,Municipality,252741,1,Thuraiyur,Thuraiyur,803623,5
Tamil Nadu,146.0,5,Municipality,252754,1,Thuvakudi,Thuvakudi,803634,5
Tamil Nadu,147.0,5,Municipality,252438,2,Tindivanam,Tindivanam,803427,5
Tamil Nadu,148.0,5,Municipality,252984,2,Tiruchendur,திருச்செந்தூர்,803833,5
Tamil Nadu,149.0,5,Municipality,252502,1,Tiruchengode,Tiruchengode,803484,5
Tamil Nadu,150.0,5,Municipality,252446,4,Tirukkoyilur,திருக்கோயிலூர்,803435,5
Tamil Nadu,151.0,5,Municipality,252888,2,Tirumangalam,திருமங்கலம்,803753,5
Tamil Nadu,152.0,5,Municipality,252269,2,Tiruttani,Tiruttani,803319,5
Tamil Nadu,153.0,5,Municipality,252273,2,Tiruvallur,Tiruvallur,803322,5
Tamil Nadu,154.0,5,Municipality,252808,2,Tiruvarur,Tiruvarur,803684,5
Tamil Nadu,155.0,5,Municipality,252789,3,Tittakudi,திட்டக்குடி,803666,5
Tamil Nadu,156.0,5,Municipality,252600,1,Udhagamandalam,Udhagamandalam,803564,5
Tamil Nadu,157.0,5,Municipality,252683,3,Udumalpet,உடுமலைப்பேட்டை,804029,5
Tamil Nadu,158.0,5,Municipality,252453,3,Ulundurpettai,உளுந்தூர்பேட்டை,803442,5
Tamil Nadu,159.0,5,Municipality,252884,5,Usilampatti,Usilampatti,803749,5
Tamil Nadu,160.0,5,Municipality,252776,2,Vadalur,வடலூர்,803652,5
Tamil Nadu,161.0,5,Municipality,252689,1,Valparai,Valparai,804010,5
Tamil Nadu,162.0,5,Municipality,252426,1,Vandavasi,Vandavasi,803415,5
Tamil Nadu,163.0,5,Municipality,252394,2,Vaniyambadi,Vaniyambadi,803404,5
Tamil Nadu,164.0,5,Municipality,252802,4,Vedaranyam,Vedaranyam,803678,5
Tamil Nadu,165.0,5,Municipality,252587,1,Vellakoil,Vellakoil,804013,5
Tamil Nadu,166.0,5,Municipality,253015,3,Vikramasingapuram,Vikramasingapuram,803863,5
Tamil Nadu,167.0,5,Municipality,252442,6,Villupuram,Villupuram,803431,5
Tamil Nadu,168.0,5,Municipality,252787,1,Virudhachalam,Virudhachalam,803664,5
Tamil Nadu,169.0,5,Municipality,252943,1,Virudhunagar,Virudhunagar,803798,5
Tamil Nadu,170.0,5,Municipality,252365,3,Walajapet,வாலாஜாபேட்டை,803384,5
Tamil Nadu,171.0,7,Town Panchayat,252954,3,Abiramam,அபிராமம்,803807,7
Tamil Nadu,172.0,7,Town Panchayat,253002,2,Achampudur,அச்சன்புதூர்,803851,7
Tamil Nadu,173.0,7,Town Panchayat,252348,2,Acharapakkam,அச்சரபாக்கம்,803373,7
Tamil Nadu,174.0,7,Town Panchayat,252607,1,Adikaratti,அதிகரட்டி,803569,7
Tamil Nadu,175.0,7,Town Panchayat,252818,1,Aduthurai,ஆடுதுறை,803691,7
Tamil Nadu,176.0,7,Town Panchayat,252702,2,Agaram,அகரம்,803587,7
Tamil Nadu,177.0,7,Town Panchayat,253090,2,Agastheeswaram,அகஸ்தீஸ்வரம்,803937,7
Tamil Nadu,178.0,7,Town Panchayat,252505,1,Alampalayam,ஆலம்பாளையம்,803485,7
Tamil Nadu,179.0,7,Town Panchayat,252883,1,Alanganallur,அலங்காநல்லுhர்,803748,7
Tamil Nadu,180.0,7,Town Panchayat,252395,2,Alangayam,ஆலங்காயம்,803405,7
Tamil Nadu,181.0,7,Town Panchayat,252852,1,Alangudi,ஆலங்குடி,803721,7
Tamil Nadu,182.0,7,Town Panchayat,253008,2,Alangulam,ஆலங்குளம்,803857,7
Tamil Nadu,183.0,7,Town Panchayat,252658,1,Alanthurai,ஆலந்துரை,803994,7
Tamil Nadu,184.0,7,Town Panchayat,253012,3,Alwarkurichi,ஆழ்வார்குறிச்சி,803861,7
Tamil Nadu,185.0,7,Town Panchayat,252977,1,Alwarthirunagiri,ஆழ்வார்திருநகரி,803829,7
Tamil Nadu,186.0,7,Town Panchayat,252714,1,Ammainaickanur,அம்மைநாயக்கனூர்,803597,7
Tamil Nadu,187.0,7,Town Panchayat,252533,1,Ammapettai,அம்மாபேட்டை,803703,7
Tamil Nadu,188.0,7,Town Panchayat,252829,1,Ammapettai,அம்மாப்பேட்டை,803511,7
Tamil Nadu,189.0,7,Town Panchayat,252361,2,Ammoor,அம்மூர்,803383,7
Tamil Nadu,190.0,7,Town Panchayat,252678,1,Anaimalai,ஆனைமலை,804006,7
Tamil Nadu,191.0,7,Town Panchayat,252437,5,Ananthapuram,அனந்தபுரம்,803426,7
Tamil Nadu,192.0,7,Town Panchayat,253089,2,Anjugrammam,அஞ்சுகிராமம்,803933,7
Tamil Nadu,193.0,7,Town Panchayat,252782,1,Annamalai Nagar,அண்ணாமலைநகர்,803658,7
Tamil Nadu,194.0,7,Town Panchayat,252844,1,Annavasal,அன்னவாசல்,803716,7
Tamil Nadu,195.0,7,Town Panchayat,252614,1,Annur,அன்னூர்,803969,7
Tamil Nadu,196.0,7,Town Panchayat,252535,2,Anthiyur,அந்தியூர்,803512,7
Tamil Nadu,197.0,7,Town Panchayat,252537,1,Appakudal,ஆப்பக்கூடல்,803516,7
Tamil Nadu,198.0,7,Town Panchayat,252575,1,Arachalur,அரச்சலூர்,803551,7
Tamil Nadu,199.0,7,Town Panchayat,252445,2,Arakandanallur,அரகண்டநல்லூர்,803434,7
Tamil Nadu,200.0,7,Town Panchayat,253076,1,Aralvaimozhi,ஆரல்வாய்மொழி,803923,7
Tamil Nadu,201.0,7,Town Panchayat,252263,4,Arani,ஆரணி,803316,7
Tamil Nadu,202.0,7,Town Panchayat,252471,1,Arasiramani,அரசிராமணி,803459,7
Tamil Nadu,203.0,7,Town Panchayat,252719,1,Aravakurichi,அரவக்குறிச்சி,803601,7
Tamil Nadu,204.0,7,Town Panchayat,252850,1,Arimalam,அரிமளம்,803719,7
Tamil Nadu,205.0,7,Town Panchayat,252529,1,Ariyappampalayam,அரியப்பம்பாளையம்,803507,7
Tamil Nadu,206.0,7,Town Panchayat,253033,1,Arumanai,அருமனை,803881,7
Tamil Nadu,207.0,7,Town Panchayat,252760,1,Arumbavur,அரும்பாவூர்,803638,7
Tamil Nadu,208.0,7,Town Panchayat,252981,2,Arumuganeri,ஆறுமுகனேரி,803831,7
Tamil Nadu,209.0,7,Town Panchayat,252536,1,Athani,அத்தானி,803514,7
Tamil Nadu,210.0,7,Town Panchayat,252509,1,Athanur,அத்தனூர்,803488,7
Tamil Nadu,211.0,7,Town Panchayat,252979,1,Athur,ஆத்தூர்,803827,7
Tamil Nadu,212.0,7,Town Panchayat,253055,1,Athur,ஆத்தூர்,803900,7
Tamil Nadu,213.0,7,Town Panchayat,252483,2,Attayampatti,ஆட்டையாம்பட்டி,803467,7
Tamil Nadu,214.0,7,Town Panchayat,252922,2,Aundipatti,ஆண்டிப்பட்டி,803786,7
Tamil Nadu,215.0,7,Town Panchayat,252572,2,Avalpoondurai,அவல்பூந்துரை,803545,7
Tamil Nadu,216.0,7,Town Panchayat,252870,1,A.Vellalapatti,அ.வெள்ளாளபட்டி,803740,7
Tamil Nadu,217.0,7,Town Panchayat,252691,1,Ayakudi,ஆயக்குடி,803577,7
Tamil Nadu,218.0,7,Town Panchayat,252996,2,Aygudi,ஆய்க்குடி,803845,7
Tamil Nadu,219.0,7,Town Panchayat,252486,1,Ayothiapattinam,அயோத்தியாபட்டணம்,803470,7
Tamil Nadu,220.0,7,Town Panchayat,252699,1,Ayyalur,அய்யலூர்,803583,7
Tamil Nadu,221.0,7,Town Panchayat,252711,2,Ayyampalayam,அய்யம்பாளையம்,803593,7
Tamil Nadu,222.0,7,Town Panchayat,252340,1,Ayyampettai,அய்யம்பேட்டை,803701,7
Tamil Nadu,223.0,7,Town Panchayat,260288,3,Azhagappapuram,அழகப்பாபுரம்,803932,7
Tamil Nadu,224.0,7,Town Panchayat,253073,2,Azhagiapandipuram,அழகியபாண்டியபுரம்,803921,7
Tamil Nadu,225.0,7,Town Panchayat,252740,1,Balakrishnampatti,பாலகிருட்டிணம்பட்டி,803622,7
Tamil Nadu,226.0,7,Town Panchayat,252694,1,Balasamudram,பாலசமுத்திரம்,803578,7
Tamil Nadu,227.0,7,Town Panchayat,252401,1,Bargur,பர்கூர்,803953,7
Tamil Nadu,228.0,7,Town Panchayat,252718,1,Batlagundu,வத்தலகுண்டு,803600,7
Tamil Nadu,229.0,7,Town Panchayat,252487,1,Belur,பேளூர்,803468,7
Tamil Nadu,230.0,7,Town Panchayat,252530,1,Bhavanisagar,பவானிசாகர்,803508,7
Tamil Nadu,231.0,7,Town Panchayat,252779,1,Bhuvanagiri,புவனகிரி,803655,7
Tamil Nadu,232.0,7,Town Panchayat,252609,2,Bikkatty,பிக்கட்டி,803572,7
Tamil Nadu,233.0,7,Town Panchayat,252415,1,B.Mallapuram,பொ. மல்லாபுரம்,803946,7
Tamil Nadu,234.0,7,Town Panchayat,252896,1,B. Meenakshipuram,போ. மீனாட்சிபுரம்,803762,7
Tamil Nadu,235.0,7,Town Panchayat,253074,3,Boothapandi,பூதப்பாண்டி,803922,7
Tamil Nadu,236.0,7,Town Panchayat,252895,1,Boothipuram,பூதிப்புரம்,803759,7
Tamil Nadu,237.0,7,Town Panchayat,252584,1,Chennasamudram,சென்னசமுத்திரம்,803557,7
Tamil Nadu,238.0,7,Town Panchayat,252562,1,Chennimalai,சென்னிமலை,803535,7
Tamil Nadu,239.0,7,Town Panchayat,253019,5,Cheranmahadevi,சேரன்மகாதேவி,803865,7
Tamil Nadu,240.0,7,Town Panchayat,252430,1,Chetpet,சேத்துப்பட்டு,803419,7
Tamil Nadu,241.0,7,Town Panchayat,252926,1,Chettiarpatti,செட்டியார்பட்டி,803789,7
Tamil Nadu,242.0,7,Town Panchayat,252617,1,Chettipalayam,செட்டிபாளையம்,803995,7
Tamil Nadu,243.0,7,Town Panchayat,252593,5,Chinnakkampalayam,சின்னக்காம்பாளையம்,804019,7
Tamil Nadu,244.0,7,Town Panchayat,252709,3,Chinnalapatti,சின்னாளப்பட்டி,803592,7
Tamil Nadu,245.0,7,Town Panchayat,252452,2,Chinnasalem,சின்னசேலம்,803441,7
Tamil Nadu,246.0,7,Town Panchayat,252564,2,Chithode,சித்தோடு,803537,7
Tamil Nadu,247.0,7,Town Panchayat,252819,1,Cholapuram,சோழபுரம்,803695,7
Tamil Nadu,248.0,7,Town Panchayat,253001,2,Courtalam,குற்றாலம்,803849,7
Tamil Nadu,249.0,7,Town Panchayat,252406,1,Denkanikottai,தேன்கனிக்கோட்டை,803957,7
Tamil Nadu,250.0,7,Town Panchayat,252427,1,Desur,தேசூர்,803416,7
Tamil Nadu,251.0,7,Town Panchayat,252899,1,Devadanapatti,தேவதானப்பட்டி,803764,7
Tamil Nadu,252.0,7,Town Panchayat,252595,1,Devarshola,தேவர்சோலா,803559,7
Tamil Nadu,253.0,7,Town Panchayat,252688,1,Dhali,தளி,804030,7
Tamil Nadu,254.0,7,Town Panchayat,252656,2,Dhaliyur,தளியூர்,803986,7
Tamil Nadu,255.0,7,Town Panchayat,253034,2,Edaicode,இடைக்கோடு,803882,7
Tamil Nadu,256.0,7,Town Panchayat,252349,3,Edaikazhinadu,இடைக்கழிநாடு,803374,7
Tamil Nadu,257.0,7,Town Panchayat,260289,1,Elampillai,இளம்பிள்ளை,803464,7
Tamil Nadu,258.0,7,Town Panchayat,252548,1,Elathur,எலத்தூர்,803526,7
Tamil Nadu,259.0,7,Town Panchayat,252885,1,Elumalai,எழுமலை,803750,7
Tamil Nadu,260.0,7,Town Panchayat,252975,1,Eral,ஏரல்,803825,7
Tamil Nadu,261.0,7,Town Panchayat,253064,1,Eraniel,இரணியல்,803910,7
Tamil Nadu,262.0,7,Town Panchayat,252698,2,Eriodu,எரியோடு,803582,7
Tamil Nadu,263.0,7,Town Panchayat,252520,2,Erumaipatti,எருமைப்பட்டி,803498,7
Tamil Nadu,264.0,7,Town Panchayat,253028,3,Eruvadi,ஏர்வாடி,803875,7
Tamil Nadu,265.0,7,Town Panchayat,252489,1,Ethapur,ஏத்தாப்பூர்,803472,7
Tamil Nadu,266.0,7,Town Panchayat,252966,1,Ettayapuram,எட்டையபுரம்,803818,7
Tamil Nadu,267.0,7,Town Panchayat,252666,1,Ettimadai,எட்டிமடை,803997,7
Tamil Nadu,268.0,7,Town Panchayat,253081,1,Ganapathipuram,கணபதிபுரம்,803930,7
Tamil Nadu,269.0,7,Town Panchayat,306237,1,Gandarvakottai,,,7
Tamil Nadu,270.0,7,Town Panchayat,252788,1,Gangaikondan,கெங்கைகொண்டான்,803663,7
Tamil Nadu,271.0,7,Town Panchayat,252496,1,Gangavalli,கெங்கவல்லி,803478,7
Tamil Nadu,272.0,7,Town Panchayat,252900,1,Ganguvarpatti,கெங்குவார்பட்டி,803763,7
Tamil Nadu,273.0,7,Town Panchayat,252436,3,Gingee,செஞ்சி,803425,7
Tamil Nadu,274.0,7,Town Panchayat,253022,3,Gopalasamudram,கோபாலசமுத்திரம்,803871,7
Tamil Nadu,275.0,7,Town Panchayat,252262,1,Gummidipoondi,கும்மிடிப்பூண்டி,803314,7
Tamil Nadu,276.0,7,Town Panchayat,252916,1,Hanumanthampatti,அனுமந்தன்பட்டி,803780,7
Tamil Nadu,277.0,7,Town Panchayat,252921,1,Highways,ஹைவேவிஸ்,803785,7
Tamil Nadu,278.0,7,Town Panchayat,252608,1,Huligal,உலிக்கல்,803571,7
Tamil Nadu,279.0,7,Town Panchayat,252641,1,Idikarai,இடிகரை,803973,7
Tamil Nadu,280.0,7,Town Panchayat,252999,2,Ilanji,இலஞ்சி,803848,7
Tamil Nadu,281.0,7,Town Panchayat,252869,1,Ilayangudi,இளையான்குடி,803739,7
Tamil Nadu,282.0,7,Town Panchayat,252843,1,Iluppur,இலுப்பூர்,803715,7
Tamil Nadu,283.0,7,Town Panchayat,252629,1,Irugur,இருகூர்,803965,7
Tamil Nadu,284.0,7,Town Panchayat,252602,1,Jagathala,ஜெகதளா,803566,7
Tamil Nadu,285.0,7,Town Panchayat,252462,1,Jalakandapuram,ஜலகண்டாபுரம்,803450,7
Tamil Nadu,286.0,7,Town Panchayat,252538,1,Jambai,ஜம்பை,803515,7
Tamil Nadu,287.0,7,Town Panchayat,252964,1,Kadambur,கடம்பூர்,803816,7
Tamil Nadu,288.0,7,Town Panchayat,252414,1,Kadathur,கடத்தூர்,803945,7
Tamil Nadu,289.0,7,Town Panchayat,253032,1,Kadayal,கடையல்,803880,7
Tamil Nadu,290.0,7,Town Panchayat,252463,2,Kadayampatti,காடையாம்பட்டி,803451,7
Tamil Nadu,291.0,7,Town Panchayat,252428,1,Kalambur,களம்பூர்,803417,7
Tamil Nadu,292.0,7,Town Panchayat,252516,2,Kalappanaickenpatti,காளப்பநாயக்கன்பட்டி,803495,7
Tamil Nadu,293.0,7,Town Panchayat,252376,2,Kalavai,கலவை,803395,7
Tamil Nadu,294.0,7,Town Panchayat,253036,1,Kaliyakkavilai,களியக்காவிளை,803884,7
Tamil Nadu,295.0,7,Town Panchayat,252744,1,Kallakudi,கள்ளக்குடி,803626,7
Tamil Nadu,296.0,7,Town Panchayat,253017,4,Kallidaikurichi,கல்லிடைக்குறிச்சி,803867,7
Tamil Nadu,297.0,7,Town Panchayat,253065,1,Kallukuttam,கல்லுக்கூட்டம்,803914,7
Tamil Nadu,298.0,7,Town Panchayat,252961,2,Kalugumalai,கழுகுமலை,803815,7
Tamil Nadu,299.0,7,Town Panchayat,252919,1,Kamayagoundanpatti,காமயகவுண்டன்பட்டி,803782,7
Tamil Nadu,300.0,7,Town Panchayat,252412,1,Kambainallur,கம்பைநல்லூர்,803943,7
Tamil Nadu,301.0,7,Town Panchayat,252955,1,Kamuthi,கமுதி,803808,7
Tamil Nadu,302.0,7,Town Panchayat,252858,2,Kanadukathan,கானாடுகாத்தான்,803728,7
Tamil Nadu,303.0,7,Town Panchayat,252982,1,Kanam,கானம்,803832,7
Tamil Nadu,304.0,7,Town Panchayat,252861,1,Kandanur,கந்தனூர்,803731,7
Tamil Nadu,305.0,7,Town Panchayat,252682,1,Kaniyur,கணியூர்,804031,7
Tamil Nadu,306.0,7,Town Panchayat,252553,2,Kanjikovil,காஞ்சிக்கோயில்,803530,7
Tamil Nadu,307.0,7,Town Panchayat,252420,1,Kannamangalam,கண்ணமங்கலம்,803411,7
Tamil Nadu,308.0,7,Town Panchayat,252634,1,Kannampalayam,கண்ணம்பாளயம்,803968,7
Tamil Nadu,309.0,7,Town Panchayat,252475,1,Kannankurichi,கன்னங்குறிச்சி,803462,7
Tamil Nadu,310.0,7,Town Panchayat,252589,5,Kannivadi,கன்னிவாடி,803590,7
Tamil Nadu,311.0,7,Town Panchayat,252705,2,Kannivadi,கன்னிவாடி,804015,7
Tamil Nadu,312.0,7,Town Panchayat,253058,1,Kappiyarai,கப்பியறை,803909,7
Tamil Nadu,313.0,7,Town Panchayat,252851,1,Karambakkudi,கரம்பக்குடி,803723,7
Tamil Nadu,314.0,7,Town Panchayat,252945,1,Kariapatti,காரியப்பட்டி,803799,7
Tamil Nadu,315.0,7,Town Panchayat,252408,3,Karimangalam,காரிமங்கலம்,803941,7
Tamil Nadu,316.0,7,Town Panchayat,252554,1,Karumandi Chellipalayam,கருமாண்டிசெல்லிபாளையம்,803533,7
Tamil Nadu,317.0,7,Town Panchayat,253046,1,Karungal,கருங்கல்,803894,7
Tamil Nadu,318.0,7,Town Panchayat,252346,2,Karunguzhi,கருங்குழி,803371,7
Tamil Nadu,319.0,7,Town Panchayat,252465,1,Karuppur,கருப்பூர்,803453,7
Tamil Nadu,320.0,7,Town Panchayat,252546,1,Kasipalayam (G),காசிப்பாளையம்(கோபி),803522,7
Tamil Nadu,321.0,7,Town Panchayat,252785,1,Kattumannarkoil,காட்டுமன்னார்கோயில்,803661,7
Tamil Nadu,322.0,7,Town Panchayat,252735,1,Kattuputhur,காட்டுப்புத்தூர்,803616,7
Tamil Nadu,323.0,7,Town Panchayat,252371,2,Kaveripakkam,காவேரிப்பாக்கம்,803390,7
Tamil Nadu,324.0,7,Town Panchayat,252404,1,Kaveripattinam,காவேரிப்பட்டிணம்,803955,7
Tamil Nadu,325.0,7,Town Panchayat,252965,1,Kayatharu,கயத்தாறு,803817,7
Tamil Nadu,326.0,7,Town Panchayat,252853,1,Keeramangalam,கீரமங்கலம்,803722,7
Tamil Nadu,327.0,7,Town Panchayat,252690,1,Keeranur,கீரனூர்,803717,7
Tamil Nadu,328.0,7,Town Panchayat,252845,1,Keeranur,கீரனூர்,803574,7
Tamil Nadu,329.0,7,Town Panchayat,252493,1,Keeripatti,கீரிப்பட்டி,803475,7
Tamil Nadu,330.0,7,Town Panchayat,253044,5,Keezhkulam,கீழ்குளம்,803893,7
Tamil Nadu,331.0,7,Town Panchayat,252405,1,Kelamangalam,கெலமங்கலம்,803956,7
Tamil Nadu,332.0,7,Town Panchayat,252527,1,Kembainaickenpalayam,கெம்பைநாய்க்கன்பாளையம்,803506,7
Tamil Nadu,333.0,7,Town Panchayat,252603,1,Kethi,கேத்தி,803568,7
Tamil Nadu,334.0,7,Town Panchayat,252577,2,Kilambadi,கிளாம்பாடி,803548,7
Tamil Nadu,335.0,7,Town Panchayat,253007,3,Kilapavoor,கீழப்பாவூர்,803856,7
Tamil Nadu,336.0,7,Town Panchayat,252610,1,Kilkunda,கீழ்குந்தா,803573,7
Tamil Nadu,337.0,7,Town Panchayat,252780,1,Killai,கிள்ளை,803656,7
Tamil Nadu,338.0,7,Town Panchayat,253045,2,Killiyoor,கிள்ளியூர்,803892,7
Tamil Nadu,339.0,7,Town Panchayat,252433,1,Kilpennathur,கீழ்பென்னாத்தூர்,803423,7
Tamil Nadu,340.0,7,Town Panchayat,252799,3,Kilvelur,கீழ்வேலூர்,803675,7
Tamil Nadu,341.0,7,Town Panchayat,252670,1,Kinathukadavu,கிணத்துக்கடவு,804000,7
Tamil Nadu,342.0,7,Town Panchayat,252804,2,Kodavasal,குடவாசல்,803680,7
Tamil Nadu,343.0,7,Town Panchayat,252583,1,Kodumudi,கொடுமுடி,803556,7
Tamil Nadu,344.0,7,Town Panchayat,252549,1,Kolappalur,கொளப்பலூர்,803527,7
Tamil Nadu,345.0,7,Town Panchayat,252591,1,Kolathupalayam,கொளத்துபாளையம்,804017,7
Tamil Nadu,346.0,7,Town Panchayat,252455,1,Kolathur,கொளத்தூர்,803443,7
Tamil Nadu,347.0,7,Town Panchayat,252580,1,Kollankoil,கொல்லன்கோயில்,803554,7
Tamil Nadu,348.0,7,Town Panchayat,252687,1,Komaralingam,கொமரலிங்கம்,804033,7
Tamil Nadu,349.0,7,Town Panchayat,252912,1,Kombai,கோம்பை,803776,7
Tamil Nadu,350.0,7,Town Panchayat,252469,1,Konganapuram,கொங்கணாபுரம்,803457,7
Tamil Nadu,351.0,7,Town Panchayat,252752,1,Koothappar,கூத்தப்பார்,803632,7
Tamil Nadu,352.0,7,Town Panchayat,252805,1,Koradacheri,கொரடாச்சேரி,803681,7
Tamil Nadu,353.0,7,Town Panchayat,253053,2,Kothanallur,கோதைநல்லூர்,803903,7
Tamil Nadu,354.0,7,Town Panchayat,252860,2,Kottaiyur,கோட்டையூர்,803730,7
Tamil Nadu,355.0,7,Town Panchayat,253088,3,Kottaram,கொட்டாரம்,803934,7
Tamil Nadu,356.0,7,Town Panchayat,252681,1,Kottur,கோட்டூர்,804009,7
Tamil Nadu,357.0,7,Town Panchayat,252729,1,Krishnarayapuram,கிருஷ்ணராயபுரம்,803611,7
Tamil Nadu,358.0,7,Town Panchayat,252909,1,Kuchanur,குச்சனூர்,803773,7
Tamil Nadu,359.0,7,Town Panchayat,252544,3,Kugalur,கூகலூர்,803524,7
Tamil Nadu,360.0,7,Town Panchayat,253050,2,Kulasekaram,குலசேகரம்,803898,7
Tamil Nadu,361.0,7,Town Panchayat,253052,1,Kumarapuram,குமாரபுரம்,803902,7
Tamil Nadu,362.0,7,Town Panchayat,252556,3,Kunnathur,குன்னத்தூர்,804020,7
Tamil Nadu,363.0,7,Town Panchayat,252775,4,Kurinjipadi,குறிஞ்சிப்பாடி,803651,7
Tamil Nadu,364.0,7,Town Panchayat,252761,1,Kurumbalur,குறும்பலூர்,803640,7
Tamil Nadu,365.0,7,Town Panchayat,252795,2,Kuthalam,குத்தாலம்,803671,7
Tamil Nadu,366.0,7,Town Panchayat,252763,1,Labbaikudikadu,லப்பைக்குடிகாடு,803641,7
Tamil Nadu,367.0,7,Town Panchayat,252545,1,Lakkampatti,லக்கம்பட்டி,803521,7
Tamil Nadu,368.0,7,Town Panchayat,252784,1,Lalpet,லால்பேட்டை,803660,7
Tamil Nadu,369.0,7,Town Panchayat,252685,1,Madathukulam,மடத்துக்குளம்,804032,7
Tamil Nadu,370.0,7,Town Panchayat,252838,2,Madukkur,மதுக்கூர்,803710,7
Tamil Nadu,371.0,7,Town Panchayat,252946,1,Mallankinaru,மல்லாங்கிணறு,803800,7
Tamil Nadu,372.0,7,Town Panchayat,252501,1,Mallasamudram,மல்லசமுத்திரம்,803481,7
Tamil Nadu,373.0,7,Town Panchayat,252485,2,Mallur,மல்லூர்,803466,7
Tamil Nadu,374.0,7,Town Panchayat,252931,1,Mamsapuram,மம்சாபுரம்,803795,7
Tamil Nadu,375.0,7,Town Panchayat,252743,1,Manachanallur,மண்ணச்சநல்லூர்,803625,7
Tamil Nadu,376.0,7,Town Panchayat,252793,3,Manalmedu,மணல்மேடு,803669,7
Tamil Nadu,377.0,7,Town Panchayat,252444,3,Manalurpet,மணலூர்பேட்டை,803433,7
Tamil Nadu,378.0,7,Town Panchayat,253069,1,Manavalakurichi,மணவாளக்குறிச்சி,803919,7
Tamil Nadu,379.0,7,Town Panchayat,253070,1,Mandaikadu,மண்டைக்காடு,803918,7
Tamil Nadu,380.0,7,Town Panchayat,252959,1,Mandapam,மண்டபம்,803811,7
Tamil Nadu,381.0,7,Town Panchayat,252786,1,Mangalampet,மங்கலம்பேட்டை,803662,7
Tamil Nadu,382.0,7,Town Panchayat,253023,5,Manimutharu,மணிமுத்தாறு,803868,7
Tamil Nadu,383.0,7,Town Panchayat,252439,3,Marakkanam,மரக்காணம்,803428,7
Tamil Nadu,384.0,7,Town Panchayat,252407,1,Marandahalli,மாரண்டஹள்ளி,803940,7
Tamil Nadu,385.0,7,Town Panchayat,252910,1,Markayankottai,மார்க்கையன்கோட்டை,803774,7
Tamil Nadu,386.0,7,Town Panchayat,252732,1,Marudur,மருதூர்,803614,7
Tamil Nadu,387.0,7,Town Panchayat,253078,1,Marungur,மருங்கூர்,803925,7
Tamil Nadu,388.0,7,Town Panchayat,252454,1,Mecheri,மேச்சேரி,803444,7
Tamil Nadu,389.0,7,Town Panchayat,252898,1,Melachokkanathapuram,மேலச்சொக்கநாதபுரம்,803761,7
Tamil Nadu,390.0,7,Town Panchayat,253000,2,Melagaram,மேலகரம்,803850,7
Tamil Nadu,391.0,7,Town Panchayat,253021,6,Melaseval,மேலச்சேவல்,803870,7
Tamil Nadu,392.0,7,Town Panchayat,252832,1,Melathiruppanthuruthi,மேலத்திருப்பந்துருத்தி,803705,7
Tamil Nadu,393.0,7,Town Panchayat,252828,1,Melattur,மெலட்டூர்,803702,7
Tamil Nadu,394.0,7,Town Panchayat,252768,1,Melpattampakkam,மேல்பட்டாம்பாக்கம்,803647,7
Tamil Nadu,395.0,7,Town Panchayat,252736,1,Mettupalayam,மேட்டுப்பாளையம்,803618,7
Tamil Nadu,396.0,7,Town Panchayat,252265,4,Minjur,மீஞ்சூர்,803317,7
Tamil Nadu,397.0,7,Town Panchayat,252573,4,Modakkurichi,மொடக்குறிச்சி,803546,7
Tamil Nadu,398.0,7,Town Panchayat,252521,1,Mohanur,மோகனூர்,803499,7
Tamil Nadu,399.0,7,Town Panchayat,253024,4,Moolaikaraipatti,மூலைக்கரைப்பட்டி,803872,7
Tamil Nadu,400.0,7,Town Panchayat,252627,1,Mopperipalayam,மோப்பேரிபாளையம்,803963,7
Tamil Nadu,401.0,7,Town Panchayat,252953,1,Mudukulathur,முதுகுளத்தூர்,803806,7
Tamil Nadu,402.0,7,Town Panchayat,253013,2,Mukkudal,முக்கூடல்,803862,7
Tamil Nadu,403.0,7,Town Panchayat,253057,1,Mulagumudu,முளகுமூடு,803905,7
Tamil Nadu,404.0,7,Town Panchayat,252590,1,Mulanur,மூலனூர்,804016,7
Tamil Nadu,405.0,7,Town Panchayat,252813,2,Muthupet,முத்துப்பேட்டை,803689,7
Tamil Nadu,406.0,7,Town Panchayat,252585,2,Muthur,முத்தூர்,804011,7
Tamil Nadu,407.0,7,Town Panchayat,253083,2,Mylaudy,மயிலாடி,803931,7
Tamil Nadu,408.0,7,Town Panchayat,252599,1,Naduvattam,நடுவட்டம்,803563,7
Tamil Nadu,409.0,7,Town Panchayat,252410,1,Nagojanahalli,நாகோஜனஹள்ளி,803958,7
Tamil Nadu,410.0,7,Town Panchayat,252555,1,Nallampatti,நல்லம்பட்டி,803531,7
Tamil Nadu,411.0,7,Town Panchayat,260663,2,Nalloor,நல்லூர்,803888,7
Tamil Nadu,412.0,7,Town Panchayat,252514,1,Namagiripettai,நாமகிரிப்பேட்டை,803490,7
Tamil Nadu,413.0,7,Town Panchayat,252550,1,Nambiyur,நம்பியூர்,803528,7
Tamil Nadu,414.0,7,Town Panchayat,252459,1,Nangavalli,நங்கவள்ளி,803448,7
Tamil Nadu,415.0,7,Town Panchayat,252733,1,Nangavaram,நங்கவரம்,803615,7
Tamil Nadu,416.0,7,Town Panchayat,253026,2,Nanguneri,நாங்குனேரி,803874,7
Tamil Nadu,417.0,7,Town Panchayat,252807,1,Nannilam,நன்னிலம்,803683,7
Tamil Nadu,418.0,7,Town Panchayat,253010,3,Naranammalpuram,நாரணம்மாள்புரம்,803859,7
Tamil Nadu,419.0,7,Town Panchayat,260290,2,Narasimhanaickenpalayam,நரசிம்மநாய்க்கன்பாளையம்,803975,7
Tamil Nadu,420.0,7,Town Panchayat,252283,3,Naravarikuppam,நாரவாரிக்குப்பம்,803335,7
Tamil Nadu,421.0,7,Town Panchayat,252565,1,Nasiyanur,நசியனூர்,803540,7
Tamil Nadu,422.0,7,Town Panchayat,252701,1,Natham,நத்தம்,803585,7
Tamil Nadu,423.0,7,Town Panchayat,252396,2,Natrampalli,நாட்ராம்பள்ளி,803408,7
Tamil Nadu,424.0,7,Town Panchayat,252865,2,Nattarasankottai,நாட்டரசன்கோட்டை,803735,7
Tamil Nadu,425.0,7,Town Panchayat,252983,1,Nazerath,நாசரேத்,803830,7
Tamil Nadu,426.0,7,Town Panchayat,252809,1,Needamangalam,நீடாமங்கலம்,803685,7
Tamil Nadu,427.0,7,Town Panchayat,252693,1,Neikkarapatti,நெய்காரப்பட்டி,803575,7
Tamil Nadu,428.0,7,Town Panchayat,252369,2,Nemili,நெமிலி,803389,7
Tamil Nadu,429.0,7,Town Panchayat,252532,2,Nerinjipettai,நெருஞ்சிபேட்டை,803510,7
Tamil Nadu,430.0,7,Town Panchayat,252855,2,Nerkuppai,நெற்குப்பை,803725,7
Tamil Nadu,431.0,7,Town Panchayat,253066,2,Neyyoor,நெய்யூர்,803912,7
Tamil Nadu,432.0,7,Town Panchayat,252715,1,Nilakkottai,நிலக்கோட்டை,803598,7
Tamil Nadu,433.0,7,Town Panchayat,260291,1,No. 4 Veerapandi,வீரபாண்டி,803970,7
Tamil Nadu,434.0,7,Town Panchayat,252914,1,Odaipatti,ஓடைப்பட்டி,803778,7
Tamil Nadu,435.0,7,Town Panchayat,252679,1,Odaiyakulam,ஒடையகுளம்,804007,7
Tamil Nadu,436.0,7,Town Panchayat,252389,3,Odugathur,ஒடுக்கத்தூர்,803403,7
Tamil Nadu,437.0,7,Town Panchayat,252534,1,Olagadam,ஒலகடம்,803513,7
Tamil Nadu,438.0,7,Town Panchayat,252464,1,Omalur,ஓமலூர்,803452,7
Tamil Nadu,439.0,7,Town Panchayat,252837,2,Orathanadu,ஒரந்தநாடு,803709,7
Tamil Nadu,440.0,7,Town Panchayat,252668,1,Othakalmandapam,ஒத்தக்கால்மண்டபம்,803998,7
Tamil Nadu,441.0,7,Town Panchayat,252597,1,O Valley,ஓவேலி,803561,7
Tamil Nadu,442.0,7,Town Panchayat,253037,1,Pacode,பாகோடு,803885,7
Tamil Nadu,443.0,7,Town Panchayat,252500,1,Padaiveedu,படவீடு,803483,7
Tamil Nadu,444.0,7,Town Panchayat,252409,1,Palakkodu,பாலக்கோடு,803942,7
Tamil Nadu,445.0,7,Town Panchayat,252880,1,Palamedu,பாலமேடு,803746,7
Tamil Nadu,446.0,7,Town Panchayat,252906,1,Palani Chettipatti,பழனிசெட்டிபட்டி,803770,7
Tamil Nadu,447.0,7,Town Panchayat,260292,2,Palappallam,பாலப்பள்ளம்,803895,7
Tamil Nadu,448.0,7,Town Panchayat,252696,1,Palayam,பாளையம்,803580,7
Tamil Nadu,449.0,7,Town Panchayat,252552,1,Pallapalayam,பள்ளபாளையம்,803529,7
Tamil Nadu,450.0,7,Town Panchayat,252633,2,Pallapalayam,பள்ளப்பாளையம்,803967,7
Tamil Nadu,451.0,7,Town Panchayat,252859,2,Pallathur,பள்ளத்தூர்,803729,7
Tamil Nadu,452.0,7,Town Panchayat,252377,6,Pallikonda,பள்ளிக்கொண்டா,803399,7
Tamil Nadu,453.0,7,Town Panchayat,252270,2,Pallipattu,பள்ளிப்பட்டு,803320,7
Tamil Nadu,454.0,7,Town Panchayat,253035,2,Palugal,பழுகல்,803883,7
Tamil Nadu,455.0,7,Town Panchayat,253031,3,Panagudi,பணகுடி,803878,7
Tamil Nadu,456.0,7,Town Panchayat,252481,1,Panaimarathupatti,பனமரத்துப்பட்டி,803465,7
Tamil Nadu,457.0,7,Town Panchayat,252372,2,Panapakkam,பனப்பாக்கம்,803391,7
Tamil Nadu,458.0,7,Town Panchayat,252525,1,Pandamangalam,பாண்டமங்கலம்,803504,7
Tamil Nadu,459.0,7,Town Panchayat,252712,1,Pannaikadu,பண்ணைக்காடு,803594,7
Tamil Nadu,460.0,7,Town Panchayat,252911,1,Pannaipuram,பண்ணைபுரம்,803775,7
Tamil Nadu,461.0,7,Town Panchayat,253004,3,Panpoli,பன்பொழி,803853,7
Tamil Nadu,462.0,7,Town Panchayat,252826,1,Papanasam,பாபநாசம்,803700,7
Tamil Nadu,463.0,7,Town Panchayat,252484,1,Papparapatti,பாப்பாரப்பட்டி,803949,7
Tamil Nadu,464.0,7,Town Panchayat,252416,1,Pappireddipatti,பாப்பிரெட்டிப்பட்டி,803947,7
Tamil Nadu,465.0,7,Town Panchayat,252522,1,Paramathi,பரமத்தி,803500,7
Tamil Nadu,466.0,7,Town Panchayat,252777,2,Parangipettai,பரங்கிப்பேட்டை,803653,7
Tamil Nadu,467.0,7,Town Panchayat,252872,1,Paravai,பரவை,803743,7
Tamil Nadu,468.0,7,Town Panchayat,252574,1,Pasur,பாசூர்,803547,7
Tamil Nadu,469.0,7,Town Panchayat,253020,2,Pathamadai,பத்தமடை,803869,7
Tamil Nadu,470.0,7,Town Panchayat,252511,2,Pattanam,பட்டணம்,803492,7
Tamil Nadu,471.0,7,Town Panchayat,252717,1,Pattiveeranpatti,பட்டிவீரன்பட்டி,803599,7
Tamil Nadu,472.0,7,Town Panchayat,252790,1,Pennadam,பெண்ணாடம்,803665,7
Tamil Nadu,473.0,7,Town Panchayat,252419,1,Pennagaram,பென்னாகரம்,803950,7
Tamil Nadu,474.0,7,Town Panchayat,252388,3,Pennathur,பென்னாத்தூர்,803402,7
Tamil Nadu,475.0,7,Town Panchayat,252886,1,Peraiyur,பேரையூர்,803752,7
Tamil Nadu,476.0,7,Town Panchayat,252806,1,Peralam,பேரளம்,803682,7
Tamil Nadu,477.0,7,Town Panchayat,252425,1,Peranamallur,பெரணமல்லூர்,803414,7
Tamil Nadu,478.0,7,Town Panchayat,252841,1,Peravurani,பேரவூரணி,803713,7
Tamil Nadu,479.0,7,Town Panchayat,252541,2,Periyakodiveri,பெரியகொடிவேரி,803519,7
Tamil Nadu,480.0,7,Town Panchayat,252638,1,Periyanaickenpalayam,பெரியநாய்க்கன்பாளையம்,803972,7
Tamil Nadu,481.0,7,Town Panchayat,252671,1,Periya Negamam,பெரியநெகமம்,804001,7
Tamil Nadu,482.0,7,Town Panchayat,252842,2,Perumagalur,பெருமகளூர்,803714,7
Tamil Nadu,483.0,7,Town Panchayat,252974,1,Perungulam,பெருங்குளம்,803823,7
Tamil Nadu,484.0,7,Town Panchayat,252661,1,Perur,பேரூர்,803991,7
Tamil Nadu,485.0,7,Town Panchayat,252551,1,Pethampalayam,பெத்தாம்பாளையம்,803532,7
Tamil Nadu,486.0,7,Town Panchayat,252490,1,Pethanaickenpalayam,பெத்தநாயக்கன்பாளையம்,803471,7
Tamil Nadu,487.0,7,Town Panchayat,252515,1,Pillanallur,பிள்ளாநல்லூர்,803494,7
Tamil Nadu,488.0,7,Town Panchayat,252730,2,P.J. Cholapuram,பி.ஜே சோழபுரம்,803612,7
Tamil Nadu,489.0,7,Town Panchayat,252543,1,P.Mettupalayam,பி மேட்டுப்பாளையம்,803525,7
Tamil Nadu,490.0,7,Town Panchayat,252458,1,P.N.Patti,பி என் பட்டி,803447,7
Tamil Nadu,491.0,7,Town Panchayat,253051,2,Ponmanai,பொன்மனை,803897,7
Tamil Nadu,492.0,7,Town Panchayat,252849,1,Ponnamaravathi,பொன்னமராவதி,803720,7
Tamil Nadu,493.0,7,Town Panchayat,252758,1,Ponnampatti,பொன்னம்பட்டி,803636,7
Tamil Nadu,494.0,7,Town Panchayat,252759,1,Poolambadi,பூலாம்பாடி,803637,7
Tamil Nadu,495.0,7,Town Panchayat,252467,1,Poolampatti,பூலாம்பட்டி,803455,7
Tamil Nadu,496.0,7,Town Panchayat,252659,1,Pooluvapatti,பூலுவப்பட்டி,803993,7
Tamil Nadu,497.0,7,Town Panchayat,260293,1,Poovalur,பூவாளுர்,803628,7
Tamil Nadu,498.0,7,Town Panchayat,252524,2,Pothanur,பொத்தனூர்,803502,7
Tamil Nadu,499.0,7,Town Panchayat,252271,1,Pothatturpettai,பொதட்டூர்பேட்டை,803321,7
Tamil Nadu,500.0,7,Town Panchayat,252431,1,Pudupalayam,புதுப்பாளையம்,803420,7
Tamil Nadu,501.0,7,Town Panchayat,252917,2,Pudupatti,புதுப்பட்டி,803781,7
Tamil Nadu,502.0,7,Town Panchayat,253005,2,Pudur (S),புதூர் (எஸ்),803854,7
Tamil Nadu,503.0,7,Town Panchayat,252862,1,Puduvayal,புதுவயல்,803732,7
Tamil Nadu,504.0,7,Town Panchayat,252726,1,Puliyur,புலியூர்,803608,7
Tamil Nadu,505.0,7,Town Panchayat,252745,1,Pullampadi,புல்லம்பாடி,803627,7
Tamil Nadu,506.0,7,Town Panchayat,252723,1,Punjai Thottakurichi,புஞ்சைதோட்டக்குறிச்சி,803605,7
Tamil Nadu,507.0,7,Town Panchayat,253085,1,Puthalam,புத்தளம்,803936,7
Tamil Nadu,508.0,7,Town Panchayat,253041,2,Puthukkadai,புதுக்கடை,803891,7
Tamil Nadu,509.0,7,Town Panchayat,252988,2,Rayagiri,ராயகிரி,803837,7
Tamil Nadu,510.0,7,Town Panchayat,253067,1,Reethapuram,ரீத்தாபுரம்,803913,7
Tamil Nadu,511.0,7,Town Panchayat,252510,1,R.Pudupatti,ஆர் புதுப்பட்டி,803489,7
Tamil Nadu,512.0,7,Town Panchayat,252951,2,R.S.Mangalam,ஆர் எஸ் மங்கலம்,803804,7
Tamil Nadu,513.0,7,Town Panchayat,252588,1,Rudravathi,ருத்ராவதி,804014,7
Tamil Nadu,514.0,7,Town Panchayat,252540,1,Salangapalayam,சலங்கபாளையம்,803518,7
Tamil Nadu,515.0,7,Town Panchayat,252630,1,Samalapuram,சாமளாபுரம்,804027,7
Tamil Nadu,516.0,7,Town Panchayat,252677,1,Samathur,சமத்தூர்,804005,7
Tamil Nadu,517.0,7,Town Panchayat,252995,2,Sambavar Vadagarai,சாம்பவார்வடகரை,803844,7
Tamil Nadu,518.0,7,Town Panchayat,252686,1,Sankaramanallur,சங்கராமநல்லூர்,804034,7
Tamil Nadu,519.0,7,Town Panchayat,252448,3,Sankarapuram,சங்கராபுரம்,803437,7
Tamil Nadu,520.0,7,Town Panchayat,253009,2,Sankarnagar,சங்கர்நகர்,803858,7
Tamil Nadu,521.0,7,Town Panchayat,252642,1,Sarcarsamakulam,சர்க்கார்சாமகுளம்,803974,7
Tamil Nadu,522.0,7,Town Panchayat,252986,1,Sathankulam,சாத்தான்குளம்,803835,7
Tamil Nadu,523.0,7,Town Panchayat,252956,1,Sayalgudi,சாயல்குடி,803809,7
Tamil Nadu,524.0,7,Town Panchayat,252973,1,Sayapuram,சாயர்புரம்,803822,7
Tamil Nadu,525.0,7,Town Panchayat,252513,1,Seerapalli,சீராப்பள்ளி,803491,7
Tamil Nadu,526.0,7,Town Panchayat,252924,1,Seithur,சேத்தூர்,803788,7
Tamil Nadu,527.0,7,Town Panchayat,252517,1,Senthamangalam,சேந்தமங்கலம்,803496,7
Tamil Nadu,528.0,7,Town Panchayat,252498,1,Sentharapatti,செந்தாரப்பட்டி,803480,7
Tamil Nadu,529.0,7,Town Panchayat,252778,1,Sethiathoppu,சேத்தியாதோப்பு,803654,7
Tamil Nadu,530.0,7,Town Panchayat,252716,1,Sevugampatti,சேவுகம்பட்டி,803596,7
Tamil Nadu,531.0,7,Town Panchayat,252882,1,Sholavandan,சோழவந்தான்,803747,7
Tamil Nadu,532.0,7,Town Panchayat,252598,1,Sholur,சோலூர்,803562,7
Tamil Nadu,533.0,7,Town Panchayat,252856,2,Singampuneri,சிங்கம்புனரி,803726,7
Tamil Nadu,534.0,7,Town Panchayat,252748,1,Sirugamani,சிறுகமணி,803630,7
Tamil Nadu,535.0,7,Town Panchayat,252611,1,Sirumugai,சிறுமுகை,803960,7
Tamil Nadu,536.0,7,Town Panchayat,252710,3,Sithayankottai,சித்தையன்கோட்டை,803591,7
Tamil Nadu,537.0,7,Town Panchayat,252579,1,Sivagiri,சிவகிரி,803552,7
Tamil Nadu,538.0,7,Town Panchayat,252987,2,Sivagiri,சிவகிரி,803836,7
Tamil Nadu,539.0,7,Town Panchayat,252742,1,S. Kannanur,எஸ். கண்ணணூர்,803624,7
Tamil Nadu,540.0,7,Town Panchayat,252928,1,S.Kodikulam,எஸ் கொடிக்குளம்,803790,7
Tamil Nadu,541.0,7,Town Panchayat,252783,2,Srimushnam,ஸ்ரீமுஷ்ணம்,803659,7
Tamil Nadu,542.0,7,Town Panchayat,252704,3,Sriramapuram,ஸ்ரீராமபுரம்,803586,7
Tamil Nadu,543.0,7,Town Panchayat,252976,1,Srivaikuntam,ஸ்ரீவைகுண்டம்,803824,7
Tamil Nadu,544.0,7,Town Panchayat,253082,2,Suchindrum,சுசீந்திரம்,803929,7
Tamil Nadu,545.0,7,Town Panchayat,252676,1,Suleeswaranpatti,சூளேஸ்வரன்பட்டி,804004,7
Tamil Nadu,546.0,7,Town Panchayat,252632,1,Sulur,சூலூர்,803966,7
Tamil Nadu,547.0,7,Town Panchayat,252930,1,Sundarapandiam,சுந்தரபாண்டியம்,803793,7
Tamil Nadu,548.0,7,Town Panchayat,252998,2,Sundarapandiapuram,சுந்தரபாண்டியபுரம்,803847,7
Tamil Nadu,549.0,7,Town Panchayat,252822,1,Swamimalai,சுவாமிமலை,803698,7
Tamil Nadu,550.0,7,Town Panchayat,252703,2,Thadikombu,தாடிக்கொம்பு,803588,7
Tamil Nadu,551.0,7,Town Panchayat,252370,2,Thakkolam,தக்கோலம்,803388,7
Tamil Nadu,552.0,7,Town Panchayat,252801,4,Thalainayar,தலைஞாயிறு,803677,7
Tamil Nadu,553.0,7,Town Panchayat,252901,1,Thamaraikulam,தாமரைக்குளம்,803766,7
Tamil Nadu,554.0,7,Town Panchayat,252497,1,Thammampatti,தம்மம்பட்டி,803479,7
Tamil Nadu,555.0,7,Town Panchayat,252796,3,Tharangambadi,தரங்கம்பாடி,803672,7
Tamil Nadu,556.0,7,Town Panchayat,252737,1,Thathaiyangarpet,தாத்தையங்கார்பேட்டை,803619,7
Tamil Nadu,557.0,7,Town Panchayat,253075,2,Thazhakudy,தாழக்குடி,803924,7
Tamil Nadu,558.0,7,Town Panchayat,252495,1,Thedavur,தெடாவூர்,803477,7
Tamil Nadu,559.0,7,Town Panchayat,252660,3,Thenkarai,தென்கரை,803992,7
Tamil Nadu,560.0,7,Town Panchayat,252903,1,Thenkarai,தென்கரை,803768,7
Tamil Nadu,561.0,7,Town Panchayat,253087,1,Thenthamaraikulam,தென்தாமரைக்குளம்,803938,7
Tamil Nadu,562.0,7,Town Panchayat,252978,4,Thenthiruperai,தென்திருப்பேரை,803828,7
Tamil Nadu,563.0,7,Town Panchayat,253077,2,Therur,தேரூர்,803926,7
Tamil Nadu,564.0,7,Town Panchayat,252908,1,Thevaram,தேவாரம்,803772,7
Tamil Nadu,565.0,7,Town Panchayat,252472,1,Thevur,தேவூர்,803460,7
Tamil Nadu,566.0,7,Town Panchayat,252450,2,Thiagadurgam,தியாகதுருகம்,803439,7
Tamil Nadu,567.0,7,Town Panchayat,253071,1,Thingalnagar,திங்கள்நகர்,803915,7
Tamil Nadu,568.0,7,Town Panchayat,253048,2,Thirparappu,திற்பரப்பு,803896,7
Tamil Nadu,569.0,7,Town Panchayat,253027,3,Thirukarungudi,திருக்கரன்குடி,803876,7
Tamil Nadu,570.0,7,Town Panchayat,252831,1,Thirukkattupalli,திருக்காட்டுப்பள்ளி,803706,7
Tamil Nadu,571.0,7,Town Panchayat,252667,1,Thirumalayampalayam,திருமலையாம்பாளையம்,803999,7
Tamil Nadu,572.0,7,Town Panchayat,252279,1,Thirumazhisai,திருமழிசை,803326,7
Tamil Nadu,573.0,7,Town Panchayat,252824,2,Thirunageswaram,திருநாகேஸ்வரம்,803696,7
Tamil Nadu,574.0,7,Town Panchayat,252332,2,Thiruporur,திருப்போரூர்,803363,7
Tamil Nadu,575.0,7,Town Panchayat,252814,1,Thiruppanandal,திருப்பனந்தாள்,803690,7
Tamil Nadu,576.0,7,Town Panchayat,252816,1,Thirupuvanam,திருபுவனம்,803737,7
Tamil Nadu,577.0,7,Town Panchayat,252867,1,Thirupuvanam,திருபுவனம்,803693,7
Tamil Nadu,578.0,7,Town Panchayat,252359,3,Thiruvalam,திருவலம்,803377,7
Tamil Nadu,579.0,7,Town Panchayat,253049,2,Thiruvattar,திருவட்டாறு,803899,7
Tamil Nadu,580.0,7,Town Panchayat,252991,4,Thiruvengadam,திருவேங்கடம்,803840,7
Tamil Nadu,581.0,7,Town Panchayat,252447,2,Thiruvennainallur,திருவெண்ணைநல்லூர்,803436,7
Tamil Nadu,582.0,7,Town Panchayat,252817,2,Thiruvidaimarudur,திருவிடைமருதூர்,803694,7
Tamil Nadu,583.0,7,Town Panchayat,253059,2,Thiruvithancode,திருவிதாங்கோடு,803908,7
Tamil Nadu,584.0,7,Town Panchayat,253030,2,Thisayanvilai,திசையன்விளை,803879,7
Tamil Nadu,585.0,7,Town Panchayat,252797,4,Thittachery,திட்டச்சேரி,803673,7
Tamil Nadu,586.0,7,Town Panchayat,252657,1,Thondamuthur,தொண்டமுத்தூர்,803985,7
Tamil Nadu,587.0,7,Town Panchayat,252950,1,Thondi,தொண்டி,803803,7
Tamil Nadu,588.0,7,Town Panchayat,252771,1,Thorapadi,தொரப்பாடி,803646,7
Tamil Nadu,589.0,7,Town Panchayat,252734,1,Thottiyam,தொட்டியம்,803617,7
Tamil Nadu,590.0,7,Town Panchayat,252375,2,Timiri,திமிரி,803394,7
Tamil Nadu,591.0,7,Town Panchayat,252343,2,Tirukalukundram,திருக்கழுக்குன்றம்,803370,7
Tamil Nadu,592.0,7,Town Panchayat,252857,2,Tirupathur,திருப்பத்தூர்,803727,7
Tamil Nadu,593.0,7,Town Panchayat,252887,1,T.Kallupatti,தே.கல்லுப்பட்டி,803751,7
Tamil Nadu,594.0,7,Town Panchayat,252985,1,Udangudi,உடன்குடி,803834,7
Tamil Nadu,595.0,7,Town Panchayat,252766,1,Udayarpalayam,உடையார்பாளையம்,803644,7
Tamil Nadu,596.0,7,Town Panchayat,252581,1,Unjalur,ஊஞ்சலூர்,803553,7
Tamil Nadu,597.0,7,Town Panchayat,253039,1,Unnamalaikadai,உண்ணாமலைக்கடை,803887,7
Tamil Nadu,598.0,7,Town Panchayat,252727,1,Uppidamangalam,உப்பிடாமங்கலம்,803610,7
Tamil Nadu,599.0,7,Town Panchayat,252739,1,Uppiliapuram,உப்பிலியாபுரம்,803621,7
Tamil Nadu,600.0,7,Town Panchayat,252915,1,Uthamapalayam,உத்தமபாளையம்,803779,7
Tamil Nadu,601.0,7,Town Panchayat,252411,1,Uthangarai,ஊத்தங்கரை,803959,7
Tamil Nadu,602.0,7,Town Panchayat,252392,2,Uthayendram,உதயேந்திரம்,803407,7
Tamil Nadu,603.0,7,Town Panchayat,252342,3,Uthiramerur,உத்திரமேரூர்,803368,7
Tamil Nadu,604.0,7,Town Panchayat,252268,1,Uthukkottai,ஊத்துக்கோட்டை,803318,7
Tamil Nadu,605.0,7,Town Panchayat,252560,3,Uthukuli,ஊத்துக்குளி,804023,7
Tamil Nadu,606.0,7,Town Panchayat,253003,2,Vadakarai Keezhpadugai,வடகரை கீழ்பிடாகை,803852,7
Tamil Nadu,607.0,7,Town Panchayat,252449,2,Vadakkanandal,வடக்கநந்தல்,803438,7
Tamil Nadu,608.0,7,Town Panchayat,253029,2,Vadakkuvalliyur,வடக்குவள்ளியூர்,803877,7
Tamil Nadu,609.0,7,Town Panchayat,252700,1,Vadamadurai,வடமதுரை,803584,7
Tamil Nadu,610.0,7,Town Panchayat,252881,1,Vadipatti,வாடிப்பட்டி,803745,7
Tamil Nadu,611.0,7,Town Panchayat,252576,1,Vadugapatti,வடுகப்பட்டி,803550,7
Tamil Nadu,612.0,7,Town Panchayat,252904,1,Vadugapatti,வடுகப்பட்டி,803765,7
Tamil Nadu,613.0,7,Town Panchayat,252792,3,Vaitheeswarankoil,வைத்தீஸ்வரன்கோயில்,803668,7
Tamil Nadu,614.0,7,Town Panchayat,252803,1,Valangaiman,வலங்கைமான்,803679,7
Tamil Nadu,615.0,7,Town Panchayat,252443,3,Valavanur,வளவனூர்,803432,7
Tamil Nadu,616.0,7,Town Panchayat,252836,1,Vallam,வல்லம்,803708,7
Tamil Nadu,617.0,7,Town Panchayat,253056,1,Valvaithankoshtam,வாள்வச்சகோஸ்டம்,803904,7
Tamil Nadu,618.0,7,Town Panchayat,252460,1,Vanavasi,வனவாசி,803449,7
Tamil Nadu,619.0,7,Town Panchayat,252542,1,Vaniputhur,வாணிபுத்தூர்,803520,7
Tamil Nadu,620.0,7,Town Panchayat,252764,1,Varadarajanpettai,வரதராஜன்பேட்டை,803642,7
Tamil Nadu,621.0,7,Town Panchayat,252989,2,Vasudevanallur,வாசுதேவநல்லூர்,803838,7
Tamil Nadu,622.0,7,Town Panchayat,252488,1,Vazhapadi,வாழப்பாடி,803469,7
Tamil Nadu,623.0,7,Town Panchayat,252655,1,Vedapatti,வேடப்பட்டி,803987,7
Tamil Nadu,624.0,7,Town Panchayat,252697,1,Vedasandur,வேடசந்தூர்,803581,7
Tamil Nadu,625.0,7,Town Panchayat,252494,2,Veeraganur,வீரகனூர்,803476,7
Tamil Nadu,626.0,7,Town Panchayat,252456,1,Veerakkalpudur,வீரக்கல்புதூர்,803445,7
Tamil Nadu,627.0,7,Town Panchayat,252626,2,Veerapandi,வீரபாண்டி,803771,7
Tamil Nadu,628.0,7,Town Panchayat,253018,3,Veeravanallur,வீரகனூர்,803866,7
Tamil Nadu,629.0,7,Town Panchayat,252800,3,Velankanni,வேளாங்கண்ணி,803676,7
Tamil Nadu,630.0,7,Town Panchayat,252664,2,Vellalur,வெள்ளலூர்,803988,7
Tamil Nadu,631.0,7,Town Panchayat,253072,1,Vellimalai,வெள்ளிமலை,803920,7
Tamil Nadu,632.0,7,Town Panchayat,252578,1,Vellottamparappu,வெள்ளோட்டம்பரப்பு,803549,7
Tamil Nadu,633.0,7,Town Panchayat,252523,2,Velur,வேலூர்,803501,7
Tamil Nadu,634.0,7,Town Panchayat,252582,2,Vengambur,வெங்கம்பூர்,803555,7
Tamil Nadu,635.0,7,Town Panchayat,252526,1,Venkarai,வெங்கரை,803503,7
Tamil Nadu,636.0,7,Town Panchayat,252508,1,Vennanthur,வெண்ணந்தூர்,803487,7
Tamil Nadu,637.0,7,Town Panchayat,252815,1,Veppathur,வேப்பத்தூர்,803692,7
Tamil Nadu,638.0,7,Town Panchayat,253054,1,Verkilambi,வேர்கிளம்பி,803901,7
Tamil Nadu,639.0,7,Town Panchayat,252680,1,Vettaikaranpudur,வேட்டைக்காரன்புதூர்,804008,7
Tamil Nadu,640.0,7,Town Panchayat,252435,1,Vettavalam,வேட்டவலம்,803424,7
Tamil Nadu,641.0,7,Town Panchayat,252441,3,Vikravandi,விக்ரவாண்டி,803430,7
Tamil Nadu,642.0,7,Town Panchayat,252374,2,Vilapakkam,விளாப்பாக்கம்,803393,7
Tamil Nadu,643.0,7,Town Panchayat,252968,1,Vilathikulam,விளாத்திக்குளம்,803820,7
Tamil Nadu,644.0,7,Town Panchayat,253060,1,Vilavur,விளாவூர்,803906,7
Tamil Nadu,645.0,7,Town Panchayat,253062,1,Villukuri,வில்லுக்குரி,803911,7
Tamil Nadu,646.0,7,Town Panchayat,252967,3,V. Pudur,வி. புதூர்,803819,7
Tamil Nadu,647.0,7,Town Panchayat,252341,3,Walajabad,வாலாஜாபாத்,803367,7
Tamil Nadu,648.0,7,Town Panchayat,260677,1,Watrap,வத்திராயிருப்பு,803791,7
Tamil Nadu,649.0,7,Town Panchayat,260678,1,W.Pudhupatti,வ. புதுப்பட்டி,803792,7
Tamil Nadu,650.0,7,Town Panchayat,252673,1,Zamin Uthukuli,ஜமீன் ஊத்துக்குளி,804003,7
Tamil Nadu,,,,,,,,,
Tamil Nadu,"Sep 5, 2026, 6:51 PM",,,,,,,,
Telangana,,,,,,(In English),(In Local),,
Telangana,1.0,4,Municipal Corporation,257865,6,Badangpet,బడంగ్ పేట్,000000,4
Telangana,2.0,4,Municipal Corporation,290098,3,Bandlaguda Jagir,బండ్లగూడ జాగైర్,,4
Telangana,3.0,4,Municipal Corporation,305330,1,Cyberabad Municipal Corporation,Cyberabad Municipal Corporation,000000,4
Telangana,4.0,4,Municipal Corporation,251664,10,Hyderabad,హైదరాబాద్,802918,4
Telangana,5.0,4,Municipal Corporation,251653,9,Karimnagar,కరీంనగర్,802911,4
Telangana,6.0,4,Municipal Corporation,248105,6,Khammam,ఖమ్మం,802937,4
Telangana,7.0,4,Municipal Corporation,305331,1,Malkajgiri Municipal Corporation,Malkajgiri Municipal corporation,000000,4
Telangana,8.0,4,Municipal Corporation,276410,5,Meerpet,మీర్ పేట్,000000,4
Telangana,9.0,4,Municipal Corporation,248091,5,Nizamabad,నిజామాబాద్,802904,4
Telangana,10.0,4,Municipal Corporation,251648,7,Ramagundam,రామగుండం,802907,4
Telangana,11.0,4,Municipal Corporation,251691,13,Warangal,వరంగల్,802930,4
Telangana,12.0,5,Municipality,263214,3,Achampet,అచ్చంపేట్,000000,5
Telangana,13.0,5,Municipality,290099,1,Adibatla,ఆదిభట్ల,,5
Telangana,14.0,5,Municipality,248083,4,Adilabad,ఆదిలాబాద్,802896,5
Telangana,15.0,5,Municipality,290144,1,Alair,ఆలేర్,,5
Telangana,16.0,5,Municipality,290062,1,Alampur,అలంపూర్,,5
Telangana,17.0,5,Municipality,302811,1,Aliyadbad,,,5
Telangana,18.0,5,Municipality,290104,1,Amangal,అమంగల్,,5
Telangana,19.0,5,Municipality,290142,1,Amarchinta,అమరచింత,,5
Telangana,20.0,5,Municipality,290153,3,Ameenpur,అమీన్ పూర్,,5
Telangana,21.0,5,Municipality,260558,4,Andole Jogipet,అందోల్ జోగిపేట్,000000,5
Telangana,22.0,5,Municipality,248090,4,Armoor,ఆర్మూర్,802903,5
Telangana,23.0,5,Municipality,301596,1,Asifabad,,,5
Telangana,24.0,5,Municipality,302289,1,Aswaraopeta,,,5
Telangana,25.0,5,Municipality,290140,1,Atmakur,ఆత్మకూర్,,5
Telangana,26.0,5,Municipality,290201,1,Banswada,బాన్సు వాడ,,5
Telangana,27.0,5,Municipality,248084,3,Bellampalli,బెల్లంపల్లి,802900,5
Telangana,28.0,5,Municipality,248085,3,Bhainsa,భైంసా,802898,5
Telangana,29.0,5,Municipality,290093,1,Bheemgal,భీంగల్,,5
Telangana,30.0,5,Municipality,251682,4,Bhongir,భువనగిరి,802926,5
Telangana,31.0,5,Municipality,290073,2,Bhootpur,భూత్ పూర్,,5
Telangana,32.0,5,Municipality,253291,6,Bhupalpalle,భూపాలపల్లి,000000,5
Telangana,33.0,5,Municipality,302728,1,Bichkunda,,,5
Telangana,34.0,5,Municipality,248092,4,Bodhan,భోధన్,802905,5
Telangana,35.0,5,Municipality,290151,1,Bollaram,బొల్లారం,,5
Telangana,36.0,5,Municipality,290091,1,Chandur,చందూర్,,5
Telangana,37.0,5,Municipality,290075,1,Chennur,చెన్నూర్,,5
Telangana,38.0,5,Municipality,290132,1,Cherial,చెరియాల్,,5
Telangana,39.0,5,Municipality,302290,2,Chevella,,,5
Telangana,40.0,5,Municipality,290089,1,Chityal,చిత్యల్,,5
Telangana,41.0,5,Municipality,290063,1,Choppandandi,చొప్పదండి,,5
Telangana,42.0,5,Municipality,290143,1,Choutuppal,చౌటుప్పల్,,5
Telangana,43.0,5,Municipality,290081,3,Dammaiguda,దమ్మాయిగూడ,,5
Telangana,44.0,5,Municipality,302291,1,Devarakadara,,,5
Telangana,45.0,5,Municipality,251686,4,Devarakonda,దేవరకొండ,000000,5
Telangana,46.0,5,Municipality,290061,1,Dharmapuri,ధర్మపురి,,5
Telangana,47.0,5,Municipality,290069,1,Dornakal,డోర్నకల్,,5
Telangana,48.0,5,Municipality,260709,4,Dubbak,దుబ్బాక,000000,5
Telangana,49.0,5,Municipality,290154,2,Dundigal,దుండిగల్,,5
Telangana,50.0,5,Municipality,302293,1,Edulapuram,,,5
Telangana,51.0,5,Municipality,302294,1,Gaddapotharam,,,5
Telangana,52.0,5,Municipality,248103,5,Gadwal,గద్వాల్,802925,5
Telangana,53.0,5,Municipality,254930,5,Gajwel,గజ్వెల్,000000,5
Telangana,54.0,5,Municipality,290084,2,Ghatkesar,ఘట్కేసర్,,5
Telangana,55.0,5,Municipality,302324,1,Gummadidala,,,5
Telangana,56.0,5,Municipality,290085,2,Gundlapochampally,గుండ్లపోచంపల్లి,,5
Telangana,57.0,5,Municipality,290090,1,Haliya,హాలియా,,5
Telangana,58.0,5,Municipality,253267,5,Husnabad,హుస్నాబాద్,000000,5
Telangana,59.0,5,Municipality,253265,5,Huzurabad,హుజురాబాద్,000000,5
Telangana,60.0,5,Municipality,253257,5,Huzurnagar,హుజుర్ నగర్,000000,5
Telangana,61.0,5,Municipality,258044,4,Ibrahimpatnam,ఇబ్రహీంపట్నం,000000,5
Telangana,62.0,5,Municipality,257993,6,Ieeja,ఐఈజ,000000,5
Telangana,63.0,5,Municipality,302732,1,Indresham,,,5
Telangana,64.0,5,Municipality,302304,2,Isnapur,,,5
Telangana,65.0,5,Municipality,263216,6,Jadcherla,జడ్చర్ల,000000,5
Telangana,66.0,5,Municipality,251651,4,Jagtial,జగిత్యాల్,802908,5
Telangana,67.0,5,Municipality,276409,3,Jalapally,జాలపల్లి,000000,5
Telangana,68.0,5,Municipality,253266,6,Jammikunta,జమ్మికుంట,000000,5
Telangana,69.0,5,Municipality,251690,3,Jangaon,జనగాం,802931,5
Telangana,70.0,5,Municipality,302736,1,Jinnaram,,,5
Telangana,71.0,5,Municipality,248086,3,Kagaz Nagar,కాగజ్ నగర్,802897,5
Telangana,72.0,5,Municipality,302727,1,Kalluru,,,5
Telangana,73.0,5,Municipality,258029,5,Kalwakurthy,కల్వకుర్తి,000000,5
Telangana,74.0,5,Municipality,248093,4,Kamareddy,కామారెడ్డి,802906,5
Telangana,75.0,5,Municipality,302303,1,Kesamudram,,,5
Telangana,76.0,5,Municipality,290092,1,Khanapur,ఖానాపూర్,,5
Telangana,77.0,5,Municipality,253255,4,Kodad,కోదాడ,000000,5
Telangana,78.0,5,Municipality,290136,1,Kodangal,కొడంగల్,,5
Telangana,79.0,5,Municipality,302302,1,Kohir,,,5
Telangana,80.0,5,Municipality,257989,5,Kollapur,కొల్లాపూర్,000000,5
Telangana,81.0,5,Municipality,290088,1,Kompally,కొంపల్లి,,5
Telangana,82.0,5,Municipality,251652,5,Korutla,కోరుట్ల,802909,5
Telangana,83.0,5,Municipality,290074,1,Kosgi,కోసిగి,,5
Telangana,84.0,5,Municipality,248109,5,Kothagudem,కొత్తగూడెం,802934,5
Telangana,85.0,5,Municipality,290138,1,Kothakota,కొత్తకోట,,5
Telangana,86.0,5,Municipality,290064,1,Kothapally,కొత్తపల్లి,,5
Telangana,87.0,5,Municipality,297017,2,Kothur,కొత్తూరు,,5
Telangana,88.0,5,Municipality,290076,1,Kyathanpally,క్యాథనపల్లి,,5
Telangana,89.0,5,Municipality,290077,1,Luxettipet,లక్షెట్టిపేట్,,5
Telangana,90.0,5,Municipality,302301,2,Maddur,,,5
Telangana,91.0,5,Municipality,257876,6,Madhira,మధిర,000000,5
Telangana,92.0,5,Municipality,257971,4,Mahabubabad,మహబూబాబాద్,000000,5
Telangana,93.0,5,Municipality,248101,7,Mahabubnagar,మహబూబ్ నగర్,802922,5
Telangana,94.0,5,Municipality,290072,1,Makthal,మక్తల్,,5
Telangana,95.0,5,Municipality,248087,4,Mancherial,మంచిరియాల్,802902,5
Telangana,96.0,5,Municipality,248088,3,Mandamarri,మందమర్రి,802901,5
Telangana,97.0,5,Municipality,290096,1,Manikonda,మణికొండ,,5
Telangana,98.0,5,Municipality,290094,1,Manthani,మంథని,,5
Telangana,99.0,5,Municipality,248107,3,Manugur,మణుగూరు,802932,5
Telangana,100.0,5,Municipality,290070,1,Maripeda,మరిపెడ,,5
Telangana,101.0,5,Municipality,248095,4,Medak,మెదక్,802913,5
Telangana,102.0,5,Municipality,263222,6,Medchal,మేడ్చల్,000000,5
Telangana,103.0,5,Municipality,253104,7,Metpalli,మెట్ పల్లి,802910,5
Telangana,104.0,5,Municipality,251689,2,Miryalaguda,మిర్యాలగూడ,802929,5
Telangana,105.0,5,Municipality,302299,2,Moinabad,,,5
Telangana,106.0,5,Municipality,290141,1,Mothkur,మోత్కూర్,,5
Telangana,107.0,5,Municipality,302710,2,Muduchinthalapally,,,5
Telangana,108.0,5,Municipality,302731,1,Mulugu,,,5
Telangana,109.0,5,Municipality,290082,4,Nagaram,నాగారం,,5
Telangana,110.0,5,Municipality,251680,5,Nagarkurnool,నాగర్ కర్నూల్,000000,5
Telangana,111.0,5,Municipality,297095,1,Nakrekal,నకిరేకల్,,5
Telangana,112.0,5,Municipality,251685,5,Nalgonda,నల్గొండ,802928,5
Telangana,113.0,5,Municipality,294879,1,Nandikonda,నందికొండ,000000,5
Telangana,114.0,5,Municipality,290131,1,Narayankhed,నారాయణఖేడ్,,5
Telangana,115.0,5,Municipality,248102,3,Narayanpet,నారాయణపేట,802923,5
Telangana,116.0,5,Municipality,253275,7,Narsampet,నర్సంపేట్,000000,5
Telangana,117.0,5,Municipality,290080,1,Narsapur,నర్సాపూర్,,5
Telangana,118.0,5,Municipality,290097,4,Narsingi,నార్సింగి,,5
Telangana,119.0,5,Municipality,290147,1,Naspur,నస్పూర్,,5
Telangana,120.0,5,Municipality,290133,1,Nereducharla,నేరేడుచర్ల,,5
Telangana,121.0,5,Municipality,248089,4,Nirmal,నిర్మల్,802899,5
Telangana,122.0,5,Municipality,248110,3,Palwancha,పాల్వంచ,802933,5
Telangana,123.0,5,Municipality,290135,2,Parigi,పర్గి,,5
Telangana,124.0,5,Municipality,257970,6,Parkal,పర్కల్,000000,5
Telangana,125.0,5,Municipality,290139,1,Pebbair,పెబ్బైర్,,5
Telangana,126.0,5,Municipality,257864,6,Pedda Amberpet,పెద్ద అంబర్ పేట్,000000,5
Telangana,127.0,5,Municipality,253268,6,Peddapalli,పెద్దపల్లి,000000,5
Telangana,128.0,5,Municipality,290145,1,Pochamapally,పోచంపల్లి,,5
Telangana,129.0,5,Municipality,290083,2,Pocharam,పొచారమ్,,5
Telangana,130.0,5,Municipality,289549,1,Raikal,రాయికల్,,5
Telangana,131.0,5,Municipality,290078,1,Ramayampet,రామాయంపేట్,,5
Telangana,132.0,5,Municipality,248098,4,Sadasivpet,సదాశివపేట,802916,5
Telangana,133.0,5,Municipality,248094,4,Sangareddy,సంగారెడ్డి,802917,5
Telangana,134.0,5,Municipality,248108,4,Sathupally,సత్తుపల్లి,802936,5
Telangana,135.0,5,Municipality,254925,5,Shadnagar,షాద్ నగర్,000000,5
Telangana,136.0,5,Municipality,290149,3,Shamshabad,శంషాబాద్,,5
Telangana,137.0,5,Municipality,290100,1,Shankarpally,శంకరపల్లి,,5
Telangana,138.0,5,Municipality,248096,4,Siddipet,సిద్దిపేట్,802914,5
Telangana,139.0,5,Municipality,251654,4,Sircilla,సిరిసిల్ల,802912,5
Telangana,140.0,5,Municipality,302292,1,Station Ghanpur,,,5
Telangana,141.0,5,Municipality,290095,1,Sulthanabad,సుల్తానాబాద్,,5
Telangana,142.0,5,Municipality,251684,5,Suryapet,సూర్యాపేట్,802927,5
Telangana,143.0,5,Municipality,248099,3,Tandur,తాండూర్,802921,5
Telangana,144.0,5,Municipality,290152,2,Tellapur,తెల్లాపూర్,,5
Telangana,145.0,5,Municipality,290134,2,Thirumalagiri,తిరుమలగిరి,,5
Telangana,146.0,5,Municipality,290071,1,Thorrur,తొర్రూర్,,5
Telangana,147.0,5,Municipality,290102,2,Thukkuguda,తుక్కుగూడ,,5
Telangana,148.0,5,Municipality,290086,2,Thumkunta,తూముకుంట,,5
Telangana,149.0,5,Municipality,290079,1,Toopran,తూప్రాన్,,5
Telangana,150.0,5,Municipality,290150,2,Turkayamjal,తుర్కయంజాల్,,5
Telangana,151.0,5,Municipality,253269,6,Vemulawada,వేములవాడ,000000,5
Telangana,152.0,5,Municipality,248100,4,Vikarabad,వికారాబాద్,802920,5
Telangana,153.0,5,Municipality,290060,1,Waddepalle,వడ్డెపల్లి,,5
Telangana,154.0,5,Municipality,248104,4,Wanaparthy,వనపర్తి,802924,5
Telangana,155.0,5,Municipality,290137,1,Wardhannapet,వర్దన్నపేట్,,5
Telangana,156.0,5,Municipality,290068,2,Wyra,వైర,,5
Telangana,157.0,5,Municipality,290146,1,Yadagirigutta,యాదగిరిగుట్ట,,5
Telangana,158.0,5,Municipality,248106,3,Yellandu,ఎల్లందు,802935,5
Telangana,159.0,5,Municipality,302809,1,Yellapet,,,5
Telangana,160.0,5,Municipality,290067,1,Yellareddy,ఎల్లారెడ్డి,,5
Telangana,161.0,5,Municipality,248097,4,Zaheerabad,జహీరాబాద్,802915,5
Telangana,,,,,,,,,
Telangana,"Sep 5, 2026, 6:52 PM",,,,,,,,
Tripura,,,,,,(In English),(In Local),,
Tripura,1.0,4,Municipal Corporation,249785,17,Agartala Municipal Corporation,আগরতলা মিউনিসিপাল কর্পোরেশন,801522,4
Tripura,2.0,5,Municipality,249802,4,Ambassa Municipal Council,আমবাসা মিউনিসিপাল কাউন্সিল,801532,5
Tripura,3.0,5,Municipality,249798,4,Belonia Municipal Council,বিলোনিয়া মিউনিসিপাল কাউন্সিল,801529,5
Tripura,4.0,5,Municipality,261690,2,Bishalgarh Municipal Council,বিশালগড় মিউনিসিপাল কাউন্সিল,000000,5
Tripura,5.0,5,Municipality,249803,5,Dharmanagar Municipal Council,ধর্মনগর মিউনিসিপাল কাউন্সিল,801534,5
Tripura,6.0,5,Municipality,249804,4,Kailashahar Municipal Council,কৈলাশহর মিউনিসিপাল কাউন্সিল,801533,5
Tripura,7.0,5,Municipality,249783,5,Khowai Municipal Council,খোয়াই মিউনিসিপাল কাউন্সিল,801520,5
Tripura,8.0,5,Municipality,249805,7,Kumarghat Municipal Council,কুমারঘাট  পুর সভা,801535,5
Tripura,9.0,5,Municipality,261691,3,Melaghar Municipal Council,মেলাঘর মিউনিসিপাল কাউন্সিল,000000,5
Tripura,10.0,5,Municipality,261692,2,Mohanpur Municipal Council,মোহনপুর মিউনিসিপাল কাউন্সিল,000000,5
Tripura,11.0,5,Municipality,249786,6,Ranirbazar Municipal Council,রানীরবাজার পৌর পরিষদ,801523,5
Tripura,12.0,5,Municipality,261689,5,Santirbazar Municipal Council,শান্তিরবাজার পৌর পরিষদ,000000,5
Tripura,13.0,5,Municipality,249784,4,Teliamura Municipal Council,তেলিয়ামুরা মিউনিসিপাল কাউন্সিল,801521,5
Tripura,14.0,5,Municipality,249796,5,Udaipur Municipal Council,উদয়পুর মিউনিসিপাল কাউন্সিল,801526,5
Tripura,15.0,7,Nagar Panchayat,249797,3,Amarpur Nagar Panchayat,অমরপুর নগর পঞ্চায়েত,801527,7
Tripura,16.0,7,Nagar Panchayat,249794,2,Badharghat,Badharghat,000000,7
Tripura,17.0,7,Nagar Panchayat,249789,2,Gandhigram,Gandhigram,000000,7
Tripura,18.0,7,Nagar Panchayat,249791,2,Indranagar,Indranagar,000000,7
Tripura,19.0,7,Nagar Panchayat,261687,3,Jirania Nagar Panchayat,জিরানিয়া নগর পঞ্চায়েত,000000,7
Tripura,20.0,7,Nagar Panchayat,249792,2,Jogendranagar,Jogendranagar,000000,7
Tripura,21.0,7,Nagar Panchayat,249800,5,Kamalpur Nagar Panchayat,কমলপুর নগর পঞ্চায়েত,801531,7
Tripura,22.0,7,Nagar Panchayat,249790,2,Kunjaban,Kunjaban,000000,7
Tripura,23.0,7,Nagar Panchayat,249788,2,Narsingarh,Narsingarh,000000,7
Tripura,24.0,7,Nagar Panchayat,261688,2,Panisagar Nagar Panchayat,পানিসাগর নগর পঞ্চায়েত,000000,7
Tripura,25.0,7,Nagar Panchayat,249793,2,Pratapgarh,Pratapgarh,800628,7
Tripura,26.0,7,Nagar Panchayat,249799,5,Sabroom Nagar Panchayat,সাব্রুম পৌর পরিষদ,801530,7
Tripura,27.0,7,Nagar Panchayat,249787,5,Sonamura Nagar Panchayat,সোনামুড়া নগর পঞ্চায়েত,801525,7
Tripura,,,,,,,,,
Tripura,"Sep 5, 2026, 6:53 PM",,,,,,,,
Uttar Pradesh,,,,,,(In English),(In Local),,
Uttar Pradesh,1.0,4,Municipal Corporation,249062,14,Agra,Agra,800804,4
Uttar Pradesh,2.0,4,Municipal Corporation,249025,24,Aligarh,Aligarh,800768,4
Uttar Pradesh,3.0,4,Municipal Corporation,249391,5,Ayodhya,Ayodhya,801109,4
Uttar Pradesh,4.0,4,Municipal Corporation,249149,2,Bareilly,Bareilly,800866,4
Uttar Pradesh,5.0,4,Municipal Corporation,249079,4,Firozabad,Firozabad,800816,4
Uttar Pradesh,6.0,4,Municipal Corporation,248988,6,Ghaziabad,Ghaziabad,800734,4
Uttar Pradesh,7.0,4,Municipal Corporation,249444,14,Gorakhpur,Gorakhpur,801160,4
Uttar Pradesh,8.0,4,Municipal Corporation,249314,2,Jhansi,Jhansi,801030,4
Uttar Pradesh,9.0,4,Municipal Corporation,249286,14,Kanpur,Kanpur,801005,4
Uttar Pradesh,10.0,4,Municipal Corporation,249234,194,Lucknow,Lucknow,800951,4
Uttar Pradesh,11.0,4,Municipal Corporation,249052,20,Mathura-Vrindavan,Mathura-Vrindavan,800799,4
Uttar Pradesh,12.0,4,Municipal Corporation,248964,9,Meerut,Meerut,800716,4
Uttar Pradesh,13.0,4,Municipal Corporation,248929,5,Moradabad,Moradabad,800682,4
Uttar Pradesh,14.0,4,Municipal Corporation,249369,23,Prayagraj,Prayagraj,801086,4
Uttar Pradesh,15.0,4,Municipal Corporation,248873,4,Saharanpur,Saharanpur,800630,4
Uttar Pradesh,16.0,4,Municipal Corporation,297802,9,Shahjahanpur,Shahjahanpur,,4
Uttar Pradesh,17.0,4,Municipal Corporation,249531,20,Varanasi,Varanasi,801235,4
Uttar Pradesh,18.0,5,Municipality,249066,1,Achhnera,Achhnera,800806,5
Uttar Pradesh,19.0,5,Municipality,248917,1,Afzalgarh,Afzalgarh,800670,5
Uttar Pradesh,20.0,5,Municipality,249545,1,Ahraura,Ahraura,801247,5
Uttar Pradesh,21.0,5,Municipality,249400,4,Akbarpur,Akbarpur,801116,5
Uttar Pradesh,22.0,5,Municipality,249095,1,Aliganj,Aliganj,801259,5
Uttar Pradesh,23.0,5,Municipality,248950,24,Amroha,Amroha,800702,5
Uttar Pradesh,24.0,5,Municipality,249011,3,Anupshahr,Anupshahr,800755,5
Uttar Pradesh,25.0,5,Municipality,249145,3,Aonla,Aonla,800863,5
Uttar Pradesh,26.0,5,Municipality,249339,1,Atarra,Atarra,801056,5
Uttar Pradesh,27.0,5,Municipality,249022,2,Atrauli,Atrauli,800765,5
Uttar Pradesh,28.0,5,Municipality,249273,3,Auraiya,Auraiya,800992,5
Uttar Pradesh,29.0,5,Municipality,249477,2,Azamgarh,Azamgarh,801189,5
Uttar Pradesh,30.0,5,Municipality,249428,3,Baansi,Baansi,801143,5
Uttar Pradesh,31.0,5,Municipality,248947,2,Bachhraon,Bachhraon,800699,5
Uttar Pradesh,32.0,5,Municipality,248973,1,Baghpat,Baghpat,800724,5
Uttar Pradesh,33.0,5,Municipality,249074,1,Bah,Bah,800814,5
Uttar Pradesh,34.0,5,Municipality,249135,3,Bahedi,Bahedi,800853,5
Uttar Pradesh,35.0,5,Municipality,248935,3,Bahjoi,Bahjoi,800687,5
Uttar Pradesh,36.0,5,Municipality,249410,3,Bahraich,Bahraich,801125,5
Uttar Pradesh,37.0,5,Municipality,249497,2,Ballia,Ballia,801206,5
Uttar Pradesh,38.0,5,Municipality,249414,1,Balrampur,Balrampur,801129,5
Uttar Pradesh,39.0,5,Municipality,249334,6,Banda,Banda,801051,5
Uttar Pradesh,40.0,5,Municipality,249212,2,Bangarmau,Bangarmau,800929,5
Uttar Pradesh,41.0,5,Municipality,248972,4,Baraut,बड़ौत,800723,5
Uttar Pradesh,42.0,5,Municipality,249311,1,Barua Sagar,Barua Sagar,801028,5
Uttar Pradesh,43.0,5,Municipality,249430,5,Basti,Basti,801147,5
Uttar Pradesh,44.0,5,Municipality,249353,9,Belha,बेल्हा,801071,5
Uttar Pradesh,45.0,5,Municipality,249535,20,Bhadohi,Bhadohi,801239,5
Uttar Pradesh,46.0,5,Municipality,249264,2,Bharthana,Bharthana,800983,5
Uttar Pradesh,47.0,5,Municipality,249361,9,Bharwari(Kaushambi),Bharwari(Kaushambi),801079,5
Uttar Pradesh,48.0,5,Municipality,297025,4,Bhinga,Bhinga,000000,5
Uttar Pradesh,49.0,5,Municipality,248910,7,Bijnor,Bijnor,800665,5
Uttar Pradesh,50.0,5,Municipality,248931,2,Bilari,Bilari,800684,5
Uttar Pradesh,51.0,5,Municipality,249470,4,Bilariaganj,Bilariaganj,801185,5
Uttar Pradesh,52.0,5,Municipality,248941,5,Bilaspur,Bilaspur,800693,5
Uttar Pradesh,53.0,5,Municipality,249203,2,Bilgram,Bilgram,800921,5
Uttar Pradesh,54.0,5,Municipality,249282,2,Bilhaur,Bilhaur,801002,5
Uttar Pradesh,55.0,5,Municipality,249122,3,Bilsi,Bilsi,800840,5
Uttar Pradesh,56.0,5,Municipality,249345,2,Bindki,Bindki,801062,5
Uttar Pradesh,57.0,5,Municipality,249162,3,Bisalpur,Bisalpur,800879,5
Uttar Pradesh,58.0,5,Municipality,249118,3,Bisauli,Bisauli,800836,5
Uttar Pradesh,59.0,5,Municipality,249193,1,Biswan,Biswan,800911,5
Uttar Pradesh,60.0,5,Municipality,249126,3,Budaun,Budaun,800844,5
Uttar Pradesh,61.0,5,Municipality,249005,4,Bulandshahr,Bulandshahr,800749,5
Uttar Pradesh,62.0,5,Municipality,248937,3,Chandausi,Chandausi,800689,5
Uttar Pradesh,63.0,5,Municipality,248924,2,Chandpur,Chandpur,800677,5
Uttar Pradesh,64.0,5,Municipality,249330,1,Charkhari,Charkhari,801047,5
Uttar Pradesh,65.0,5,Municipality,249256,2,Chhibramau,Chhibramau,800975,5
Uttar Pradesh,66.0,5,Municipality,249303,1,Chirgaon,Chirgaon,801020,5
Uttar Pradesh,67.0,5,Municipality,249342,3,Chitrakoot Dham - Karwi,Chitrakoot Dham - Karwi,801059,5
Uttar Pradesh,68.0,5,Municipality,249543,3,Chunar,Chunar,801246,5
Uttar Pradesh,69.0,5,Municipality,249421,4,Colonelganj,Colonelganj,801136,5
Uttar Pradesh,70.0,5,Municipality,248996,1,Dadri,Dadri,800740,5
Uttar Pradesh,71.0,5,Municipality,297026,2,Dataganj,Dataganj,000000,5
Uttar Pradesh,72.0,5,Municipality,249013,1,Debai,Debai,800757,5
Uttar Pradesh,73.0,5,Municipality,248882,1,Deoband,Deoband,800637,5
Uttar Pradesh,74.0,5,Municipality,249460,6,Deoria,Deoria,801175,5
Uttar Pradesh,75.0,5,Municipality,248919,1,Dhampur,Dhampur,800672,5
Uttar Pradesh,76.0,5,Municipality,248946,1,Dhanaura,Dhanaura,800698,5
Uttar Pradesh,77.0,5,Municipality,249098,1,Etah,Etah,801262,5
Uttar Pradesh,78.0,5,Municipality,249262,3,Etawah,Etawah,800981,5
Uttar Pradesh,79.0,5,Municipality,249059,1,Etmadpur,Etmadpur,800801,5
Uttar Pradesh,80.0,5,Municipality,249156,3,Faridpur,Faridpur,800873,5
Uttar Pradesh,81.0,5,Municipality,249250,3,Farrukhabad,Farrukhabad,800968,5
Uttar Pradesh,82.0,5,Municipality,249347,3,Fatehpur(Fatehpur),Fatehpur(Fatehpur),801064,5
Uttar Pradesh,83.0,5,Municipality,249068,1,Fatehpur Sikri,Fatehpur Sikri,800808,5
Uttar Pradesh,84.0,5,Municipality,297027,3,Gajralua,Gajralua,000000,5
Uttar Pradesh,85.0,5,Municipality,297022,2,Gangaghat,Gangaghat,000000,5
Uttar Pradesh,86.0,5,Municipality,248878,1,Gangoh,Gangoh,800635,5
Uttar Pradesh,87.0,5,Municipality,249090,2,Ganj Dundwara,Ganj Dundwara,801273,5
Uttar Pradesh,88.0,5,Municipality,248993,3,Garhmukteshwar,Garhmukteshwar,800739,5
Uttar Pradesh,89.0,5,Municipality,249462,5,Gaura Barhaj,Gaura Barhaj,801177,5
Uttar Pradesh,90.0,5,Municipality,276425,1,Gauriganj,Gauriganj,000000,5
Uttar Pradesh,91.0,5,Municipality,249290,2,Ghatampur,Ghatampur,801007,5
Uttar Pradesh,92.0,5,Municipality,249512,1,Ghazipur,Ghazipur,801222,5
Uttar Pradesh,93.0,5,Municipality,249179,1,Gola Gokarannath,Gola Gokarannath,800897,5
Uttar Pradesh,94.0,5,Municipality,249419,2,Gonda,Gonda,801134,5
Uttar Pradesh,95.0,5,Municipality,249537,2,Gopi Ganj,Gopi Ganj,801241,5
Uttar Pradesh,96.0,5,Municipality,249006,1,Gulaothi,Gulaothi,800750,5
Uttar Pradesh,97.0,5,Municipality,249254,2,Gursahaiganj,Gursahaiganj,800973,5
Uttar Pradesh,98.0,5,Municipality,249305,1,Gursarai,Gursarai,801022,5
Uttar Pradesh,99.0,5,Municipality,248914,1,Haldaur,Haldaur,800667,5
Uttar Pradesh,100.0,5,Municipality,249322,9,Hamirpur,Hamirpur,801039,5
Uttar Pradesh,101.0,5,Municipality,248991,4,Hapur,Hapur,800737,5
Uttar Pradesh,102.0,5,Municipality,249201,1,Hardoi,Hardoi,800919,5
Uttar Pradesh,103.0,5,Municipality,248952,2,Hasanpur,Hasanpur,800704,5
Uttar Pradesh,104.0,5,Municipality,297020,7,Hata,Hata,000000,5
Uttar Pradesh,105.0,5,Municipality,249037,26,Hathras,Hathras,800780,5
Uttar Pradesh,106.0,5,Municipality,249012,1,Jahangirabad,Jahangirabad,800756,5
Uttar Pradesh,107.0,5,Municipality,249240,2,Jais,Jais,800958,5
Uttar Pradesh,108.0,5,Municipality,249174,2,Jalalabad,Jalalabad,800892,5
Uttar Pradesh,109.0,5,Municipality,249399,5,Jalalpur,Jalalpur,801115,5
Uttar Pradesh,110.0,5,Municipality,249294,2,Jalaun,Jalaun,801011,5
Uttar Pradesh,111.0,5,Municipality,249101,1,Jalesar,Jalesar,801265,5
Uttar Pradesh,112.0,5,Municipality,249261,2,Jaswantnagar,Jaswantnagar,800980,5
Uttar Pradesh,113.0,5,Municipality,249505,15,Jaunpur,Jaunpur,801215,5
Uttar Pradesh,114.0,5,Municipality,263354,4,Jhinjhak,Jhinjhak,800994,5
Uttar Pradesh,115.0,5,Municipality,249086,3,Kaasganj,Kaasganj,801269,5
Uttar Pradesh,116.0,5,Municipality,249248,1,Kaimganj,Kaimganj,800966,5
Uttar Pradesh,117.0,5,Municipality,248885,3,Kairana,Kairana,800642,5
Uttar Pradesh,118.0,5,Municipality,249130,2,Kakrala,Kakrala,800848,5
Uttar Pradesh,119.0,5,Municipality,249295,3,Kalpi,Kalpi,801012,5
Uttar Pradesh,120.0,5,Municipality,248886,3,Kandhla,Kandhla,800643,5
Uttar Pradesh,121.0,5,Municipality,249259,6,Kannauj,Kannauj,800978,5
Uttar Pradesh,122.0,5,Municipality,249020,2,Khair,Khair,800764,5
Uttar Pradesh,123.0,5,Municipality,249188,1,Khairabad,Khairabad,800906,5
Uttar Pradesh,124.0,5,Municipality,249433,7,Khalilabad,Khalilabad,801149,5
Uttar Pradesh,125.0,5,Municipality,248899,3,Khatauli,Khatauli,800656,5
Uttar Pradesh,126.0,5,Municipality,297023,1,Khekada,Khekada,000000,5
Uttar Pradesh,127.0,5,Municipality,274820,2,Khoda Makanpur,Khoda Makanpur,000000,5
Uttar Pradesh,128.0,5,Municipality,249018,1,Khurja,Khurja,800762,5
Uttar Pradesh,129.0,5,Municipality,248908,3,Kiratpur,Kiratpur,800663,5
Uttar Pradesh,130.0,5,Municipality,249299,2,Konch,Konch,801016,5
Uttar Pradesh,131.0,5,Municipality,249041,2,Kosi Kalan,Kosi Kalan,800784,5
Uttar Pradesh,132.0,5,Municipality,297024,7,Kushinagar,Kushinagar,000000,5
Uttar Pradesh,133.0,5,Municipality,249191,2,Laharpur,Laharpur,800909,5
Uttar Pradesh,134.0,5,Municipality,249182,2,Lakhimpur,Lakhimpur,800900,5
Uttar Pradesh,135.0,5,Municipality,249318,3,Lalitpur,Lalitpur,801035,5
Uttar Pradesh,136.0,5,Municipality,248985,9,Loni,Loni,800733,5
Uttar Pradesh,137.0,5,Municipality,249441,6,Maharajganj,महाराजगंज,801157,5
Uttar Pradesh,138.0,5,Municipality,249194,9,Mahmudabad,Mahmudabad,800912,5
Uttar Pradesh,139.0,5,Municipality,249331,2,Mahoba,Mahoba,801048,5
Uttar Pradesh,140.0,5,Municipality,249106,5,Mainpuri,Mainpuri,800824,5
Uttar Pradesh,141.0,5,Municipality,249205,3,Mallawan,Mallawan,800923,5
Uttar Pradesh,142.0,5,Municipality,249359,21,Manjhanpur,Manjhanpur,801077,5
Uttar Pradesh,143.0,5,Municipality,249099,2,Marehra,Marehra,801263,5
Uttar Pradesh,144.0,5,Municipality,249327,4,Maudaha,Maudaha,801044,5
Uttar Pradesh,145.0,5,Municipality,249488,13,Maunath Bhanjan,मऊनाथ भंजन,801200,5
Uttar Pradesh,146.0,5,Municipality,249308,1,Mauranipur,Mauranipur,801025,5
Uttar Pradesh,147.0,5,Municipality,248961,2,Mawana,Mawana,800713,5
Uttar Pradesh,148.0,5,Municipality,248945,2,Milak,Milak,800697,5
Uttar Pradesh,149.0,5,Municipality,249540,2,Mirzapur-Cum-Vindhyachal,Mirzapur-Cum-Vindhyachal,801244,5
Uttar Pradesh,150.0,5,Municipality,249187,2,Misrikh Cum Neemsar,Misrikh Cum Neemsar,800905,5
Uttar Pradesh,151.0,5,Municipality,248981,5,Modinagar,Modinagar,800730,5
Uttar Pradesh,152.0,5,Municipality,249514,2,Mohammadabad(Gazipur),Mohammadabad(Gazipur),801224,5
Uttar Pradesh,153.0,5,Municipality,249180,4,Mohammadi,Mohammadi,800898,5
Uttar Pradesh,154.0,5,Municipality,249474,3,Mubarakpur,Mubarakpur,801188,5
Uttar Pradesh,155.0,5,Municipality,249503,10,Mungra Badshahpur,Mungra Badshahpur,801213,5
Uttar Pradesh,156.0,5,Municipality,248983,6,Muradnagar,Muradnagar,800732,5
Uttar Pradesh,157.0,5,Municipality,248895,16,Muzaffarnagar,Muzaffarnagar,800652,5
Uttar Pradesh,158.0,5,Municipality,248915,2,Nagina,Nagina,800668,5
Uttar Pradesh,159.0,5,Municipality,248905,2,Najibabad,Najibabad,800661,5
Uttar Pradesh,160.0,5,Municipality,248876,1,Nakur,Nakur,800633,5
Uttar Pradesh,161.0,5,Municipality,249408,1,Nanpara,Nanpara,801123,5
Uttar Pradesh,162.0,5,Municipality,249436,2,Nautanwa,Nautanwa,801152,5
Uttar Pradesh,163.0,5,Municipality,301389,2,Nawabganj (Bara Banki),Nawabganj,000000,5
Uttar Pradesh,164.0,5,Municipality,249154,4,Nawabganj(Bareilly),Nawabganj(Bareilly),800871,5
Uttar Pradesh,165.0,5,Municipality,249422,2,Nawabganj(Gonda),Nawabganj(Gonda),801137,5
Uttar Pradesh,166.0,5,Municipality,248920,1,Nehtaur,Nehtaur,800673,5
Uttar Pradesh,167.0,5,Municipality,248923,1,Noorpur,Noorpur,800676,5
Uttar Pradesh,168.0,5,Municipality,249297,3,Orai,Orai,801014,5
Uttar Pradesh,169.0,5,Municipality,249452,6,Padrauna,Padrauna,801167,5
Uttar Pradesh,170.0,5,Municipality,249176,1,Palia Kalan,Palia Kalan,800895,5
Uttar Pradesh,171.0,5,Municipality,249198,1,Pihani,Pihani,800916,5
Uttar Pradesh,172.0,5,Municipality,249160,2,Pilibhit,Pilibhit,800877,5
Uttar Pradesh,173.0,5,Municipality,248990,6,Pilkhuwa,Pilkhuwa,800736,5
Uttar Pradesh,174.0,5,Municipality,249167,3,Powayan,Powayan,800884,5
Uttar Pradesh,175.0,5,Municipality,249518,3,Pt Deen Dayal Nagar(Mughalsarai),Pt Deen Dayal Nagar(Mughalsarai),801227,5
Uttar Pradesh,176.0,5,Municipality,249279,4,Pukhrayan,Pukhrayan,801000,5
Uttar Pradesh,177.0,5,Municipality,249165,1,Puranpur,Puranpur,800882,5
Uttar Pradesh,178.0,5,Municipality,249241,4,Rae Bareli,Rae Bareli,800959,5
Uttar Pradesh,179.0,5,Municipality,248943,4,Rampur,Rampur,800695,5
Uttar Pradesh,180.0,5,Municipality,249495,1,Rasra,Rasra,801204,5
Uttar Pradesh,181.0,5,Municipality,249326,4,Rath,Rath,801042,5
Uttar Pradesh,182.0,5,Municipality,249547,5,Robertsganj,Robertsganj,801249,5
Uttar Pradesh,183.0,5,Municipality,249388,11,Rudauli,Rudauli,801105,5
Uttar Pradesh,184.0,5,Municipality,249123,3,Sahaswan,Sahaswan,800841,5
Uttar Pradesh,185.0,5,Municipality,248934,3,Sambhal,Sambhal,800686,5
Uttar Pradesh,186.0,5,Municipality,249301,1,Samthar,Samthar,801018,5
Uttar Pradesh,187.0,5,Municipality,249202,2,Sandi,Sandi,800920,5
Uttar Pradesh,188.0,5,Municipality,249209,5,Sandila,Sandila,800927,5
Uttar Pradesh,189.0,5,Municipality,248955,1,Sardhana,Sardhana,800707,5
Uttar Pradesh,190.0,5,Municipality,248875,1,Sarsawan,Sarsawan,800632,5
Uttar Pradesh,191.0,5,Municipality,248921,1,Seohara,Seohara,800674,5
Uttar Pradesh,192.0,5,Municipality,249197,17,Shahabad,Shahabad,800915,5
Uttar Pradesh,193.0,5,Municipality,249501,1,Shahganj,Shahganj,801211,5
Uttar Pradesh,194.0,5,Municipality,248888,3,Shamli,Shamli,800645,5
Uttar Pradesh,195.0,5,Municipality,249071,1,Shamsabad,Shamsabad,800811,5
Uttar Pradesh,196.0,5,Municipality,248918,1,Sherkot,Sherkot,800671,5
Uttar Pradesh,197.0,5,Municipality,249015,1,Shikarpur,Shikarpur,800759,5
Uttar Pradesh,198.0,5,Municipality,249082,2,Shikohabad,Shikohabad,800819,5
Uttar Pradesh,199.0,5,Municipality,249008,1,Siana,Siana,800752,5
Uttar Pradesh,200.0,5,Municipality,249427,11,Siddharth Nagar (Tetri Bazar),Siddharth Nagar (Tetri Bazar),801141,5
Uttar Pradesh,201.0,5,Municipality,249003,1,Sikandrabad,Sikandrabad,800746,5
Uttar Pradesh,202.0,5,Municipality,249033,1,Sikandra Rao,Sikandra Rao,800776,5
Uttar Pradesh,203.0,5,Municipality,249083,3,Sirsaganj,Sirsaganj,800820,5
Uttar Pradesh,204.0,5,Municipality,249438,8,Siswa Bazar,Siswa Bazar,801154,5
Uttar Pradesh,205.0,5,Municipality,249189,3,Sitapur,Sitapur,800907,5
Uttar Pradesh,206.0,5,Municipality,249084,2,Soron,Soron,801267,5
Uttar Pradesh,207.0,5,Municipality,248939,2,Suar,Suar,800691,5
Uttar Pradesh,208.0,5,Municipality,249404,3,Sultanpur,Sultanpur,801119,5
Uttar Pradesh,209.0,5,Municipality,248940,4,Tanda,टांडा,800692,5
Uttar Pradesh,210.0,5,Municipality,249396,5,Tanda (Ambedkar Nagar),टांडा,801113,5
Uttar Pradesh,211.0,5,Municipality,248925,3,Thakurdwara,Thakurdwara,800678,5
Uttar Pradesh,212.0,5,Municipality,249170,2,Tilhar,Tilhar,800887,5
Uttar Pradesh,213.0,5,Municipality,249075,3,Tundla,Tundla,800815,5
Uttar Pradesh,214.0,5,Municipality,249125,2,Ujhani,Ujhani,800843,5
Uttar Pradesh,215.0,5,Municipality,249223,2,Unnao,Unnao,800940,5
Uttar Pradesh,216.0,5,Municipality,249417,1,Utraula,Utraula,801132,5
Uttar Pradesh,217.0,5,Municipality,249516,1,Zamania,Zamania,801226,5
Uttar Pradesh,218.0,6,Notified Area Council,301242,1,Banaras Locomotive Works,बनारस लोकोमोटिव वर्क्स,000000,6
Uttar Pradesh,219.0,6,Notified Area Council,274823,10,Gnida,GNIDA,000000,6
Uttar Pradesh,220.0,6,Notified Area Council,301249,1,Grasim Industries Ltd,GRASIM INDUSTRIES LTD,000000,6
Uttar Pradesh,221.0,6,Notified Area Council,301244,1,Hindalco Industries Ltd. Renukoot,हिंडाल्को इंडस्ट्रीज़ लिमि. रेनूकूट,000000,6
Uttar Pradesh,222.0,6,Notified Area Council,301241,1,Jhansi Railway Settlement,Jhansi Railway Settlement,000000,6
Uttar Pradesh,223.0,6,Notified Area Council,301210,3,Noida,NOIDA,000000,6
Uttar Pradesh,224.0,6,Notified Area Council,301243,2,Pt. Deen Dayal Upadhyaya Nagar,पं० दीन दयाल उपाध्याय नगर,000000,6
Uttar Pradesh,225.0,6,Notified Area Council,274822,24,Yeida,YEIDA,000000,6
Uttar Pradesh,226.0,7,Town Panchayat,297922,1,Achal Ganj,Achal Ganj,,7
Uttar Pradesh,227.0,7,Town Panchayat,249268,1,Achhalda,Achhalda,800987,7
Uttar Pradesh,228.0,7,Town Panchayat,249487,1,Adari,Adari,801199,7
Uttar Pradesh,229.0,7,Town Panchayat,248974,1,Agarwal Mandi,Agarwal Mandi,800725,7
Uttar Pradesh,230.0,7,Town Panchayat,297071,4,Agawanpur,Agawanpur,000000,7
Uttar Pradesh,231.0,7,Town Panchayat,248887,4,Ailum,Ailum,800644,7
Uttar Pradesh,232.0,7,Town Panchayat,297055,2,Ait,Ait,000000,7
Uttar Pradesh,233.0,7,Town Panchayat,249357,4,Ajhuwa,Ajhuwa,801075,7
Uttar Pradesh,234.0,7,Town Panchayat,249277,7,Akbarpur,Akbarpur,800998,7
Uttar Pradesh,235.0,7,Town Panchayat,249175,2,Allahganj,Allahganj,800893,7
Uttar Pradesh,236.0,7,Town Panchayat,249131,3,Allapur,Allapur,800849,7
Uttar Pradesh,237.0,7,Town Panchayat,249088,2,Amanpur,Amanpur,801271,7
Uttar Pradesh,238.0,7,Town Panchayat,248877,1,Ambehta,Ambehta,800634,7
Uttar Pradesh,239.0,7,Town Panchayat,249402,5,Amethi(Amethi),Amethi(Amethi),801118,7
Uttar Pradesh,240.0,7,Town Panchayat,249236,3,Amethi(Lucknow),Amethi(Lucknow),800954,7
Uttar Pradesh,241.0,7,Town Panchayat,249484,4,Amila,Amila,801196,7
Uttar Pradesh,242.0,7,Town Panchayat,248975,1,Aminagar Sarai,Aminagar Sarai,800726,7
Uttar Pradesh,243.0,7,Town Panchayat,263353,2,Amraudhaa,Amraudhaa,000000,7
Uttar Pradesh,244.0,7,Town Panchayat,249439,5,Anandnagar,Anandnagar,801155,7
Uttar Pradesh,245.0,7,Town Panchayat,299053,6,Anpara,Anpara,,7
Uttar Pradesh,246.0,7,Town Panchayat,249352,2,Antu,Antu,801070,7
Uttar Pradesh,247.0,7,Town Panchayat,249398,2,Ashrafpur Kichhauchha,Ashrafpur Kichhauchha,801114,7
Uttar Pradesh,248.0,7,Town Panchayat,297623,1,Asothar,ASOTHAR,,7
Uttar Pradesh,249.0,7,Town Panchayat,249270,2,Atasu,Atasu,800989,7
Uttar Pradesh,250.0,7,Town Panchayat,249468,1,Atraulia,Atraulia,801183,7
Uttar Pradesh,251.0,7,Town Panchayat,249004,2,Aurangabad,Aurangabad,800748,7
Uttar Pradesh,252.0,7,Town Panchayat,249217,2,Auras,Auras,800934,7
Uttar Pradesh,253.0,7,Town Panchayat,249102,1,Awagarh,Awagarh,801266,7
Uttar Pradesh,254.0,7,Town Panchayat,249472,5,Azmatgarh,Azmatgarh,801187,7
Uttar Pradesh,255.0,7,Town Panchayat,249269,2,Babarpur Ajitmal,Babarpur Ajitmal,800988,7
Uttar Pradesh,256.0,7,Town Panchayat,249336,1,Baberu,Baberu,801053,7
Uttar Pradesh,257.0,7,Town Panchayat,297073,11,Babhnan Bazar,Babhnan Bazar,000000,7
Uttar Pradesh,258.0,7,Town Panchayat,263350,2,Babralaa,Babralaa,000000,7
Uttar Pradesh,259.0,7,Town Panchayat,248992,3,Babugarh,Babugarh,800738,7
Uttar Pradesh,260.0,7,Town Panchayat,249238,2,Bachhrawan,Bachhrawan,800956,7
Uttar Pradesh,261.0,7,Town Panchayat,249313,2,Bada Gaon,Bada Gaon,801029,7
Uttar Pradesh,262.0,7,Town Panchayat,249463,3,Badhani Bazar,BADHANI BAZAR,801178,7
Uttar Pradesh,263.0,7,Town Panchayat,297056,5,Badhani Chafa,Badhani Chafa,000000,7
Uttar Pradesh,264.0,7,Town Panchayat,263358,4,Badlapur,Badlapur,000000,7
Uttar Pradesh,265.0,7,Town Panchayat,297053,4,Baghnagar Urf Bakhira,Baghnagar Urf Bakhira,000000,7
Uttar Pradesh,266.0,7,Town Panchayat,249513,1,Bahadurganj,Bahadurganj,801223,7
Uttar Pradesh,267.0,7,Town Panchayat,248959,2,Bahsuma,Bahsuma,800711,7
Uttar Pradesh,268.0,7,Town Panchayat,249346,1,Bahuwa,Bahuwa,801063,7
Uttar Pradesh,269.0,7,Town Panchayat,277185,1,Bairia,Bairia,000000,7
Uttar Pradesh,270.0,7,Town Panchayat,300768,5,Baitalpur,BAITALPUR,000000,7
Uttar Pradesh,271.0,7,Town Panchayat,249046,2,Bajna,Bajna,800789,7
Uttar Pradesh,272.0,7,Town Panchayat,249265,2,Bakewar,Bakewar,800984,7
Uttar Pradesh,273.0,7,Town Panchayat,249057,1,Baldeo,Baldeo,800793,7
Uttar Pradesh,274.0,7,Town Panchayat,248889,4,Banat,Banat,800646,7
Uttar Pradesh,275.0,7,Town Panchayat,297057,2,Banda,Banda,000000,7
Uttar Pradesh,276.0,7,Town Panchayat,249380,4,Banki,Banki,801097,7
Uttar Pradesh,277.0,7,Town Panchayat,289237,15,Bankti,Bankti,000000,7
Uttar Pradesh,278.0,7,Town Panchayat,249498,2,Bansdih,Bansdih,801208,7
Uttar Pradesh,279.0,7,Town Panchayat,249448,2,Bansgaon,Bansgaon,801163,7
Uttar Pradesh,280.0,7,Town Panchayat,297048,6,Banthra,Banthra,000000,7
Uttar Pradesh,281.0,7,Town Panchayat,299018,6,Barauli,Barauli,,7
Uttar Pradesh,282.0,7,Town Panchayat,249181,2,Barbar,Barbar,800899,7
Uttar Pradesh,283.0,7,Town Panchayat,249450,7,Barhalganj,Barhalganj,801165,7
Uttar Pradesh,284.0,7,Town Panchayat,301390,2,Barhni Bazar,Barhni Bazar,000000,7
Uttar Pradesh,285.0,7,Town Panchayat,281989,2,Bariyarpur,Bariyarpur,000000,7
Uttar Pradesh,286.0,7,Town Panchayat,249161,2,Barkhera,Barkhera,800878,7
Uttar Pradesh,287.0,7,Town Panchayat,297058,4,Barnahal,Barnahal,000000,7
Uttar Pradesh,288.0,7,Town Panchayat,249043,5,Barsana,Barsana,800786,7
Uttar Pradesh,289.0,7,Town Panchayat,248870,2,Behat,Behat,800629,7
Uttar Pradesh,290.0,7,Town Panchayat,277186,2,Belhara,Belhara,000000,7
Uttar Pradesh,291.0,7,Town Panchayat,297059,2,Belhar Kala,Belhar Kala,000000,7
Uttar Pradesh,292.0,7,Town Panchayat,301014,1,Belsar,BELSAR,,7
Uttar Pradesh,293.0,7,Town Panchayat,249492,1,Belthara Road,Belthara Road,801202,7
Uttar Pradesh,294.0,7,Town Panchayat,249208,1,Beniganj,Beniganj,800926,7
Uttar Pradesh,295.0,7,Town Panchayat,249031,1,Beswan,Beswan,800774,7
Uttar Pradesh,296.0,7,Town Panchayat,249109,1,Bewar,Bewar,800827,7
Uttar Pradesh,297.0,7,Town Panchayat,249389,13,Bhadarsa,Bhadarsa,801106,7
Uttar Pradesh,298.0,7,Town Panchayat,249229,6,Bhagwant Nagar,Bhagwant Nagar,800945,7
Uttar Pradesh,299.0,7,Town Panchayat,300729,4,Bhaluani,BHALUANI,000000,7
Uttar Pradesh,300.0,7,Town Panchayat,297060,25,Bhanpur Kaswa,Bhanpur Kaswa,000000,7
Uttar Pradesh,301.0,7,Town Panchayat,297061,7,Bharatbhari,Bharatbhari,000000,7
Uttar Pradesh,302.0,7,Town Panchayat,249374,2,Bharatganj,Bharatganj,801091,7
Uttar Pradesh,303.0,7,Town Panchayat,249093,3,Bhargain,Bhargain,801276,7
Uttar Pradesh,304.0,7,Town Panchayat,249467,2,Bhatpar Rani,Bhatpar Rani,801182,7
Uttar Pradesh,305.0,7,Town Panchayat,249007,2,Bhawan Bahadur Nagar,Bhawan Bahadur Nagar,800751,7
Uttar Pradesh,306.0,7,Town Panchayat,300719,1,Bhira,BHIRA,,7
Uttar Pradesh,307.0,7,Town Panchayat,249108,1,Bhogaon,Bhogaon,800826,7
Uttar Pradesh,308.0,7,Town Panchayat,248928,3,Bhojpur Dharampur,Bhojpur Dharampur,800681,7
Uttar Pradesh,309.0,7,Town Panchayat,248902,2,Bhokarhedi,Bhokarhedi,800658,7
Uttar Pradesh,310.0,7,Town Panchayat,249267,2,Bidhuna,Bidhuna,800986,7
Uttar Pradesh,311.0,7,Town Panchayat,249228,4,Bighapur,Bighapur,800944,7
Uttar Pradesh,312.0,7,Town Panchayat,249393,2,Bikapur,Bikapur,801111,7
Uttar Pradesh,313.0,7,Town Panchayat,248997,2,Bilaspur,Bilaspur,800741,7
Uttar Pradesh,314.0,7,Town Panchayat,249085,2,Bilram,Bilram,801268,7
Uttar Pradesh,315.0,7,Town Panchayat,249163,2,Bilsanda,Bilsanda,800880,7
Uttar Pradesh,316.0,7,Town Panchayat,249338,1,Bisanda Buzurg,Bisanda Buzurg,801055,7
Uttar Pradesh,317.0,7,Town Panchayat,249144,2,Bisharatganj,Bisharatganj,800862,7
Uttar Pradesh,318.0,7,Town Panchayat,297050,12,Biskohar,Biskohar,000000,7
Uttar Pradesh,319.0,7,Town Panchayat,249285,3,Bithoor,Bithoor,801004,7
Uttar Pradesh,320.0,7,Town Panchayat,263351,13,Bkt,bakshi ka talaab,800949,7
Uttar Pradesh,321.0,7,Town Panchayat,297075,4,Boodhanpur,बूढ़नपुर,000000,7
Uttar Pradesh,322.0,7,Town Panchayat,297062,3,Brijmanganj,Brijmanganj,000000,7
Uttar Pradesh,323.0,7,Town Panchayat,248897,2,Budhana,Budhana,800654,7
Uttar Pradesh,324.0,7,Town Panchayat,249009,2,Bugrasi,Bugrasi,800753,7
Uttar Pradesh,325.0,7,Town Panchayat,297029,3,Campierganj,Campierganj,000000,7
Uttar Pradesh,326.0,7,Town Panchayat,249362,2,Chail,Chail,801080,7
Uttar Pradesh,327.0,7,Town Panchayat,249522,2,Chakia,Chakia,801231,7
Uttar Pradesh,328.0,7,Town Panchayat,249520,2,Chandauli,Chandauli,801229,7
Uttar Pradesh,329.0,7,Town Panchayat,297076,2,Chandaus,Chandaus,000000,7
Uttar Pradesh,330.0,7,Town Panchayat,248894,2,Charthaval,Charthaval,800651,7
Uttar Pradesh,331.0,7,Town Panchayat,299009,3,Charwa,Charwa,,7
Uttar Pradesh,332.0,7,Town Panchayat,298915,2,Chauk,CHAUK,,7
Uttar Pradesh,333.0,7,Town Panchayat,249045,2,Chaumuha,Chaumuha,800788,7
Uttar Pradesh,334.0,7,Town Panchayat,248969,1,Chhaprauli,Chhaprauli,800720,7
Uttar Pradesh,335.0,7,Town Panchayat,249023,1,Chharra Rafatpur,Chharra Rafatpur,800766,7
Uttar Pradesh,336.0,7,Town Panchayat,249044,1,Chhata,Chhata,800787,7
Uttar Pradesh,337.0,7,Town Panchayat,249017,1,Chhatari,Chhatari,800761,7
Uttar Pradesh,338.0,7,Town Panchayat,297077,4,Chhitauni,Chhitauni,000000,7
Uttar Pradesh,339.0,7,Town Panchayat,296986,4,Chhutmalpura,Chhutmalpura,,7
Uttar Pradesh,340.0,7,Town Panchayat,277189,7,Chirayakot,Chirayakot,000000,7
Uttar Pradesh,341.0,7,Town Panchayat,249496,2,Chitbara Gaon,Chitbara Gaon,801205,7
Uttar Pradesh,342.0,7,Town Panchayat,249549,1,Chopan,Chopan,801251,7
Uttar Pradesh,343.0,7,Town Panchayat,249548,2,Chukradhumra,Chukradhumra,801250,7
Uttar Pradesh,344.0,7,Town Panchayat,299069,1,Dadiyal,Dadiyal,,7
Uttar Pradesh,345.0,7,Town Panchayat,297063,2,Dahagwan,Dahagwan,000000,7
Uttar Pradesh,346.0,7,Town Panchayat,297044,1,Dala Bazar,Dala Bazar,000000,7
Uttar Pradesh,347.0,7,Town Panchayat,249243,2,Dalmau,Dalmau,800961,7
Uttar Pradesh,348.0,7,Town Panchayat,248998,1,Dankaur,Dankaur,800742,7
Uttar Pradesh,349.0,7,Town Panchayat,297064,12,Daranagar,Daranagar,000000,7
Uttar Pradesh,350.0,7,Town Panchayat,249385,1,Dariyabad,Dariyabad,801101,7
Uttar Pradesh,351.0,7,Town Panchayat,248989,3,Dasna,Dasna,800735,7
Uttar Pradesh,352.0,7,Town Panchayat,248956,2,Daurala,Daurala,800708,7
Uttar Pradesh,353.0,7,Town Panchayat,249060,1,Dayalbagh,Dayalbagh,800802,7
Uttar Pradesh,354.0,7,Town Panchayat,249138,3,Deoranian,Deoranian,800856,7
Uttar Pradesh,355.0,7,Town Panchayat,263348,4,Derapur,Derapur,800995,7
Uttar Pradesh,356.0,7,Town Panchayat,300772,3,Derva(Pratapgarh),DERVA(PRATAPGARH),000000,7
Uttar Pradesh,357.0,7,Town Panchayat,249378,1,Dewa,Dewa,801095,7
Uttar Pradesh,358.0,7,Town Panchayat,290251,2,Dhakia,Dhakia,,7
Uttar Pradesh,359.0,7,Town Panchayat,299013,3,Dhakwa (Pratapgarh),Dhakwa (Pratapgarh),,7
Uttar Pradesh,360.0,7,Town Panchayat,301016,2,Dhanepur,DHANEPUR,,7
Uttar Pradesh,361.0,7,Town Panchayat,301363,2,Dharamsinghwa,Dharamsinghwa,000000,7
Uttar Pradesh,362.0,7,Town Panchayat,249185,2,Dhaurahara,Dhaurahara,800903,7
Uttar Pradesh,363.0,7,Town Panchayat,249147,1,Dhaura Tanda,Dhaura Tanda,800865,7
Uttar Pradesh,364.0,7,Town Panchayat,249272,1,Dibiyapur,Dibiyapur,800991,7
Uttar Pradesh,365.0,7,Town Panchayat,249515,1,Dildarnagar Fatehpur Bazar,Dildarnagar Fatehpur Bazar,801225,7
Uttar Pradesh,366.0,7,Town Panchayat,248971,1,Doghat,Doghat,800722,7
Uttar Pradesh,367.0,7,Town Panchayat,249483,2,Dohrighat,Dohrighat,801195,7
Uttar Pradesh,368.0,7,Town Panchayat,248145,2,Domariyaganj,Domariyaganj,801144,7
Uttar Pradesh,369.0,7,Town Panchayat,249406,3,Dostpur,Dostpur,801121,7
Uttar Pradesh,370.0,7,Town Panchayat,297078,6,Duddhi,Duddhi,000000,7
Uttar Pradesh,371.0,7,Town Panchayat,249551,2,Dudhi,Dudhi,801253,7
Uttar Pradesh,372.0,7,Town Panchayat,277188,1,Eka,Eka,000000,7
Uttar Pradesh,373.0,7,Town Panchayat,249263,3,Ekdil,Ekdil,800982,7
Uttar Pradesh,374.0,7,Town Panchayat,249304,1,Erich,Erich,801021,7
Uttar Pradesh,375.0,7,Town Panchayat,249116,3,Faizganj,Faizganj,800834,7
Uttar Pradesh,376.0,7,Town Panchayat,249058,1,Farah,Farah,800794,7
Uttar Pradesh,377.0,7,Town Panchayat,248982,4,Faridnagar,Faridnagar,800731,7
Uttar Pradesh,378.0,7,Town Panchayat,249136,2,Faridpur(Bareilly),Faridpur(Bareilly),800854,7
Uttar Pradesh,379.0,7,Town Panchayat,249080,1,Fariha,Fariha,800817,7
Uttar Pradesh,380.0,7,Town Panchayat,249072,1,Fatehabad,Fatehabad,800812,7
Uttar Pradesh,381.0,7,Town Panchayat,249142,2,Fatehganj Pashchimi,Fatehganj Pashchimi,800860,7
Uttar Pradesh,382.0,7,Town Panchayat,249155,2,Fatehganj Purvi,Fatehganj Purvi,800872,7
Uttar Pradesh,383.0,7,Town Panchayat,249376,3,Fatehpur(Barabanki),Fatehpur(Barabanki),801093,7
Uttar Pradesh,384.0,7,Town Panchayat,249213,2,Fatehpur Chaurasi,Fatehpur Chaurasi,800930,7
Uttar Pradesh,385.0,7,Town Panchayat,297065,3,Fazilnagar,Fazilnagar,000000,7
Uttar Pradesh,386.0,7,Town Panchayat,297066,13,Gaayghat,Gaayghat,000000,7
Uttar Pradesh,387.0,7,Town Panchayat,298115,10,Gabhana,Gabhana,,7
Uttar Pradesh,388.0,7,Town Panchayat,300512,12,Gaisari,Gaisari,000000,7
Uttar Pradesh,389.0,7,Town Panchayat,297031,7,Ganeshpur,Ganeshpur,000000,7
Uttar Pradesh,390.0,7,Town Panchayat,249524,3,Gangapur,Gangapur,801232,7
Uttar Pradesh,391.0,7,Town Panchayat,249211,2,Ganj Muradabad,Ganj Muradabad,800928,7
Uttar Pradesh,392.0,7,Town Panchayat,249306,1,Garautha,Garautha,801023,7
Uttar Pradesh,393.0,7,Town Panchayat,248890,3,Garhi Pukhta,Garhi Pukhta,800647,7
Uttar Pradesh,394.0,7,Town Panchayat,300693,8,Garwara,GARWARA,000000,7
Uttar Pradesh,395.0,7,Town Panchayat,297034,8,Gaurabadshahpur,Gaurabadshahpur,000000,7
Uttar Pradesh,396.0,7,Town Panchayat,249458,2,Gauri Bazar,Gauri Bazar,801173,7
Uttar Pradesh,397.0,7,Town Panchayat,249112,2,Gawan,Gawan,800830,7
Uttar Pradesh,398.0,7,Town Panchayat,300750,7,Ghaghsarabazar,GHAGHSARABAZAR,000000,7
Uttar Pradesh,399.0,7,Town Panchayat,249105,1,Ghiraur,Ghiraur,800823,7
Uttar Pradesh,400.0,7,Town Panchayat,249546,2,Ghorawal,Ghorawal,801248,7
Uttar Pradesh,401.0,7,Town Panchayat,249485,2,Ghosi,Ghosi,801197,7
Uttar Pradesh,402.0,7,Town Panchayat,249539,2,Ghosia Bazar,Ghosia Bazar,801243,7
Uttar Pradesh,403.0,7,Town Panchayat,249440,2,Ghughuli,Ghughuli,801156,7
Uttar Pradesh,404.0,7,Town Panchayat,249325,1,Gohand,Gohand,801041,7
Uttar Pradesh,405.0,7,Town Panchayat,249055,1,Gokul,Gokul,800791,7
Uttar Pradesh,406.0,7,Town Panchayat,249449,7,Gola Bazar,Gola Bazar,801164,7
Uttar Pradesh,407.0,7,Town Panchayat,249200,2,Gopamau,Gopamau,800918,7
Uttar Pradesh,408.0,7,Town Panchayat,249235,2,Gosainganj (Ayodhya),Gosainganj (Ayodhya),800953,7
Uttar Pradesh,409.0,7,Town Panchayat,249392,2,Gosainganj (Lucknow),Gosainganj (Lucknow),801110,7
Uttar Pradesh,410.0,7,Town Panchayat,249050,2,Govardhan,Govardhan,800797,7
Uttar Pradesh,411.0,7,Town Panchayat,249157,2,Gularia Bhindara,Gularia Bhindara,800874,7
Uttar Pradesh,412.0,7,Town Panchayat,249128,4,Gulariya,Gulariya,800846,7
Uttar Pradesh,413.0,7,Town Panchayat,249114,2,Gunnaur,Gunnaur,800832,7
Uttar Pradesh,414.0,7,Town Panchayat,249536,5,Gyanpur,Gyanpur,801240,7
Uttar Pradesh,415.0,7,Town Panchayat,249387,2,Haidergarh,Haidergarh,801103,7
Uttar Pradesh,416.0,7,Town Panchayat,300532,1,Hainsar Bazar Dhanghata,Hainsar Bazar Dhanghata,,7
Uttar Pradesh,417.0,7,Town Panchayat,249372,2,Handia,Handia,801089,7
Uttar Pradesh,418.0,7,Town Panchayat,249024,1,Harduaganj,Harduaganj,800767,7
Uttar Pradesh,419.0,7,Town Panchayat,249190,2,Hargaon,Hargaon,800908,7
Uttar Pradesh,420.0,7,Town Panchayat,249435,2,Hariharpur,Hariharpur,801151,7
Uttar Pradesh,421.0,7,Town Panchayat,301364,1,Harra,Harra,000000,7
Uttar Pradesh,422.0,7,Town Panchayat,249429,9,Harraiya,Harraiya,801145,7
Uttar Pradesh,423.0,7,Town Panchayat,249035,2,Hasayan,Hasayan,800778,7
Uttar Pradesh,424.0,7,Town Panchayat,248960,1,Hastinapur,Hastinapur,800712,7
Uttar Pradesh,425.0,7,Town Panchayat,253113,4,Hathgam,HATHGAM,801067,7
Uttar Pradesh,426.0,7,Town Panchayat,300707,6,Heeraganj Bazaar,हीरागंज बाजार,000000,7
Uttar Pradesh,427.0,7,Town Panchayat,300779,3,Hetimpur,HETIMPUR,000000,7
Uttar Pradesh,428.0,7,Town Panchayat,249218,1,Hyderabad,Hyderabad,800935,7
Uttar Pradesh,429.0,7,Town Panchayat,249030,2,Iglas,Iglas,800773,7
Uttar Pradesh,430.0,7,Town Panchayat,249413,1,Ikauna,Ikauna,801128,7
Uttar Pradesh,431.0,7,Town Panchayat,249394,6,Iltifatganj Bazar,Iltifatganj Bazar,801112,7
Uttar Pradesh,432.0,7,Town Panchayat,249115,3,Islamnagar,Islamnagar,800833,7
Uttar Pradesh,433.0,7,Town Panchayat,249232,12,Itaunja,Itaunja,800948,7
Uttar Pradesh,434.0,7,Town Panchayat,297067,6,Itwa,Itwa,000000,7
Uttar Pradesh,435.0,7,Town Panchayat,249069,1,Jagner,Jagner,800809,7
Uttar Pradesh,436.0,7,Town Panchayat,298935,10,Jahagirganj,जहागीरगंज,,7
Uttar Pradesh,437.0,7,Town Panchayat,249159,6,Jahanabad,Jahanabad,800876,7
Uttar Pradesh,438.0,7,Town Panchayat,301253,3,Jahanaganj,Jahanaganj,000000,7
Uttar Pradesh,439.0,7,Town Panchayat,249001,1,Jahangirpur,Jahangirpur,800744,7
Uttar Pradesh,440.0,7,Town Panchayat,249096,1,Jaithara,Jaithara,801260,7
Uttar Pradesh,441.0,7,Town Panchayat,248892,6,Jalalabad(Bijnor),Jalalabad(Bijnor),800649,7
Uttar Pradesh,442.0,7,Town Panchayat,248907,2,Jalalabad(Shamli),Jalalabad(Shamli),800662,7
Uttar Pradesh,443.0,7,Town Panchayat,249026,2,Jalali,Jalali,800769,7
Uttar Pradesh,444.0,7,Town Panchayat,249511,1,Jangipur,Jangipur,801221,7
Uttar Pradesh,445.0,7,Town Panchayat,248901,2,Jansath,Jansath,800657,7
Uttar Pradesh,446.0,7,Town Panchayat,249411,1,Jarwal,Jarwal,801126,7
Uttar Pradesh,447.0,7,Town Panchayat,249081,1,Jasrana,Jasrana,800818,7
Uttar Pradesh,448.0,7,Town Panchayat,249019,2,Jatari,Jatari,800763,7
Uttar Pradesh,449.0,7,Town Panchayat,299023,7,Jawan Sikandpur,Jawan Sikandpur,,7
Uttar Pradesh,450.0,7,Town Panchayat,249002,1,Jewar,Jewar,800745,7
Uttar Pradesh,451.0,7,Town Panchayat,248913,1,Jhalu,Jhalu,800666,7
Uttar Pradesh,452.0,7,Town Panchayat,248884,3,Jhinjhana,Jhinjhana,800641,7
Uttar Pradesh,453.0,7,Town Panchayat,249471,4,Jiyanpur,Jiyanpur,801186,7
Uttar Pradesh,454.0,7,Town Panchayat,248951,1,Joya,Joya,800703,7
Uttar Pradesh,455.0,7,Town Panchayat,249104,1,Jyoti Khuria,Jyoti Khuria,800822,7
Uttar Pradesh,456.0,7,Town Panchayat,249332,1,Kabrai,Kabrai,801049,7
Uttar Pradesh,457.0,7,Town Panchayat,297068,5,Kachgaon,Kachgaon,000000,7
Uttar Pradesh,458.0,7,Town Panchayat,249207,1,Kachhauna Patseni,Kachhauna Patseni,800925,7
Uttar Pradesh,459.0,7,Town Panchayat,249124,3,Kachhla,Kachhla,800842,7
Uttar Pradesh,460.0,7,Town Panchayat,249542,1,Kachhwa,Kachhwa,801245,7
Uttar Pradesh,461.0,7,Town Panchayat,249296,2,Kadaura,Kadaura,801013,7
Uttar Pradesh,462.0,7,Town Panchayat,249407,2,Kadipur,Kadipur,801122,7
Uttar Pradesh,463.0,7,Town Panchayat,299017,8,Kaisharganj,कैसरगंज,,7
Uttar Pradesh,464.0,7,Town Panchayat,248999,1,Kakod,Kakod,800747,7
Uttar Pradesh,465.0,7,Town Panchayat,249233,2,Kakori,Kakori,800950,7
Uttar Pradesh,466.0,7,Town Panchayat,297807,2,Kalan,Kalan,,7
Uttar Pradesh,467.0,7,Town Panchayat,249164,2,Kalinagar,Kalinagar,800881,7
Uttar Pradesh,468.0,7,Town Panchayat,249252,1,Kamalganj,Kamalganj,800971,7
Uttar Pradesh,469.0,7,Town Panchayat,249247,4,Kampil,Kampil,800965,7
Uttar Pradesh,470.0,7,Town Panchayat,297864,1,Kanchausi,कन्चौसी,,7
Uttar Pradesh,471.0,7,Town Panchayat,248926,5,Kanth(Moradabad),Kanth(Moradabad),800679,7
Uttar Pradesh,472.0,7,Town Panchayat,249173,2,Kanth(Shahjhanpur),Kanth(Shahjhanpur),800891,7
Uttar Pradesh,473.0,7,Town Panchayat,297051,2,Kapilavastu,Kapilavastu,000000,7
Uttar Pradesh,474.0,7,Town Panchayat,249454,1,Kaptanganj,Kaptanganj,801169,7
Uttar Pradesh,475.0,7,Town Panchayat,298096,6,Kaptanganj Basti,Kaptanganj Basti,000000,7
Uttar Pradesh,476.0,7,Town Panchayat,249360,1,Karari,Karari,801078,7
Uttar Pradesh,477.0,7,Town Panchayat,249107,1,Karhal,Karhal,800825,7
Uttar Pradesh,478.0,7,Town Panchayat,300833,4,Karikan Dhata,KARIKAN DHATA,,7
Uttar Pradesh,479.0,7,Town Panchayat,248954,1,Karnawal,Karnawal,800706,7
Uttar Pradesh,480.0,7,Town Panchayat,297495,4,Kasba Sangrampur Urf Unwal,Kasba Sangrampur Urf Unwal,000000,7
Uttar Pradesh,481.0,7,Town Panchayat,249481,3,Katghar Lalganj,Katghar Lalganj,801193,7
Uttar Pradesh,482.0,7,Town Panchayat,249310,1,Kathera,Kathera,801027,7
Uttar Pradesh,483.0,7,Town Panchayat,249169,1,Katra,Katra,800886,7
Uttar Pradesh,484.0,7,Town Panchayat,249420,3,Katra Bazar,Katra Bazar,801135,7
Uttar Pradesh,485.0,7,Town Panchayat,300776,7,Katra Gulab Singh,कटरा गुलाब सिंह,000000,7
Uttar Pradesh,486.0,7,Town Panchayat,249355,4,Katra Medniganj,Katra Medniganj,801073,7
Uttar Pradesh,487.0,7,Town Panchayat,249027,3,Kauriaganj,Kauriaganj,800770,7
Uttar Pradesh,488.0,7,Town Panchayat,248942,1,Kemri,Kemri,800694,7
Uttar Pradesh,489.0,7,Town Panchayat,249508,1,Kerakat,Kerakat,801218,7
Uttar Pradesh,490.0,7,Town Panchayat,249451,3,Khadda,Khadda,801166,7
Uttar Pradesh,491.0,7,Town Panchayat,249348,13,Khaga,Khaga,801065,7
Uttar Pradesh,492.0,7,Town Panchayat,249070,3,Khairragarh,Khairragarh,800810,7
Uttar Pradesh,493.0,7,Town Panchayat,300839,7,Khakhareru,KHAKHARERU,,7
Uttar Pradesh,494.0,7,Town Panchayat,249538,3,Khamaria,Khamaria,801242,7
Uttar Pradesh,495.0,7,Town Panchayat,249010,1,Khanpur,Khanpur,800754,7
Uttar Pradesh,496.0,7,Town Panchayat,249329,1,Kharela,Kharela,801046,7
Uttar Pradesh,497.0,7,Town Panchayat,249418,2,Khargupur,Khargupur,801133,7
Uttar Pradesh,498.0,7,Town Panchayat,248968,1,Kharkhoda,Kharkhoda,800719,7
Uttar Pradesh,499.0,7,Town Panchayat,249183,2,Kheri,Kheri,800901,7
Uttar Pradesh,500.0,7,Town Panchayat,249502,4,Kheta Sarai,Kheta Sarai,801212,7
Uttar Pradesh,501.0,7,Town Panchayat,300652,1,Khimsepur,KHIMSEPUR,,7
Uttar Pradesh,502.0,7,Town Panchayat,297756,1,Khirauni(Suchittaganj),खिरौनी (सुचित्तागंज ),,7
Uttar Pradesh,503.0,7,Town Panchayat,297079,2,Khiwai,Khiwai,000000,7
Uttar Pradesh,504.0,7,Town Panchayat,249168,2,Khudaganj,Khudaganj,800885,7
Uttar Pradesh,505.0,7,Town Panchayat,249166,3,Khutar,Khutar,800883,7
Uttar Pradesh,506.0,7,Town Panchayat,249067,3,Kiraoli,Kiraoli,800807,7
Uttar Pradesh,507.0,7,Town Panchayat,249111,2,Kishni,Kishni,800829,7
Uttar Pradesh,508.0,7,Town Panchayat,249349,1,Kishunpur,Kishunpur,801066,7
Uttar Pradesh,509.0,7,Town Panchayat,248963,1,Kithaur,Kithaur,800715,7
Uttar Pradesh,510.0,7,Town Panchayat,249405,2,Koeripur,Koeripur,801120,7
Uttar Pradesh,511.0,7,Town Panchayat,297042,8,Kohdaur,Kohdaur,000000,7
Uttar Pradesh,512.0,7,Town Panchayat,249486,3,Kopaganj,Kopaganj,801198,7
Uttar Pradesh,513.0,7,Town Panchayat,249344,3,Kora Jahanabad,Kora Jahanabad,801061,7
Uttar Pradesh,514.0,7,Town Panchayat,249375,2,Koraon,Koraon,801092,7
Uttar Pradesh,515.0,7,Town Panchayat,249298,1,Kotra,Kotra,801015,7
Uttar Pradesh,516.0,7,Town Panchayat,249328,1,Kulpahar,Kulpahar,801045,7
Uttar Pradesh,517.0,7,Town Panchayat,297758,2,Kumarganj,कुमारगंज,,7
Uttar Pradesh,518.0,7,Town Panchayat,249351,3,Kunda,Kunda,801069,7
Uttar Pradesh,519.0,7,Town Panchayat,248930,2,Kundarki,Kundarki,800683,7
Uttar Pradesh,520.0,7,Town Panchayat,249127,2,Kunwargaon,Kunwargaon,800845,7
Uttar Pradesh,521.0,7,Town Panchayat,249103,2,Kuraoli,Kuraoli,800821,7
Uttar Pradesh,522.0,7,Town Panchayat,249321,1,Kurara,Kurara,801038,7
Uttar Pradesh,523.0,7,Town Panchayat,249216,2,Kursath (Hardoi),Kursath (Hardoi),800933,7
Uttar Pradesh,524.0,7,Town Panchayat,249206,2,Kursath (Unnao),Kursath (Unnao),800924,7
Uttar Pradesh,525.0,7,Town Panchayat,299071,6,Kurthijafarpur,Kurthijafarpur,,7
Uttar Pradesh,526.0,7,Town Panchayat,249110,1,Kusmara,Kusmara,800828,7
Uttar Pradesh,527.0,7,Town Panchayat,277531,6,Laalganj,Laalganj,000000,7
Uttar Pradesh,528.0,7,Town Panchayat,249266,2,Lakhna,Lakhna,800985,7
Uttar Pradesh,529.0,7,Town Panchayat,249242,10,Lalganj,Lalganj,800960,7
Uttar Pradesh,530.0,7,Town Panchayat,249365,3,Lal Gopal Ganj,LAL GOPAL GANJ,801083,7
Uttar Pradesh,531.0,7,Town Panchayat,297038,9,Lambhua,Lambhua,000000,7
Uttar Pradesh,532.0,7,Town Panchayat,249466,2,Lar,Lar,801181,7
Uttar Pradesh,533.0,7,Town Panchayat,248957,1,Lawar,Lawar,800709,7
Uttar Pradesh,534.0,7,Town Panchayat,300865,3,Maa Kamakhya,MAA KAMAKHYA,000000,7
Uttar Pradesh,535.0,7,Town Panchayat,249504,2,Machhlishahr,Machhlishahr,801214,7
Uttar Pradesh,536.0,7,Town Panchayat,300789,2,Madanpur,MADANPUR,000000,7
Uttar Pradesh,537.0,7,Town Panchayat,249204,1,Madhoganj,Madhoganj,800922,7
Uttar Pradesh,538.0,7,Town Panchayat,249293,2,Madhogarh,Madhogarh,801010,7
Uttar Pradesh,539.0,7,Town Panchayat,301254,3,Madhuban,Madhuban,000000,7
Uttar Pradesh,540.0,7,Town Panchayat,297033,9,Madrak,Madrak,000000,7
Uttar Pradesh,541.0,7,Town Panchayat,249434,1,Maghar,Maghar,801150,7
Uttar Pradesh,542.0,7,Town Panchayat,249056,1,Mahaban,Mahaban,800792,7
Uttar Pradesh,543.0,7,Town Panchayat,249239,6,Maharajganj(Azamgarh),Maharajganj(Azamgarh),800957,7
Uttar Pradesh,544.0,7,Town Panchayat,249469,5,Maharajganj(Raibareilly),Maharajganj(Raibareilly),801184,7
Uttar Pradesh,545.0,7,Town Panchayat,299027,3,Mahmoodpur Mafi,महमूदपुर माफ़ी,,7
Uttar Pradesh,546.0,7,Town Panchayat,249186,8,Maholi,Maholi,800904,7
Uttar Pradesh,547.0,7,Town Panchayat,249231,9,Mahona,Mahona,800947,7
Uttar Pradesh,548.0,7,Town Panchayat,249320,3,Mahroni,Mahroni,801037,7
Uttar Pradesh,549.0,7,Town Panchayat,263356,5,Mahul,Mahul,000000,7
Uttar Pradesh,550.0,7,Town Panchayat,249178,1,Mailani,Mailani,800896,7
Uttar Pradesh,551.0,7,Town Panchayat,249464,1,Majhauliraj,Majhauliraj,801179,7
Uttar Pradesh,552.0,7,Town Panchayat,297081,4,Makkhanpur,Makkhanpur,000000,7
Uttar Pradesh,553.0,7,Town Panchayat,249230,5,Malihabad,Malihabad,800946,7
Uttar Pradesh,554.0,7,Town Panchayat,248909,1,Mandawar,Mandawar,800664,7
Uttar Pradesh,555.0,7,Town Panchayat,300774,5,Mandhata(Pratapgarh),MANDHATA(PRATAPGARH),000000,7
Uttar Pradesh,556.0,7,Town Panchayat,249350,6,Manikpur(Pratapgarh),Manikpur(Pratapgarh),801068,7
Uttar Pradesh,557.0,7,Town Panchayat,249341,2,Manikpur Sarhat (Chitrakoot),Manikpur Sarhat (Chitrakoot),801058,7
Uttar Pradesh,558.0,7,Town Panchayat,249494,2,Maniyar,Maniyar,801207,7
Uttar Pradesh,559.0,7,Town Panchayat,249423,2,Mankapur,Mankapur,801138,7
Uttar Pradesh,560.0,7,Town Panchayat,249507,1,Mariahu,Mariahu,801217,7
Uttar Pradesh,561.0,7,Town Panchayat,300510,4,Martinganj,Martinganj,000000,7
Uttar Pradesh,562.0,7,Town Panchayat,248938,1,Maswasi,Maswasi,800690,7
Uttar Pradesh,563.0,7,Town Panchayat,249333,2,Mataundh,Mataundh,801050,7
Uttar Pradesh,564.0,7,Town Panchayat,300705,4,Mathauli,Mathauli,000000,7
Uttar Pradesh,565.0,7,Town Panchayat,249364,1,Mau Aima,Mau Aima,801082,7
Uttar Pradesh,566.0,7,Town Panchayat,299010,3,Mau Mustkil,MAU MUSTKIL,,7
Uttar Pradesh,567.0,7,Town Panchayat,249227,1,Maurawan,Maurawan,800943,7
Uttar Pradesh,568.0,7,Town Panchayat,248903,4,Meerapur,Meerapur,800659,7
Uttar Pradesh,569.0,7,Town Panchayat,249431,13,Mehdawal,Mehdawal,801148,7
Uttar Pradesh,570.0,7,Town Panchayat,249482,1,Mehnagar,Mehnagar,801194,7
Uttar Pradesh,571.0,7,Town Panchayat,249036,2,Mendu,Mendu,800779,7
Uttar Pradesh,572.0,7,Town Panchayat,300930,3,Mihinpurwa,Mihinpurwa,000000,7
Uttar Pradesh,573.0,7,Town Panchayat,249141,2,Mirganj,Mirganj,800859,7
Uttar Pradesh,574.0,7,Town Panchayat,300713,1,Mirhachi,Mirhachi,,7
Uttar Pradesh,575.0,7,Town Panchayat,249490,6,Mohammadabad (Farrukhabad),Mohammadabad (Farrukhabad),801201,7
Uttar Pradesh,576.0,7,Town Panchayat,249251,4,Mohammadabad Gohna,Mohammadabad Gohna,800970,7
Uttar Pradesh,577.0,7,Town Panchayat,249220,1,Mohan,Mohan,800937,7
Uttar Pradesh,578.0,7,Town Panchayat,297039,9,Mohanlalganj,Mohanlalganj,000000,7
Uttar Pradesh,579.0,7,Town Panchayat,249089,2,Mohanpur,Mohanpur,801272,7
Uttar Pradesh,580.0,7,Town Panchayat,249302,1,Moth,Moth,801019,7
Uttar Pradesh,581.0,7,Town Panchayat,249447,3,Mundera Bazar,Mundera Bazar,801162,7
Uttar Pradesh,582.0,7,Town Panchayat,298093,6,Munderwa,Munderwa,000000,7
Uttar Pradesh,583.0,7,Town Panchayat,249117,2,Mundia,Mundia,800835,7
Uttar Pradesh,584.0,7,Town Panchayat,249038,2,Mursan,Mursan,800781,7
Uttar Pradesh,585.0,7,Town Panchayat,249401,4,Musafirkhana,Musafirkhana,801117,7
Uttar Pradesh,586.0,7,Town Panchayat,297651,1,Musanagar,मूसानगर,,7
Uttar Pradesh,587.0,7,Town Panchayat,249300,1,Nadigaon,Nadigaon,801017,7
Uttar Pradesh,588.0,7,Town Panchayat,298095,8,Nagar Bazar,Nagar Bazar,000000,7
Uttar Pradesh,589.0,7,Town Panchayat,297083,2,Nagra,Nagra,000000,7
Uttar Pradesh,590.0,7,Town Panchayat,249237,2,Nagram,Nagram,800955,7
Uttar Pradesh,591.0,7,Town Panchayat,249534,2,Nai Bazar,Nai Bazar,801238,7
Uttar Pradesh,592.0,7,Town Panchayat,248880,1,Nanauta,Nanauta,800638,7
Uttar Pradesh,593.0,7,Town Panchayat,249042,1,Nandgaon,Nandgaon,800785,7
Uttar Pradesh,594.0,7,Town Panchayat,249340,6,Naraini,Naraini,801057,7
Uttar Pradesh,595.0,7,Town Panchayat,248936,3,Narauli,Narauli,800688,7
Uttar Pradesh,596.0,7,Town Panchayat,249014,3,Naraura,Naraura,800758,7
Uttar Pradesh,597.0,7,Town Panchayat,297047,2,Narpat Nagar Doondawala,Narpat Nagar Doondawala,000000,7
Uttar Pradesh,598.0,7,Town Panchayat,297084,1,Nasirabad,Nasirabad,000000,7
Uttar Pradesh,599.0,7,Town Panchayat,248949,1,Naugawan Sadat,Naugawan Sadat,800701,7
Uttar Pradesh,600.0,7,Town Panchayat,297735,6,Nawabganj,NAWABGANJ,,7
Uttar Pradesh,601.0,7,Town Panchayat,249222,2,Nawabganj (Unnao),Nawabganj (Unnao),800939,7
Uttar Pradesh,602.0,7,Town Panchayat,249437,2,Nichlaul,Nichlaul,801153,7
Uttar Pradesh,603.0,7,Town Panchayat,249100,1,Nidhauli Kalan,Nidhauli Kalan,801264,7
Uttar Pradesh,604.0,7,Town Panchayat,297085,2,Nighasan,Nighasan,000000,7
Uttar Pradesh,605.0,7,Town Panchayat,297049,4,Nigohi,Nigohi,000000,7
Uttar Pradesh,606.0,7,Town Panchayat,248978,4,Niwari,Niwari,800729,7
Uttar Pradesh,607.0,7,Town Panchayat,249478,4,Nizamabad,Nizamabad,801190,7
Uttar Pradesh,608.0,7,Town Panchayat,249158,1,Nyoria Husainpur,Nyoria Husainpur,800875,7
Uttar Pradesh,609.0,7,Town Panchayat,249221,1,Nyotini,Nyotini,800938,7
Uttar Pradesh,610.0,7,Town Panchayat,249550,1,Obra,Obra,801252,7
Uttar Pradesh,611.0,7,Town Panchayat,249184,1,Oel Dhakwa,Oel Dhakwa,800902,7
Uttar Pradesh,612.0,7,Town Panchayat,249337,1,Oran,Oran,801054,7
Uttar Pradesh,613.0,7,Town Panchayat,249416,4,Pachperwa,Pachperwa,801131,7
Uttar Pradesh,614.0,7,Town Panchayat,249016,1,Pahasu,Pahasu,800760,7
Uttar Pradesh,615.0,7,Town Panchayat,249195,1,Paintepur,Paintepur,800913,7
Uttar Pradesh,616.0,7,Town Panchayat,297046,2,Pakadia Naugawa,Pakadia Naugawa,000000,7
Uttar Pradesh,617.0,7,Town Panchayat,290250,3,Pakbara,PAKBARA,,7
Uttar Pradesh,618.0,7,Town Panchayat,249199,7,Pali (Hardoi),Pali (Hardoi),800917,7
Uttar Pradesh,619.0,7,Town Panchayat,249319,2,Pali (Lalitpur),Pali (Lalitpur),801036,7
Uttar Pradesh,620.0,7,Town Panchayat,297041,4,Paniyara,Paniyara,000000,7
Uttar Pradesh,621.0,7,Town Panchayat,301245,1,Paraspur,परसपुर,000000,7
Uttar Pradesh,622.0,7,Town Panchayat,248962,1,Parikshitgarh,Parikshitgarh,800714,7
Uttar Pradesh,623.0,7,Town Panchayat,249245,2,Parsadepur,Parsadepur,800963,7
Uttar Pradesh,624.0,7,Town Panchayat,297040,6,Partawal,Partawal,000000,7
Uttar Pradesh,625.0,7,Town Panchayat,300782,2,Pathardewa,PATHARDEWA,000000,7
Uttar Pradesh,626.0,7,Town Panchayat,249091,2,Patiyali,Patiyali,801274,7
Uttar Pradesh,627.0,7,Town Panchayat,248977,4,Patla,Patla,800728,7
Uttar Pradesh,628.0,7,Town Panchayat,249356,1,Patti,Patti,801074,7
Uttar Pradesh,629.0,7,Town Panchayat,297070,6,Payagpur,Payagpur,000000,7
Uttar Pradesh,630.0,7,Town Panchayat,248958,1,Phalauda,Phalauda,800710,7
Uttar Pradesh,631.0,7,Town Panchayat,249271,3,Phaphund,Phaphund,800990,7
Uttar Pradesh,632.0,7,Town Panchayat,249480,3,Phoolpur,फूलपुर,801192,7
Uttar Pradesh,633.0,7,Town Panchayat,249368,3,Phulpur,फूलपुर,801085,7
Uttar Pradesh,634.0,7,Town Panchayat,249028,2,Pilkhana,Pilkhana,800771,7
Uttar Pradesh,635.0,7,Town Panchayat,249073,1,Pinahat,Pinahat,800813,7
Uttar Pradesh,636.0,7,Town Panchayat,249442,6,Pipiganj,Pipiganj,801158,7
Uttar Pradesh,637.0,7,Town Panchayat,249446,4,Pipraich,Pipraich,801161,7
Uttar Pradesh,638.0,7,Town Panchayat,249553,1,Pipri,Pipri,801257,7
Uttar Pradesh,639.0,7,Town Panchayat,297045,3,Pisawa,Pisawa,000000,7
Uttar Pradesh,640.0,7,Town Panchayat,297086,3,Poorav Pashchim Shareera,Poorav Pashchim Shareera,000000,7
Uttar Pradesh,641.0,7,Town Panchayat,249354,1,Pratapgarh City,Pratapgarh City,801072,7
Uttar Pradesh,642.0,7,Town Panchayat,297087,4,Prithviganj,Prithviganj,000000,7
Uttar Pradesh,643.0,7,Town Panchayat,249034,2,Purdilnagar,Purdilnagar,800777,7
Uttar Pradesh,644.0,7,Town Panchayat,248893,3,Purquazi,Purquazi,800650,7
Uttar Pradesh,645.0,7,Town Panchayat,249226,4,Purwa,Purwa,800942,7
Uttar Pradesh,646.0,7,Town Panchayat,249000,1,Rabupura,Rabupura,800743,7
Uttar Pradesh,647.0,7,Town Panchayat,249049,2,Radhakund,Radhakund,800796,7
Uttar Pradesh,648.0,7,Town Panchayat,249094,1,Raja Ka Rampur,Raja Ka Rampur,801258,7
Uttar Pradesh,649.0,7,Town Panchayat,249343,5,Rajapur,Rajapur,801060,7
Uttar Pradesh,650.0,7,Town Panchayat,300509,4,Rajesultanpur,Rajesultanpur,000000,7
Uttar Pradesh,651.0,7,Town Panchayat,297037,2,Rajpur,Rajpur,000000,7
Uttar Pradesh,652.0,7,Town Panchayat,299012,4,Ramganj (Pratapgarh),Ramganj (Pratapgarh),,7
Uttar Pradesh,653.0,7,Town Panchayat,249453,4,Ramkola,Ramkola,801168,7
Uttar Pradesh,654.0,7,Town Panchayat,249377,4,Ramnagar,Ramnagar,801094,7
Uttar Pradesh,655.0,7,Town Panchayat,249291,1,Rampura,Rampura,801008,7
Uttar Pradesh,656.0,7,Town Panchayat,297088,6,Rampur (Jaunpur),Rampur (Jaunpur),000000,7
Uttar Pradesh,657.0,7,Town Panchayat,249459,2,Rampur Karkhana,Rampur Karkhana,801174,7
Uttar Pradesh,658.0,7,Town Panchayat,248881,2,Rampur Maniharan,Rampur Maniharan,800639,7
Uttar Pradesh,659.0,7,Town Panchayat,299081,1,Ram Sanehi Ghat,RAM SANEHI GHAT,,7
Uttar Pradesh,660.0,7,Town Panchayat,277192,10,Raniganj,Raniganj,000000,7
Uttar Pradesh,661.0,7,Town Panchayat,249309,1,Ranipur,Ranipur,801026,7
Uttar Pradesh,662.0,7,Town Panchayat,297089,2,Raniya,Raniya,000000,7
Uttar Pradesh,663.0,7,Town Panchayat,263352,4,Rasulabaad(Kanpur Dehat),Rasulabaad(Kanpur Dehat),000000,7
Uttar Pradesh,664.0,7,Town Panchayat,249219,2,Rasulabaad(Unnao),Rasulabaad(Unnao),800936,7
Uttar Pradesh,665.0,7,Town Panchayat,297820,1,Rataul,RATAUL,,7
Uttar Pradesh,666.0,7,Town Panchayat,297861,5,Ratsar Kala,Ratsar Kala,,7
Uttar Pradesh,667.0,7,Town Panchayat,249047,1,Raya,Raya,800790,7
Uttar Pradesh,668.0,7,Town Panchayat,249552,4,Renukoot,Renukoot,801254,7
Uttar Pradesh,669.0,7,Town Panchayat,249500,2,Reoti,Reoti,801210,7
Uttar Pradesh,670.0,7,Town Panchayat,249137,2,Richha,Richha,800855,7
Uttar Pradesh,671.0,7,Town Panchayat,249409,1,Risia Bazar,Risia Bazar,801124,7
Uttar Pradesh,672.0,7,Town Panchayat,249152,2,Rithora,Rithora,800869,7
Uttar Pradesh,673.0,7,Town Panchayat,249121,3,Rudayan,Rudayan,800839,7
Uttar Pradesh,674.0,7,Town Panchayat,263359,3,Rudhauli Bazar,Rudhauli Bazar,000000,7
Uttar Pradesh,675.0,7,Town Panchayat,249461,2,Rudrapur,Rudrapur,801176,7
Uttar Pradesh,676.0,7,Town Panchayat,300511,5,Rupaideeha,Rupaideeha,000000,7
Uttar Pradesh,677.0,7,Town Panchayat,249276,1,Rura,Rura,800997,7
Uttar Pradesh,678.0,7,Town Panchayat,249039,1,Sadabad,Sadabad,800782,7
Uttar Pradesh,679.0,7,Town Panchayat,249509,1,Sadat,Sadat,801219,7
Uttar Pradesh,680.0,7,Town Panchayat,249215,3,Safipur,Safipur,800932,7
Uttar Pradesh,681.0,7,Town Panchayat,248904,1,Sahanpur,Sahanpur,800660,7
Uttar Pradesh,682.0,7,Town Panchayat,248922,3,Sahaspur,Sahaspur,800675,7
Uttar Pradesh,683.0,7,Town Panchayat,249499,2,Sahatwar,Sahatwar,801209,7
Uttar Pradesh,684.0,7,Town Panchayat,249087,2,Sahawar,Sahawar,801270,7
Uttar Pradesh,685.0,7,Town Panchayat,249443,2,Sahjanwa,Sahjanwa,801159,7
Uttar Pradesh,686.0,7,Town Panchayat,249040,3,Sahpau,Sahpau,800783,7
Uttar Pradesh,687.0,7,Town Panchayat,297714,2,Said Nagli,SAID NAGLI,,7
Uttar Pradesh,688.0,7,Town Panchayat,249119,4,Saidpur(Badaun),Saidpur(Badaun),800837,7
Uttar Pradesh,689.0,7,Town Panchayat,249510,2,Saidpur(Gazipur),Saidpur(Gazipur),801220,7
Uttar Pradesh,690.0,7,Town Panchayat,297090,2,Saifani,Saifani,000000,7
Uttar Pradesh,691.0,7,Town Panchayat,249153,1,Sainthal,Sainthal,800870,7
Uttar Pradesh,692.0,7,Town Panchayat,249521,2,Saiyad Raja,Saiyad Raja,801230,7
Uttar Pradesh,693.0,7,Town Panchayat,249129,3,Sakhanu,Sakhanu,800847,7
Uttar Pradesh,694.0,7,Town Panchayat,249097,1,Sakit,Sakit,801261,7
Uttar Pradesh,695.0,7,Town Panchayat,249465,2,Salempur,Salempur,801180,7
Uttar Pradesh,696.0,7,Town Panchayat,249246,3,Salon,Salon,800964,7
Uttar Pradesh,697.0,7,Town Panchayat,249253,2,Samdhan,Samdhan,800972,7
Uttar Pradesh,698.0,7,Town Panchayat,300651,1,Sankisa Basantpur,Sankisa Basantpur,,7
Uttar Pradesh,699.0,7,Town Panchayat,249363,2,Sarai Aquil,Sarai Aquil,801081,7
Uttar Pradesh,700.0,7,Town Panchayat,249479,3,Sarai Mir,Sarai Mir,801191,7
Uttar Pradesh,701.0,7,Town Panchayat,249324,2,Sarila,Sarila,801043,7
Uttar Pradesh,702.0,7,Town Panchayat,249032,1,Sasni,Sasni,800775,7
Uttar Pradesh,703.0,7,Town Panchayat,249381,1,Satrikh,Satrikh,801098,7
Uttar Pradesh,704.0,7,Town Panchayat,249051,1,Saunkh,Saunkh,800798,7
Uttar Pradesh,705.0,7,Town Panchayat,249257,1,Saurikh,Saurikh,800976,7
Uttar Pradesh,706.0,7,Town Panchayat,248967,1,Sewalkhas,Sewalkhas,800718,7
Uttar Pradesh,707.0,7,Town Panchayat,249457,5,Sewarhi,Sewarhi,801172,7
Uttar Pradesh,708.0,7,Town Panchayat,248944,6,Shahbad,SHAHBAD,800696,7
Uttar Pradesh,709.0,7,Town Panchayat,249143,3,Shahi,Shahi,800861,7
Uttar Pradesh,710.0,7,Town Panchayat,301349,1,Shahjaganpur,Shahjaganpur,000000,7
Uttar Pradesh,711.0,7,Town Panchayat,248898,3,Shahpur,Shahpur,800655,7
Uttar Pradesh,712.0,7,Town Panchayat,297032,4,Shamshabad,Shamshabad,000000,7
Uttar Pradesh,713.0,7,Town Panchayat,249370,2,Shankargarh,Shankargarh,801088,7
Uttar Pradesh,714.0,7,Town Panchayat,249139,2,Shergarh,Shergarh,800857,7
Uttar Pradesh,715.0,7,Town Panchayat,249140,1,Shishgarh,Shishgarh,800858,7
Uttar Pradesh,716.0,7,Town Panchayat,300739,7,Shivgarh,SHIVGARH,,7
Uttar Pradesh,717.0,7,Town Panchayat,249275,1,Shivli,Shivli,800996,7
Uttar Pradesh,718.0,7,Town Panchayat,249283,2,Shivrajpur,Shivrajpur,801003,7
Uttar Pradesh,719.0,7,Town Panchayat,249426,6,Shohratgarh,Shohratgarh,801140,7
Uttar Pradesh,720.0,7,Town Panchayat,249386,1,Siddhaur,Siddhaur,801102,7
Uttar Pradesh,721.0,7,Town Panchayat,249196,3,Sidhauli,Sidhauli,800914,7
Uttar Pradesh,722.0,7,Town Panchayat,249092,4,Sidhpura,Sidhpura,801275,7
Uttar Pradesh,723.0,7,Town Panchayat,263355,2,Sikandara,Sikandara,000000,7
Uttar Pradesh,724.0,7,Town Panchayat,249493,4,Sikanderpur (Ballia),Sikanderpur (Ballia),801203,7
Uttar Pradesh,725.0,7,Town Panchayat,249255,3,Sikanderpur (Kannauj),Sikanderpur (Kannauj),800974,7
Uttar Pradesh,726.0,7,Town Panchayat,249177,1,Singahi Bhiraura,Singahi Bhiraura,800894,7
Uttar Pradesh,727.0,7,Town Panchayat,249358,2,Sirathu,Sirathu,801076,7
Uttar Pradesh,728.0,7,Town Panchayat,249146,2,Sirauli,Sirauli,800864,7
Uttar Pradesh,729.0,7,Town Panchayat,249373,2,Sirsa,Sirsa,801090,7
Uttar Pradesh,730.0,7,Town Panchayat,248933,3,Sirsi,Sirsi,800685,7
Uttar Pradesh,731.0,7,Town Panchayat,248896,2,Sisauli,Sisauli,800653,7
Uttar Pradesh,732.0,7,Town Panchayat,277139,2,Sonauli,Sonauli,000000,7
Uttar Pradesh,733.0,7,Town Panchayat,253131,2,Subeha,Subeha,801104,7
Uttar Pradesh,734.0,7,Town Panchayat,249412,7,Sukrauli,Sukrauli,801127,7
Uttar Pradesh,735.0,7,Town Panchayat,248874,2,Sultanpur Chilkana,SULTANPUR CHILKANA,800631,7
Uttar Pradesh,736.0,7,Town Panchayat,249323,2,Sumerpur,Sumerpur,801040,7
Uttar Pradesh,737.0,7,Town Panchayat,249533,2,Suriyawan,Suriyawan,801237,7
Uttar Pradesh,738.0,7,Town Panchayat,297054,4,Suwansa Bazar,Suwansa Bazar,000000,7
Uttar Pradesh,739.0,7,Town Panchayat,249061,1,Swamibagh,Swamibagh,800803,7
Uttar Pradesh,740.0,7,Town Panchayat,249317,1,Talbehat,Talbehat,801034,7
Uttar Pradesh,741.0,7,Town Panchayat,249258,1,Talgram,Talgram,800977,7
Uttar Pradesh,742.0,7,Town Panchayat,249192,3,Tambaur Cum Ahmadabad,Tambaur Cum Ahmadabad,800910,7
Uttar Pradesh,743.0,7,Town Panchayat,297036,3,Tamkuhi Raj,Tamkuhi Raj,000000,7
Uttar Pradesh,744.0,7,Town Panchayat,301012,2,Tarabganj,TARABGANJ,,7
Uttar Pradesh,745.0,7,Town Panchayat,300807,3,Tarkulwa,TARKULWA,000000,7
Uttar Pradesh,746.0,7,Town Panchayat,248891,3,Thana Bhawan,Thana Bhawan,800648,7
Uttar Pradesh,747.0,7,Town Panchayat,249151,2,Thiriya Nizamat Khan,Thiriya Nizamat Khan,800868,7
Uttar Pradesh,748.0,7,Town Panchayat,249384,1,Tikait Nagar,Tikait Nagar,801100,7
Uttar Pradesh,749.0,7,Town Panchayat,248970,1,Tikri,Tikri,800721,7
Uttar Pradesh,750.0,7,Town Panchayat,249335,3,Tindwari,Tindwari,801052,7
Uttar Pradesh,751.0,7,Town Panchayat,249260,1,Tirwaganj,Tirwaganj,800979,7
Uttar Pradesh,752.0,7,Town Panchayat,248879,1,Titron,Titron,800636,7
Uttar Pradesh,753.0,7,Town Panchayat,249307,1,Tondi Fatehpur,Tondi Fatehpur,801024,7
Uttar Pradesh,754.0,7,Town Panchayat,249415,2,Tulsipur,Tulsipur,801130,7
Uttar Pradesh,755.0,7,Town Panchayat,249214,3,Ugu,Ugu,800931,7
Uttar Pradesh,756.0,7,Town Panchayat,248953,2,Ujhari,Ujhari,800705,7
Uttar Pradesh,757.0,7,Town Panchayat,249292,3,Umri,Umri,801009,7
Uttar Pradesh,758.0,7,Town Panchayat,248927,2,Umri Kalan,Umri Kalan,800680,7
Uttar Pradesh,759.0,7,Town Panchayat,249244,1,Unchahar,Unchahar,800962,7
Uttar Pradesh,760.0,7,Town Panchayat,248883,3,Unn,Unn,800640,7
Uttar Pradesh,761.0,7,Town Panchayat,300721,15,Uruwa Bazar,URUWA BAZAR,000000,7
Uttar Pradesh,762.0,7,Town Panchayat,249133,2,Usawan,Usawan,800851,7
Uttar Pradesh,763.0,7,Town Panchayat,249134,3,Usehat,Usehat,800852,7
Uttar Pradesh,764.0,7,Town Panchayat,257826,2,Uska Bazar,Uska Bazar,801142,7
Uttar Pradesh,765.0,7,Town Panchayat,249029,1,Vijaigarh,Vijaigarh,800772,7
Uttar Pradesh,766.0,7,Town Panchayat,270654,1,Walidpur,Walidpur,000000,7
Uttar Pradesh,767.0,7,Town Panchayat,248916,1,Warhapur,Warhapur,800669,7
Uttar Pradesh,768.0,7,Town Panchayat,249120,3,Wazirganj,Wazirganj,800838,7
Uttar Pradesh,769.0,7,Town Panchayat,297091,1,Zafrabad,Zafrabad,000000,7
Uttar Pradesh,770.0,7,Town Panchayat,249382,2,Zaidpur,Zaidpur,801099,7
Uttar Pradesh,771.0,8,Cantonment Board,277255,2,Agra,Agra,800805,8
Uttar Pradesh,772.0,8,Cantonment Board,277256,2,Allahabad,Allahabad,801087,8
Uttar Pradesh,773.0,8,Cantonment Board,277288,2,Babina,Babina,801033,8
Uttar Pradesh,774.0,8,Cantonment Board,277258,2,Bareilly,Bareilly,800867,8
Uttar Pradesh,775.0,8,Cantonment Board,277263,2,Faizabad,Faizabad,801107,8
Uttar Pradesh,776.0,8,Cantonment Board,277266,2,Fategarh,Fategarh,800969,8
Uttar Pradesh,777.0,8,Cantonment Board,277293,2,Jhansi,Jhansi,801031,8
Uttar Pradesh,778.0,8,Cantonment Board,277264,2,Kanpur,Kanpur,801006,8
Uttar Pradesh,779.0,8,Cantonment Board,277269,2,Lucknow,Lucknow,800952,8
Uttar Pradesh,780.0,8,Cantonment Board,277270,2,Mathura,Mathura,800800,8
Uttar Pradesh,781.0,8,Cantonment Board,277271,2,Meerut,Meerut,800717,8
Uttar Pradesh,782.0,8,Cantonment Board,277277,2,Shahjahanpur,Shahjahanpur,800890,8
Uttar Pradesh,783.0,8,Cantonment Board,277278,2,Varanasi,Varanasi,801233,8
Uttar Pradesh,,,,,,,,,
Uttar Pradesh,"Sep 5, 2026, 6:55 PM",,,,,,,,
Uttarakhand,,,,,,(In English),(In Local),,
Uttarakhand,1.0,4,Municipal Corporation,248449,9,Almora,Almora,800327,4
Uttarakhand,2.0,4,Municipal Corporation,248430,8,Dehradun,Dehradun,800309,4
Uttarakhand,3.0,4,Municipal Corporation,248459,9,Haldwani-Cumkathgodam,Haldwani-CumKathgodam,800335,4
Uttarakhand,4.0,4,Municipal Corporation,248485,7,Haridwar,Haridwar,800359,4
Uttarakhand,5.0,4,Municipal Corporation,248441,7,Kanvnagri Kotdwar,Kanvnagri Kotdwar,800319,4
Uttarakhand,6.0,4,Municipal Corporation,248463,7,Kashipur,Kashipur,800339,4
Uttarakhand,7.0,4,Municipal Corporation,248446,7,Pithoragarh,Pithoragarh,800322,4
Uttarakhand,8.0,4,Municipal Corporation,248434,5,Rishikesh,Rishikesh,800313,4
Uttarakhand,9.0,4,Municipal Corporation,248478,6,Roorkee,Roorkee,800353,4
Uttarakhand,10.0,4,Municipal Corporation,248471,6,Rudrapur,Rudrapur,800346,4
Uttarakhand,11.0,4,Municipal Corporation,248437,14,Srinagar,Srinagar,800315,4
Uttarakhand,12.0,5,Municipality,248447,8,Bageshwar,Bageshwar,800323,5
Uttarakhand,13.0,5,Municipality,248467,3,Bajpur,Bajpur,800344,5
Uttarakhand,14.0,5,Municipality,248410,5,Barahat-Uttarkashi,Barahat-Uttarkashi,800288,5
Uttarakhand,15.0,5,Municipality,248409,3,Barkot,Barkot,800287,5
Uttarakhand,16.0,5,Municipality,259826,3,Berinag,Berinag,000000,5
Uttarakhand,17.0,5,Municipality,248456,6,Bhimtal,Bhimtal,800334,5
Uttarakhand,18.0,5,Municipality,248455,5,Bhowali,Bhowali,800333,5
Uttarakhand,19.0,5,Municipality,248423,3,Chamba,Chamba,800301,5
Uttarakhand,20.0,5,Municipality,248414,2,Chamoli Gopeshwar,Chamoli Gopeshwar,800292,5
Uttarakhand,21.0,5,Municipality,248451,3,Champawat,Champawat,800328,5
Uttarakhand,22.0,5,Municipality,262842,5,Chiniyalisaur,Chiniyalisaur,000000,5
Uttarakhand,23.0,5,Municipality,248421,5,Devprayag,Devprayag,800299,5
Uttarakhand,24.0,5,Municipality,248444,3,Dharchula,Dharchula,800320,5
Uttarakhand,25.0,5,Municipality,248445,3,Didihat,Didihat,800321,5
Uttarakhand,26.0,5,Municipality,248440,2,Dogadda,Dogadda,800318,5
Uttarakhand,27.0,5,Municipality,248433,5,Doiwala,Doiwala,800312,5
Uttarakhand,28.0,5,Municipality,248469,3,Gadarpur,Gadarpur,800348,5
Uttarakhand,29.0,5,Municipality,262883,4,Gangolihat,Gangolihat,000000,5
Uttarakhand,30.0,5,Municipality,248416,3,Gochar,Gochar,800294,5
Uttarakhand,31.0,5,Municipality,248428,3,Herbertpur,Herbertpur,800306,5
Uttarakhand,32.0,5,Municipality,248462,2,Jaspur,Jaspur,800342,5
Uttarakhand,33.0,5,Municipality,248413,2,Joshimath,Joshimath,800291,5
Uttarakhand,34.0,5,Municipality,248458,4,Kaladhungi,Kaladhungi,800337,5
Uttarakhand,35.0,5,Municipality,248417,6,Karnaprayag,Karnaprayag,800295,5
Uttarakhand,36.0,5,Municipality,248477,11,Khatima,Khatima,800352,5
Uttarakhand,37.0,5,Municipality,248474,3,Kichha,Kichha,800347,5
Uttarakhand,38.0,5,Municipality,248486,2,Laksar,Laksar,800360,5
Uttarakhand,39.0,5,Municipality,248450,3,Lohaghat,Lohaghat,800329,5
Uttarakhand,40.0,5,Municipality,248465,3,Mahua Kheraganj,Mahua Kheraganj,800340,5
Uttarakhand,41.0,5,Municipality,248482,2,Manglaur,Manglaur,800356,5
Uttarakhand,42.0,5,Municipality,248426,4,Munikireti-Dhalwala,Munikireti-Dhalwala,800303,5
Uttarakhand,43.0,5,Municipality,248429,2,Mussoorie,Mussoorie,800307,5
Uttarakhand,44.0,5,Municipality,299528,2,Nagla,Nagla,000000,5
Uttarakhand,45.0,5,Municipality,248424,3,Narendranagar,Narendranagar,800302,5
Uttarakhand,46.0,5,Municipality,248438,2,Pauri,Pauri,800316,5
Uttarakhand,47.0,5,Municipality,262841,2,Purola,Purola,000000,5
Uttarakhand,48.0,5,Municipality,248457,6,Ramnagar,Ramnagar,800336,5
Uttarakhand,49.0,5,Municipality,277190,1,Ranikhet Chiliyanaula,रानीखेत चिलियानौला,000000,5
Uttarakhand,50.0,5,Municipality,248419,14,Rudraprayag,Rudraprayag,800297,5
Uttarakhand,51.0,5,Municipality,262858,2,Shivalik Nagar,Shivalik Nagar,000000,5
Uttarakhand,52.0,5,Municipality,305322,1,Sirauli Kalan,सिरौली कलां,000000,5
Uttarakhand,53.0,5,Municipality,248476,3,Sitarganj,Sitarganj,800351,5
Uttarakhand,54.0,5,Municipality,248452,2,Tanakpur,Tanakpur,800330,5
Uttarakhand,55.0,5,Municipality,248422,4,Tehri,Tehri,800300,5
Uttarakhand,56.0,5,Municipality,248427,3,Vikasnagar,Vikasnagar,800305,5
Uttarakhand,57.0,7,Nagar Panchayat,262902,2,Augustmuni,Augustmuni,000000,7
Uttarakhand,58.0,7,Nagar Panchayat,248412,1,Badrinathpuri,Badrinathpuri,800290,7
Uttarakhand,59.0,7,Nagar Panchayat,262922,3,Banbasa,Banbasa,000000,7
Uttarakhand,60.0,7,Nagar Panchayat,262847,1,Bhagwanpur,Bhagwanpur,000000,7
Uttarakhand,61.0,7,Nagar Panchayat,274457,4,Bhikiyasain,Bhikiyasain,000000,7
Uttarakhand,62.0,7,Nagar Panchayat,277163,3,Chamiyala,Chamiyala,000000,7
Uttarakhand,63.0,7,Nagar Panchayat,297128,2,Chaukhutiya,Chaukhutiya,000000,7
Uttarakhand,64.0,7,Nagar Panchayat,299524,3,Dhandera,Dhandera,000000,7
Uttarakhand,65.0,7,Nagar Panchayat,248470,3,Dineshpur,Dineshpur,800349,7
Uttarakhand,66.0,7,Nagar Panchayat,248448,2,Dwarahat,Dwarahat,800325,7
Uttarakhand,67.0,7,Nagar Panchayat,260112,4,Gairsain,GAIRSAIN,000000,7
Uttarakhand,68.0,7,Nagar Panchayat,277164,3,Gaja,Gaja,000000,7
Uttarakhand,69.0,7,Nagar Panchayat,248411,2,Gangotri,Gangotri,800289,7
Uttarakhand,70.0,7,Nagar Panchayat,301880,2,Garhinegi,Garhinegi,000000,7
Uttarakhand,71.0,7,Nagar Panchayat,299525,7,Garud,Garud,000000,7
Uttarakhand,72.0,7,Nagar Panchayat,262832,2,Ghansali,Ghansali,000000,7
Uttarakhand,73.0,7,Nagar Panchayat,277162,2,Gularbhoj,Gularbhoj,000000,7
Uttarakhand,74.0,7,Nagar Panchayat,301881,1,Guptkashi,Guptkashi,000000,7
Uttarakhand,75.0,7,Nagar Panchayat,300431,1,Imlikhera,Imlikhera,,7
Uttarakhand,76.0,7,Nagar Panchayat,248481,3,Jhabrera,Jhabrera,800355,7
Uttarakhand,77.0,7,Nagar Panchayat,259921,5,Kapkot,Kapkot,000000,7
Uttarakhand,78.0,7,Nagar Panchayat,248418,3,Kedarnath,Kedarnath,800296,7
Uttarakhand,79.0,7,Nagar Panchayat,248468,1,Kela Khera,Kela Khera,800345,7
Uttarakhand,80.0,7,Nagar Panchayat,248420,3,Kirtinagar,Kirtinagar,800298,7
Uttarakhand,81.0,7,Nagar Panchayat,248460,1,Lalkuan,Lalkuan,800338,7
Uttarakhand,82.0,7,Nagar Panchayat,299527,3,Lalpur,Lalpur,000000,7
Uttarakhand,83.0,7,Nagar Panchayat,277183,4,Lambgaon,Lambgaon,000000,7
Uttarakhand,84.0,7,Nagar Panchayat,248483,3,Landhaura,Landhaura,800357,7
Uttarakhand,85.0,7,Nagar Panchayat,248461,1,Mahua Dabra Haripura,Mahua Dabra Haripura,800341,7
Uttarakhand,86.0,7,Nagar Panchayat,301879,1,Munsyari,,,7
Uttarakhand,87.0,7,Nagar Panchayat,275661,2,Nanakmatta,Nanakmatta,000000,7
Uttarakhand,88.0,7,Nagar Panchayat,301882,6,Nandanagar,Nandanagar,000000,7
Uttarakhand,89.0,7,Nagar Panchayat,248415,4,Nandprayag,Nandprayag,800293,7
Uttarakhand,90.0,7,Nagar Panchayat,274461,2,Naugaon,NAUGAON,000000,7
Uttarakhand,91.0,7,Nagar Panchayat,299749,2,Padali Gurjar,Padali Gurjar,000000,7
Uttarakhand,92.0,7,Nagar Panchayat,301877,1,Pati,Pati,,7
Uttarakhand,93.0,7,Nagar Panchayat,276459,2,Pipalkoti,Pipalkoti,000000,7
Uttarakhand,94.0,7,Nagar Panchayat,275670,2,Piran Kaliyar,Piran Kaliyar,000000,7
Uttarakhand,95.0,7,Nagar Panchayat,259820,3,Pokhari,Pokhari,000000,7
Uttarakhand,96.0,7,Nagar Panchayat,299529,1,Rampur,Rampur,000000,7
Uttarakhand,97.0,7,Nagar Panchayat,262882,1,Satpuli,Satpuli,000000,7
Uttarakhand,98.0,7,Nagar Panchayat,275633,2,Selaqui(Central Hope Town),Selaqui(Central Hope Town),000000,7
Uttarakhand,99.0,7,Nagar Panchayat,248475,3,Shaktigarh,Shaktigarh,800350,7
Uttarakhand,100.0,7,Nagar Panchayat,248466,3,Sultanpur,Sultanpur,800343,7
Uttarakhand,101.0,7,Nagar Panchayat,300592,1,Sultanpur-Adampur,Sultanpur -Adampur,000000,7
Uttarakhand,102.0,7,Nagar Panchayat,262843,3,Swargashram Jonk,Swargashram Jonk,000000,7
Uttarakhand,103.0,7,Nagar Panchayat,299531,3,Tapovan,Tapovan,000000,7
Uttarakhand,104.0,7,Nagar Panchayat,299532,2,Thalisain,Thalisain,000000,7
Uttarakhand,105.0,7,Nagar Panchayat,275665,4,Tharali,Tharali,000000,7
Uttarakhand,106.0,7,Nagar Panchayat,276616,1,Tilwara,TILWARA,000000,7
Uttarakhand,107.0,7,Nagar Panchayat,262901,4,Ukhimath,Ukhimath,000000,7
Uttarakhand,108.0,8,Cantonment Board,277257,1,Almora,Almora,800326,8
Uttarakhand,109.0,8,Cantonment Board,277259,3,Chakrata,Chakrata,000000,8
Uttarakhand,110.0,8,Cantonment Board,277260,1,Clement Town,Clement Town,000000,8
Uttarakhand,111.0,8,Cantonment Board,277262,1,Dehradun,Dehradun,000000,8
Uttarakhand,112.0,8,Cantonment Board,277267,3,Landaur,Landaur,000000,8
Uttarakhand,113.0,8,Cantonment Board,277268,3,Lansdowne,Lansdowne,800317,8
Uttarakhand,114.0,8,Cantonment Board,277273,1,Nainital,Nainital,000000,8
Uttarakhand,115.0,8,Cantonment Board,277275,1,Ranikhet,Ranikhet,800324,8
Uttarakhand,116.0,8,Cantonment Board,277276,1,Roorkee,Roorkee,800354,8
Uttarakhand,,,,,,,,,
Uttarakhand,"Sep 5, 2026, 6:53 PM",,,,,,,,
West Bengal,,,,,,(In English),(In Local),,
West Bengal,1.0,4,Municipal Corporation,250032,3,Asansol,Asansol,801671,4
West Bengal,2.0,4,Municipal Corporation,250145,3,Bidhannagar,Bidhannagar,801716,4
West Bengal,3.0,4,Municipal Corporation,250172,1,Chandannagar,Chandannagar,801722,4
West Bengal,4.0,4,Municipal Corporation,250034,3,Durgapur,Durgapur,801674,4
West Bengal,5.0,4,Municipal Corporation,250247,2,Howrah,হাওড়া,801740,4
West Bengal,6.0,4,Municipal Corporation,250299,2,Kolkata,Kolkata,801742,4
West Bengal,7.0,4,Municipal Corporation,249957,1,Siliguri,Siliguri,801638,4
West Bengal,8.0,5,Municipality,249958,5,Alipurduar,Alipurduar,801642,5
West Bengal,9.0,5,Municipality,250168,1,Arambag,Arambag,801724,5
West Bengal,10.0,5,Municipality,250128,2,Ashokenagar Kalyangarh,অশোকনগর কল্যাণগড়,801698,5
West Bengal,11.0,5,Municipality,250134,1,Baduria,Baduria,801706,5
West Bengal,12.0,5,Municipality,250175,1,Baidyabati,Baidyabati,801727,5
West Bengal,13.0,5,Municipality,250246,1,Bally,Bally,801739,5
West Bengal,14.0,5,Municipality,249989,1,Balurghat,Balurghat,801654,5
West Bengal,15.0,5,Municipality,250209,1,Bankura,Bankura,801733,5
West Bengal,16.0,5,Municipality,250170,1,Bansberia,Bansberia,801720,5
West Bengal,17.0,5,Municipality,250141,1,Baranagar,Baranagar,801712,5
West Bengal,18.0,5,Municipality,250135,1,Barasat,Barasat,801707,5
West Bengal,19.0,5,Municipality,250132,1,Barrackpur,Barrackpur,801702,5
West Bengal,20.0,5,Municipality,250304,1,Baruipur,Baruipur,801747,5
West Bengal,21.0,5,Municipality,250147,1,Basirhat,Basirhat,801718,5
West Bengal,22.0,5,Municipality,250001,1,Beldanga,Beldanga,801663,5
West Bengal,23.0,5,Municipality,249999,2,Berhampore,বহরমপুর,801662,5
West Bengal,24.0,5,Municipality,250173,1,Bhadreswar,Bhadreswar,801725,5
West Bengal,25.0,5,Municipality,250125,1,Bhatpara,Bhatpara,801695,5
West Bengal,26.0,5,Municipality,250100,1,Birnagar,Birnagar,801685,5
West Bengal,27.0,5,Municipality,250210,1,Bishnupur,Bishnupur,801735,5
West Bengal,28.0,5,Municipality,250028,1,Bolpur,Bolpur,801669,5
West Bengal,29.0,5,Municipality,250121,2,Bongaon,বনগাঁও,801691,5
West Bengal,30.0,5,Municipality,250301,1,Budge Budge,Budge Budge,801744,5
West Bengal,31.0,5,Municipality,289244,2,Buniadpur,Buniadpur,000000,5
West Bengal,32.0,5,Municipality,250038,2,Burdwan,বর্ধমান,801678,5
West Bengal,33.0,5,Municipality,250103,1,Chakdaha,Chakdaha,801688,5
West Bengal,34.0,5,Municipality,250174,2,Champdany,চ্যাম্পডানি,801726,5
West Bengal,35.0,5,Municipality,250226,1,Chandrakona,Chandrakona,801752,5
West Bengal,36.0,5,Municipality,250236,1,Contai,Contai,801762,5
West Bengal,37.0,5,Municipality,249975,2,Cooch Behar,কোচবিহার,801646,5
West Bengal,38.0,5,Municipality,250036,1,Dainhat,Dainhat,801676,5
West Bengal,39.0,5,Municipality,249985,1,Dalkhola,Dalkhola,801650,5
West Bengal,40.0,5,Municipality,298972,2,Dankuni,ডানকুনি,000000,5
West Bengal,41.0,5,Municipality,249946,2,Darjeeling,দার্জিলিং,801634,5
West Bengal,42.0,5,Municipality,249995,1,Dhulian,Dhulian,801657,5
West Bengal,43.0,5,Municipality,249970,1,Dhupguri,Dhupguri,801641,5
West Bengal,44.0,5,Municipality,250305,1,Diamond Harbour,Diamond Harbour,801748,5
West Bengal,45.0,5,Municipality,249977,1,Dinhata,Dinhata,801648,5
West Bengal,46.0,5,Municipality,273007,1,Domkal,Domkal,000000,5
West Bengal,47.0,5,Municipality,250027,1,Dubrajpur,Dubrajpur,801668,5
West Bengal,48.0,5,Municipality,250143,1,Dum Dum,Dum Dum,801713,5
West Bengal,49.0,5,Municipality,250235,1,Egra,Egra,801761,5
West Bengal,50.0,5,Municipality,249991,1,English Bazar,English Bazar,801656,5
West Bengal,51.0,5,Municipality,299774,1,Falakata,Falakata,000000,5
West Bengal,52.0,5,Municipality,249988,2,Gangarampore,গঙ্গারামপুর,801653,5
West Bengal,53.0,5,Municipality,250129,1,Garulia,Garulia,801699,5
West Bengal,54.0,5,Municipality,250105,2,Gayeshpur,গয়েশপুর,801690,5
West Bengal,55.0,5,Municipality,250229,1,Ghatal,Ghatal,801754,5
West Bengal,56.0,5,Municipality,250126,1,Gobardanga,Gobardanga,801696,5
West Bengal,57.0,5,Municipality,250037,1,Guskara,Guskara,801677,5
West Bengal,58.0,5,Municipality,250127,1,Habra,Habra,801697,5
West Bengal,59.0,5,Municipality,250234,1,Haldia,Haldia,801760,5
West Bengal,60.0,5,Municipality,249972,1,Haldibari,Haldibari,801643,5
West Bengal,61.0,5,Municipality,250123,1,Halisahar,Halisahar,801692,5
West Bengal,62.0,5,Municipality,273006,1,Haringhata,Haringhata,000000,5
West Bengal,63.0,5,Municipality,250171,2,Hooghly Chinsurah,হুগলি চিনসূরা,801721,5
West Bengal,64.0,5,Municipality,249982,2,Islampore,ইসলামপুর,801649,5
West Bengal,65.0,5,Municipality,249956,1,Jalpaiguri,Jalpaiguri,801640,5
West Bengal,66.0,5,Municipality,249996,1,Jangipur,Jangipur,801658,5
West Bengal,67.0,5,Municipality,250306,1,Jaynagar Mazilpur,Jaynagar Mazilpur,801749,5
West Bengal,68.0,5,Municipality,250214,1,Jhalda,Jhalda,801736,5
West Bengal,69.0,5,Municipality,250231,1,Jhargram,Jhargram,801756,5
West Bengal,70.0,5,Municipality,249997,1,Jiaganj Azimganj,Jiaganj Azimganj,801659,5
West Bengal,71.0,5,Municipality,249984,1,Kaliaganj,Kaliaganj,801652,5
West Bengal,72.0,5,Municipality,249947,1,Kalimpong,Kalimpong,801635,5
West Bengal,73.0,5,Municipality,250040,1,Kalna,Kalna,801679,5
West Bengal,74.0,5,Municipality,250104,1,Kalyani,Kalyani,801689,5
West Bengal,75.0,5,Municipality,250140,1,Kamarhati,Kamarhati,801711,5
West Bengal,76.0,5,Municipality,250122,1,Kanchrapara,Kanchrapara,801693,5
West Bengal,77.0,5,Municipality,250000,1,Kandi,Kandi,801661,5
West Bengal,78.0,5,Municipality,250035,1,Katwa,Katwa,801675,5
West Bengal,79.0,5,Municipality,250232,1,Kharagpur,Kharagpur,801757,5
West Bengal,80.0,5,Municipality,250228,1,Kharar,Kharar,801753,5
West Bengal,81.0,5,Municipality,250137,2,Khardah,খরদহ,801704,5
West Bengal,82.0,5,Municipality,250227,2,Khirpai,খিরপাই,801751,5
West Bengal,83.0,5,Municipality,250178,1,Konnagar,Konnagar,801730,5
West Bengal,84.0,5,Municipality,250096,1,Krishnanagar,Krishnanagar,801682,5
West Bengal,85.0,5,Municipality,249949,1,Kurseong,Kurseong,801637,5
West Bengal,86.0,5,Municipality,250136,1,Madhyamgram,Madhyamgram,801708,5
West Bengal,87.0,5,Municipality,250300,1,Maheshtala,Maheshtala,801743,5
West Bengal,88.0,5,Municipality,249955,1,Mal,Mal,801639,5
West Bengal,89.0,5,Municipality,249974,1,Mathabhanga,Mathabhanga,801645,5
West Bengal,90.0,5,Municipality,301103,1,Maynaguri,Maynaguri,,5
West Bengal,91.0,5,Municipality,249973,1,Mekliganj,Mekliganj,801644,5
West Bengal,92.0,5,Municipality,250039,1,Memari,Memari,801680,5
West Bengal,93.0,5,Municipality,250230,2,Midnapore,মেদিনীপুর,801755,5
West Bengal,94.0,5,Municipality,249998,1,Murshidabad,Murshidabad,801660,5
West Bengal,95.0,5,Municipality,250097,1,Nabadwip,Nabadwip,801681,5
West Bengal,96.0,5,Municipality,250124,1,Naihati,Naihati,801694,5
West Bengal,97.0,5,Municipality,253250,1,Nalhati,Nalhati,801664,5
West Bengal,98.0,5,Municipality,250139,2,New Barrackpore,নিউ ব্যারাকপুর,801709,5
West Bengal,99.0,5,Municipality,250131,2,North Barrackpore,উত্তর ব্যারাকপুর,801700,5
West Bengal,100.0,5,Municipality,250142,1,North Dum Dum,North Dum Dum,801710,5
West Bengal,101.0,5,Municipality,249990,2,Old Malda,পুরাতন মালদা,801655,5
West Bengal,102.0,5,Municipality,250138,1,Panihati,Panihati,801705,5
West Bengal,103.0,5,Municipality,253229,1,Panskura,Panskura,801758,5
West Bengal,104.0,5,Municipality,250302,1,Pujali,Pujali,801745,5
West Bengal,105.0,5,Municipality,250215,2,Purulia,পুরুলিয়া,801738,5
West Bengal,106.0,5,Municipality,250213,1,Raghunathpur,Raghunathpur,801737,5
West Bengal,107.0,5,Municipality,249983,1,Raiganj,Raiganj,801651,5
West Bengal,108.0,5,Municipality,250303,1,Rajpur Sonarpur,Rajpur Sonarpur,801746,5
West Bengal,109.0,5,Municipality,250225,1,Ramjibanpur,Ramjibanpur,801750,5
West Bengal,110.0,5,Municipality,250024,1,Rampurhat,Rampurhat,801665,5
West Bengal,111.0,5,Municipality,250101,1,Ranaghat,Ranaghat,801686,5
West Bengal,112.0,5,Municipality,250177,1,Rishra,Rishra,801729,5
West Bengal,113.0,5,Municipality,250025,1,Sainthia,Sainthia,801667,5
West Bengal,114.0,5,Municipality,250099,1,Santipur,Santipur,801683,5
West Bengal,115.0,5,Municipality,250176,1,Serampore,Serampore,801728,5
West Bengal,116.0,5,Municipality,250208,1,Sonamukhi,Sonamukhi,801734,5
West Bengal,117.0,5,Municipality,250144,1,South Dum Dum,South Dum Dum,801714,5
West Bengal,118.0,5,Municipality,250026,3,Suri,Suri,801666,5
West Bengal,119.0,5,Municipality,250148,1,Taki,Taki,801719,5
West Bengal,120.0,5,Municipality,250233,2,Tamralipta,তাম্রলিপ্ত,801759,5
West Bengal,121.0,5,Municipality,250169,1,Tarakeswar,Tarakeswar,801723,5
West Bengal,122.0,5,Municipality,250133,1,Titagarh,Titagarh,801703,5
West Bengal,123.0,5,Municipality,249976,1,Tufanganj,Tufanganj,801647,5
West Bengal,124.0,5,Municipality,250248,1,Uluberia,Uluberia,801741,5
West Bengal,125.0,5,Municipality,250179,1,Uttarpara Kotrung,Uttarpara Kotrung,801732,5
West Bengal,126.0,6,Notified area Council,250102,1,Cooper S Camp,Cooper S Camp,801687,6
West Bengal,127.0,6,Notified area Council,249948,1,Mirik,Mirik,801636,6
West Bengal,128.0,6,Notified area Council,250098,1,Taherpur,Taherpur,801684,6
West Bengal,,,,,,,,,
West Bengal,"Sep 5, 2026, 6:55 PM",,,,,,,,
